2026-04-13 13:25:26 [background-preinit] DEBUG [logging] - Logging Provider: org.jboss.logging.Slf4jLoggerProvider found via system property
2026-04-13 13:25:26 [restartedMain] INFO  [QlgvApplication] - Starting QlgvApplication using Java 17.0.12 with PID 18484 (D:\project IntelliJ Ultimate\modules-parent\qlgv\target\classes started by tranhuy in D:\project IntelliJ Ultimate\modules-parent\qlgv)
2026-04-13 13:25:26 [restartedMain] DEBUG [QlgvApplication] - Running with Spring Boot v3.5.0, Spring v6.2.7
2026-04-13 13:25:27 [restartedMain] INFO  [QlgvApplication] - No active profile set, falling back to 1 default profile: "default"
2026-04-13 13:25:31 [restartedMain] DEBUG [RxJava2OnClasspathCondition] - RxJava2 related Aspect extensions are not activated, because RxJava2 is not on the classpath.
2026-04-13 13:25:31 [restartedMain] DEBUG [ReactorOnClasspathCondition] - Reactor related Aspect extensions are not activated because Resilience4j Reactor module is not on the classpath.
2026-04-13 13:25:31 [restartedMain] DEBUG [RxJava2OnClasspathCondition] - RxJava2 related Aspect extensions are not activated, because RxJava2 is not on the classpath.
2026-04-13 13:25:31 [restartedMain] DEBUG [ReactorOnClasspathCondition] - Reactor related Aspect extensions are not activated because Resilience4j Reactor module is not on the classpath.
2026-04-13 13:25:31 [restartedMain] DEBUG [RxJava2OnClasspathCondition] - RxJava2 related Aspect extensions are not activated, because RxJava2 is not on the classpath.
2026-04-13 13:25:31 [restartedMain] DEBUG [ReactorOnClasspathCondition] - Reactor related Aspect extensions are not activated because Resilience4j Reactor module is not on the classpath.
2026-04-13 13:25:31 [restartedMain] DEBUG [RxJava2OnClasspathCondition] - RxJava2 related Aspect extensions are not activated, because RxJava2 is not on the classpath.
2026-04-13 13:25:31 [restartedMain] DEBUG [ReactorOnClasspathCondition] - Reactor related Aspect extensions are not activated because Resilience4j Reactor module is not on the classpath.
2026-04-13 13:25:31 [restartedMain] DEBUG [RxJava2OnClasspathCondition] - RxJava2 related Aspect extensions are not activated, because RxJava2 is not on the classpath.
2026-04-13 13:25:31 [restartedMain] DEBUG [ReactorOnClasspathCondition] - Reactor related Aspect extensions are not activated because Resilience4j Reactor module is not on the classpath.
2026-04-13 13:25:31 [restartedMain] DEBUG [RxJava2OnClasspathCondition] - RxJava2 related Aspect extensions are not activated, because RxJava2 is not on the classpath.
2026-04-13 13:25:31 [restartedMain] DEBUG [ReactorOnClasspathCondition] - Reactor related Aspect extensions are not activated because Resilience4j Reactor module is not on the classpath.
2026-04-13 13:25:39 [restartedMain] DEBUG [InternalLoggerFactory] - Using SLF4J as the default logging framework
2026-04-13 13:25:41 [restartedMain] WARN  [deprecation] - HHH90000025: MySQL8Dialect does not need to be specified explicitly using 'hibernate.dialect' (remove the property setting and it will be selected by default)
2026-04-13 13:25:41 [restartedMain] WARN  [deprecation] - HHH90000026: MySQL8Dialect has been deprecated; use org.hibernate.dialect.MySQLDialect instead
2026-04-13 13:25:49 [restartedMain] WARN  [JpaBaseConfiguration$JpaWebConfiguration] - spring.jpa.open-in-view is enabled by default. Therefore, database queries may be performed during view rendering. Explicitly configure spring.jpa.open-in-view to disable this warning
2026-04-13 13:25:49 [restartedMain] DEBUG [Mappings] - 
	c.c.Q.c.RedisController:
	{GET [/redis/value/{key}]}: getValue(String)
	{GET [/redis/hash/{key}]}: getHash(String)
	{GET [/redis/type/{key}]}: getKeyType(String)
	{GET [/redis/zset/{key}]}: getZSet(String)
	{GET [/redis/list/{key}]}: getList(String)
	{GET [/redis/keys]}: getAllKeys()
	{GET [/redis/keys/{pattern}]}: getKeysByPattern(String)
	{GET [/redis/ttl/{key}]}: getTTL(String)
	{DELETE [/redis/keys]}: deleteAllKeys()
	{GET [/redis/info]}: getRedisInfo()
	{DELETE [/redis/key/{key}]}: deleteKey(String)
	{GET [/redis/set/{key}]}: getSet(String)
2026-04-13 13:25:49 [restartedMain] DEBUG [Mappings] - 
	c.c.Q.c.TeacherController:
	{GET [/teachers]}: get(String,UserDto)
	{PUT [/teachers/{id}]}: update(Integer,UpdateEntityModel,String,UserDto)
	{GET [/teachers/filter]}: filter(Integer,String,String,Integer,Gender,String,String,String,String,String,UserDto)
	{DELETE [/teachers]}: delete(List,String,UserDto)
	{DELETE [/teachers/cache]}: clearCache(String,UserDto)
	{GET [/teachers/{userId}]}: getByUserId(Integer,String,UserDto)
	{GET [/teachers/paged]}: getPaged(int,int,String,String,String,UserDto)
	{GET [/teachers/{classManaging}/students]}: getStudentsByClassManaging(String,String,String,UserDto)
2026-04-13 13:25:49 [restartedMain] DEBUG [Mappings] - 
	o.s.b.a.w.s.e.BasicErrorController:
	{ [/error]}: error(HttpServletRequest)
	{ [/error], produces [text/html]}: errorHtml(HttpServletRequest,HttpServletResponse)
2026-04-13 13:25:49 [restartedMain] DEBUG [Mappings] - 'beanNameHandlerMapping' {}
2026-04-13 13:25:50 [restartedMain] DEBUG [Mappings] - 'resourceHandlerMapping' {/webjars/**=ResourceHttpRequestHandler [classpath [META-INF/resources/webjars/]], /**=ResourceHttpRequestHandler [classpath [META-INF/resources/], classpath [resources/], classpath [static/], classpath [public/], ServletContext [/]]}
2026-04-13 13:25:50 [restartedMain] WARN  [ThymeleafAutoConfiguration$DefaultTemplateResolverConfiguration] - Cannot find template location: classpath:/templates/ (please add some templates, check your Thymeleaf configuration, or set spring.thymeleaf.check-template-location=false)
2026-04-13 13:25:51 [restartedMain] DEBUG [Loggers] - Using Slf4j logging framework
2026-04-13 13:25:53 [restartedMain] WARN  [OptionalLiveReloadServer] - Unable to start LiveReload server
2026-04-13 13:25:54 [restartedMain] INFO  [QlgvApplication] - Started QlgvApplication in 29.313 seconds (process running for 30.443)
2026-04-13 13:25:54 [org.springframework.kafka.KafkaListenerEndpointContainer#0-0-C-1] WARN  [NetworkClient] - [Consumer clientId=consumer-qlgv-group-new-1, groupId=qlgv-group-new] Error while fetching metadata with correlation id 2 : {student-events=UNKNOWN_TOPIC_OR_PARTITION}
2026-04-13 13:29:57 [restartedMain] INFO  [QlgvApplication] - Starting QlgvApplication using Java 17.0.12 with PID 18484 (D:\project IntelliJ Ultimate\modules-parent\qlgv\target\classes started by tranhuy in D:\project IntelliJ Ultimate\modules-parent\qlgv)
2026-04-13 13:29:57 [restartedMain] DEBUG [QlgvApplication] - Running with Spring Boot v3.5.0, Spring v6.2.7
2026-04-13 13:29:57 [restartedMain] INFO  [QlgvApplication] - No active profile set, falling back to 1 default profile: "default"
2026-04-13 13:29:59 [restartedMain] DEBUG [RxJava2OnClasspathCondition] - RxJava2 related Aspect extensions are not activated, because RxJava2 is not on the classpath.
2026-04-13 13:29:59 [restartedMain] DEBUG [ReactorOnClasspathCondition] - Reactor related Aspect extensions are not activated because Resilience4j Reactor module is not on the classpath.
2026-04-13 13:29:59 [restartedMain] DEBUG [RxJava2OnClasspathCondition] - RxJava2 related Aspect extensions are not activated, because RxJava2 is not on the classpath.
2026-04-13 13:29:59 [restartedMain] DEBUG [ReactorOnClasspathCondition] - Reactor related Aspect extensions are not activated because Resilience4j Reactor module is not on the classpath.
2026-04-13 13:29:59 [restartedMain] DEBUG [RxJava2OnClasspathCondition] - RxJava2 related Aspect extensions are not activated, because RxJava2 is not on the classpath.
2026-04-13 13:29:59 [restartedMain] DEBUG [ReactorOnClasspathCondition] - Reactor related Aspect extensions are not activated because Resilience4j Reactor module is not on the classpath.
2026-04-13 13:29:59 [restartedMain] DEBUG [RxJava2OnClasspathCondition] - RxJava2 related Aspect extensions are not activated, because RxJava2 is not on the classpath.
2026-04-13 13:29:59 [restartedMain] DEBUG [ReactorOnClasspathCondition] - Reactor related Aspect extensions are not activated because Resilience4j Reactor module is not on the classpath.
2026-04-13 13:29:59 [restartedMain] DEBUG [RxJava2OnClasspathCondition] - RxJava2 related Aspect extensions are not activated, because RxJava2 is not on the classpath.
2026-04-13 13:29:59 [restartedMain] DEBUG [ReactorOnClasspathCondition] - Reactor related Aspect extensions are not activated because Resilience4j Reactor module is not on the classpath.
2026-04-13 13:29:59 [restartedMain] DEBUG [RxJava2OnClasspathCondition] - RxJava2 related Aspect extensions are not activated, because RxJava2 is not on the classpath.
2026-04-13 13:29:59 [restartedMain] DEBUG [ReactorOnClasspathCondition] - Reactor related Aspect extensions are not activated because Resilience4j Reactor module is not on the classpath.
2026-04-13 13:30:01 [restartedMain] WARN  [deprecation] - HHH90000025: MySQL8Dialect does not need to be specified explicitly using 'hibernate.dialect' (remove the property setting and it will be selected by default)
2026-04-13 13:30:01 [restartedMain] WARN  [deprecation] - HHH90000026: MySQL8Dialect has been deprecated; use org.hibernate.dialect.MySQLDialect instead
2026-04-13 13:30:03 [restartedMain] WARN  [JpaBaseConfiguration$JpaWebConfiguration] - spring.jpa.open-in-view is enabled by default. Therefore, database queries may be performed during view rendering. Explicitly configure spring.jpa.open-in-view to disable this warning
2026-04-13 13:30:03 [restartedMain] DEBUG [Mappings] - 
	c.c.Q.c.RedisController:
	{GET [/redis/value/{key}]}: getValue(String)
	{GET [/redis/hash/{key}]}: getHash(String)
	{GET [/redis/type/{key}]}: getKeyType(String)
	{GET [/redis/zset/{key}]}: getZSet(String)
	{GET [/redis/list/{key}]}: getList(String)
	{GET [/redis/keys]}: getAllKeys()
	{GET [/redis/keys/{pattern}]}: getKeysByPattern(String)
	{GET [/redis/ttl/{key}]}: getTTL(String)
	{DELETE [/redis/keys]}: deleteAllKeys()
	{GET [/redis/info]}: getRedisInfo()
	{DELETE [/redis/key/{key}]}: deleteKey(String)
	{GET [/redis/set/{key}]}: getSet(String)
2026-04-13 13:30:03 [restartedMain] DEBUG [Mappings] - 
	c.c.Q.c.TeacherController:
	{GET [/teachers]}: get(String,UserDto)
	{PUT [/teachers/{id}]}: update(Integer,UpdateEntityModel,String,UserDto)
	{GET [/teachers/filter]}: filter(Integer,String,String,Integer,Gender,String,String,String,String,String,UserDto)
	{DELETE [/teachers]}: delete(List,String,UserDto)
	{DELETE [/teachers/cache]}: clearCache(String,UserDto)
	{GET [/teachers/{userId}]}: getByUserId(Integer,String,UserDto)
	{GET [/teachers/paged]}: getPaged(int,int,String,String,String,UserDto)
	{GET [/teachers/{classManaging}/students]}: getStudentsByClassManaging(String,String,String,UserDto)
2026-04-13 13:30:03 [restartedMain] DEBUG [Mappings] - 
	o.s.b.a.w.s.e.BasicErrorController:
	{ [/error]}: error(HttpServletRequest)
	{ [/error], produces [text/html]}: errorHtml(HttpServletRequest,HttpServletResponse)
2026-04-13 13:30:03 [restartedMain] DEBUG [Mappings] - 'beanNameHandlerMapping' {}
2026-04-13 13:30:03 [restartedMain] DEBUG [Mappings] - 'resourceHandlerMapping' {/webjars/**=ResourceHttpRequestHandler [classpath [META-INF/resources/webjars/]], /**=ResourceHttpRequestHandler [classpath [META-INF/resources/], classpath [resources/], classpath [static/], classpath [public/], ServletContext [/]]}
2026-04-13 13:30:03 [restartedMain] WARN  [ThymeleafAutoConfiguration$DefaultTemplateResolverConfiguration] - Cannot find template location: classpath:/templates/ (please add some templates, check your Thymeleaf configuration, or set spring.thymeleaf.check-template-location=false)
2026-04-13 13:30:05 [restartedMain] WARN  [OptionalLiveReloadServer] - Unable to start LiveReload server
2026-04-13 13:30:05 [restartedMain] INFO  [QlgvApplication] - Started QlgvApplication in 7.753 seconds (process running for 281.688)
2026-04-13 13:30:07 [restartedMain] INFO  [QlgvApplication] - Starting QlgvApplication using Java 17.0.12 with PID 18484 (D:\project IntelliJ Ultimate\modules-parent\qlgv\target\classes started by tranhuy in D:\project IntelliJ Ultimate\modules-parent\qlgv)
2026-04-13 13:30:07 [restartedMain] DEBUG [QlgvApplication] - Running with Spring Boot v3.5.0, Spring v6.2.7
2026-04-13 13:30:07 [restartedMain] INFO  [QlgvApplication] - No active profile set, falling back to 1 default profile: "default"
2026-04-13 13:30:08 [restartedMain] DEBUG [RxJava2OnClasspathCondition] - RxJava2 related Aspect extensions are not activated, because RxJava2 is not on the classpath.
2026-04-13 13:30:08 [restartedMain] DEBUG [ReactorOnClasspathCondition] - Reactor related Aspect extensions are not activated because Resilience4j Reactor module is not on the classpath.
2026-04-13 13:30:08 [restartedMain] DEBUG [RxJava2OnClasspathCondition] - RxJava2 related Aspect extensions are not activated, because RxJava2 is not on the classpath.
2026-04-13 13:30:08 [restartedMain] DEBUG [ReactorOnClasspathCondition] - Reactor related Aspect extensions are not activated because Resilience4j Reactor module is not on the classpath.
2026-04-13 13:30:08 [restartedMain] DEBUG [RxJava2OnClasspathCondition] - RxJava2 related Aspect extensions are not activated, because RxJava2 is not on the classpath.
2026-04-13 13:30:08 [restartedMain] DEBUG [ReactorOnClasspathCondition] - Reactor related Aspect extensions are not activated because Resilience4j Reactor module is not on the classpath.
2026-04-13 13:30:08 [restartedMain] DEBUG [RxJava2OnClasspathCondition] - RxJava2 related Aspect extensions are not activated, because RxJava2 is not on the classpath.
2026-04-13 13:30:08 [restartedMain] DEBUG [ReactorOnClasspathCondition] - Reactor related Aspect extensions are not activated because Resilience4j Reactor module is not on the classpath.
2026-04-13 13:30:08 [restartedMain] DEBUG [RxJava2OnClasspathCondition] - RxJava2 related Aspect extensions are not activated, because RxJava2 is not on the classpath.
2026-04-13 13:30:08 [restartedMain] DEBUG [ReactorOnClasspathCondition] - Reactor related Aspect extensions are not activated because Resilience4j Reactor module is not on the classpath.
2026-04-13 13:30:08 [restartedMain] DEBUG [RxJava2OnClasspathCondition] - RxJava2 related Aspect extensions are not activated, because RxJava2 is not on the classpath.
2026-04-13 13:30:08 [restartedMain] DEBUG [ReactorOnClasspathCondition] - Reactor related Aspect extensions are not activated because Resilience4j Reactor module is not on the classpath.
2026-04-13 13:30:09 [restartedMain] WARN  [deprecation] - HHH90000025: MySQL8Dialect does not need to be specified explicitly using 'hibernate.dialect' (remove the property setting and it will be selected by default)
2026-04-13 13:30:09 [restartedMain] WARN  [deprecation] - HHH90000026: MySQL8Dialect has been deprecated; use org.hibernate.dialect.MySQLDialect instead
2026-04-13 13:30:12 [restartedMain] WARN  [JpaBaseConfiguration$JpaWebConfiguration] - spring.jpa.open-in-view is enabled by default. Therefore, database queries may be performed during view rendering. Explicitly configure spring.jpa.open-in-view to disable this warning
2026-04-13 13:30:12 [restartedMain] DEBUG [Mappings] - 
	c.c.Q.c.RedisController:
	{GET [/redis/value/{key}]}: getValue(String)
	{GET [/redis/hash/{key}]}: getHash(String)
	{GET [/redis/type/{key}]}: getKeyType(String)
	{GET [/redis/zset/{key}]}: getZSet(String)
	{GET [/redis/list/{key}]}: getList(String)
	{GET [/redis/keys]}: getAllKeys()
	{GET [/redis/keys/{pattern}]}: getKeysByPattern(String)
	{GET [/redis/ttl/{key}]}: getTTL(String)
	{DELETE [/redis/keys]}: deleteAllKeys()
	{GET [/redis/info]}: getRedisInfo()
	{DELETE [/redis/key/{key}]}: deleteKey(String)
	{GET [/redis/set/{key}]}: getSet(String)
2026-04-13 13:30:12 [restartedMain] DEBUG [Mappings] - 
	c.c.Q.c.TeacherController:
	{GET [/teachers]}: get(String,UserDto)
	{PUT [/teachers/{id}]}: update(Integer,UpdateEntityModel,String,UserDto)
	{GET [/teachers/filter]}: filter(Integer,String,String,Integer,Gender,String,String,String,String,String,UserDto)
	{DELETE [/teachers]}: delete(List,String,UserDto)
	{DELETE [/teachers/cache]}: clearCache(String,UserDto)
	{GET [/teachers/{userId}]}: getByUserId(Integer,String,UserDto)
	{GET [/teachers/paged]}: getPaged(int,int,String,String,String,UserDto)
	{GET [/teachers/{classManaging}/students]}: getStudentsByClassManaging(String,String,String,UserDto)
2026-04-13 13:30:12 [restartedMain] DEBUG [Mappings] - 
	o.s.b.a.w.s.e.BasicErrorController:
	{ [/error]}: error(HttpServletRequest)
	{ [/error], produces [text/html]}: errorHtml(HttpServletRequest,HttpServletResponse)
2026-04-13 13:30:12 [restartedMain] DEBUG [Mappings] - 'beanNameHandlerMapping' {}
2026-04-13 13:30:12 [restartedMain] DEBUG [Mappings] - 'resourceHandlerMapping' {/webjars/**=ResourceHttpRequestHandler [classpath [META-INF/resources/webjars/]], /**=ResourceHttpRequestHandler [classpath [META-INF/resources/], classpath [resources/], classpath [static/], classpath [public/], ServletContext [/]]}
2026-04-13 13:30:12 [restartedMain] WARN  [ThymeleafAutoConfiguration$DefaultTemplateResolverConfiguration] - Cannot find template location: classpath:/templates/ (please add some templates, check your Thymeleaf configuration, or set spring.thymeleaf.check-template-location=false)
2026-04-13 13:30:14 [restartedMain] WARN  [OptionalLiveReloadServer] - Unable to start LiveReload server
2026-04-13 13:30:14 [restartedMain] INFO  [QlgvApplication] - Started QlgvApplication in 7.188 seconds (process running for 290.99)
2026-04-13 13:30:17 [restartedMain] INFO  [QlgvApplication] - Starting QlgvApplication using Java 17.0.12 with PID 18484 (D:\project IntelliJ Ultimate\modules-parent\qlgv\target\classes started by tranhuy in D:\project IntelliJ Ultimate\modules-parent\qlgv)
2026-04-13 13:30:17 [restartedMain] DEBUG [QlgvApplication] - Running with Spring Boot v3.5.0, Spring v6.2.7
2026-04-13 13:30:17 [restartedMain] INFO  [QlgvApplication] - No active profile set, falling back to 1 default profile: "default"
2026-04-13 13:30:18 [restartedMain] DEBUG [RxJava2OnClasspathCondition] - RxJava2 related Aspect extensions are not activated, because RxJava2 is not on the classpath.
2026-04-13 13:30:18 [restartedMain] DEBUG [ReactorOnClasspathCondition] - Reactor related Aspect extensions are not activated because Resilience4j Reactor module is not on the classpath.
2026-04-13 13:30:18 [restartedMain] DEBUG [RxJava2OnClasspathCondition] - RxJava2 related Aspect extensions are not activated, because RxJava2 is not on the classpath.
2026-04-13 13:30:18 [restartedMain] DEBUG [ReactorOnClasspathCondition] - Reactor related Aspect extensions are not activated because Resilience4j Reactor module is not on the classpath.
2026-04-13 13:30:18 [restartedMain] DEBUG [RxJava2OnClasspathCondition] - RxJava2 related Aspect extensions are not activated, because RxJava2 is not on the classpath.
2026-04-13 13:30:18 [restartedMain] DEBUG [ReactorOnClasspathCondition] - Reactor related Aspect extensions are not activated because Resilience4j Reactor module is not on the classpath.
2026-04-13 13:30:18 [restartedMain] DEBUG [RxJava2OnClasspathCondition] - RxJava2 related Aspect extensions are not activated, because RxJava2 is not on the classpath.
2026-04-13 13:30:18 [restartedMain] DEBUG [ReactorOnClasspathCondition] - Reactor related Aspect extensions are not activated because Resilience4j Reactor module is not on the classpath.
2026-04-13 13:30:18 [restartedMain] DEBUG [RxJava2OnClasspathCondition] - RxJava2 related Aspect extensions are not activated, because RxJava2 is not on the classpath.
2026-04-13 13:30:18 [restartedMain] DEBUG [ReactorOnClasspathCondition] - Reactor related Aspect extensions are not activated because Resilience4j Reactor module is not on the classpath.
2026-04-13 13:30:18 [restartedMain] DEBUG [RxJava2OnClasspathCondition] - RxJava2 related Aspect extensions are not activated, because RxJava2 is not on the classpath.
2026-04-13 13:30:18 [restartedMain] DEBUG [ReactorOnClasspathCondition] - Reactor related Aspect extensions are not activated because Resilience4j Reactor module is not on the classpath.
2026-04-13 13:30:19 [restartedMain] WARN  [deprecation] - HHH90000025: MySQL8Dialect does not need to be specified explicitly using 'hibernate.dialect' (remove the property setting and it will be selected by default)
2026-04-13 13:30:19 [restartedMain] WARN  [deprecation] - HHH90000026: MySQL8Dialect has been deprecated; use org.hibernate.dialect.MySQLDialect instead
2026-04-13 13:30:21 [restartedMain] WARN  [JpaBaseConfiguration$JpaWebConfiguration] - spring.jpa.open-in-view is enabled by default. Therefore, database queries may be performed during view rendering. Explicitly configure spring.jpa.open-in-view to disable this warning
2026-04-13 13:30:21 [restartedMain] DEBUG [Mappings] - 
	c.c.Q.c.RedisController:
	{GET [/redis/value/{key}]}: getValue(String)
	{GET [/redis/hash/{key}]}: getHash(String)
	{GET [/redis/type/{key}]}: getKeyType(String)
	{GET [/redis/zset/{key}]}: getZSet(String)
	{GET [/redis/list/{key}]}: getList(String)
	{GET [/redis/keys]}: getAllKeys()
	{GET [/redis/keys/{pattern}]}: getKeysByPattern(String)
	{GET [/redis/ttl/{key}]}: getTTL(String)
	{DELETE [/redis/keys]}: deleteAllKeys()
	{GET [/redis/info]}: getRedisInfo()
	{DELETE [/redis/key/{key}]}: deleteKey(String)
	{GET [/redis/set/{key}]}: getSet(String)
2026-04-13 13:30:21 [restartedMain] DEBUG [Mappings] - 
	c.c.Q.c.TeacherController:
	{GET [/teachers]}: get(String,UserDto)
	{PUT [/teachers/{id}]}: update(Integer,UpdateEntityModel,String,UserDto)
	{GET [/teachers/filter]}: filter(Integer,String,String,Integer,Gender,String,String,String,String,String,UserDto)
	{DELETE [/teachers]}: delete(List,String,UserDto)
	{DELETE [/teachers/cache]}: clearCache(String,UserDto)
	{GET [/teachers/{userId}]}: getByUserId(Integer,String,UserDto)
	{GET [/teachers/paged]}: getPaged(int,int,String,String,String,UserDto)
	{GET [/teachers/{classManaging}/students]}: getStudentsByClassManaging(String,String,String,UserDto)
2026-04-13 13:30:21 [restartedMain] DEBUG [Mappings] - 
	o.s.b.a.w.s.e.BasicErrorController:
	{ [/error]}: error(HttpServletRequest)
	{ [/error], produces [text/html]}: errorHtml(HttpServletRequest,HttpServletResponse)
2026-04-13 13:30:21 [restartedMain] DEBUG [Mappings] - 'beanNameHandlerMapping' {}
2026-04-13 13:30:21 [restartedMain] DEBUG [Mappings] - 'resourceHandlerMapping' {/webjars/**=ResourceHttpRequestHandler [classpath [META-INF/resources/webjars/]], /**=ResourceHttpRequestHandler [classpath [META-INF/resources/], classpath [resources/], classpath [static/], classpath [public/], ServletContext [/]]}
2026-04-13 13:30:22 [restartedMain] WARN  [ThymeleafAutoConfiguration$DefaultTemplateResolverConfiguration] - Cannot find template location: classpath:/templates/ (please add some templates, check your Thymeleaf configuration, or set spring.thymeleaf.check-template-location=false)
2026-04-13 13:30:23 [restartedMain] WARN  [OptionalLiveReloadServer] - Unable to start LiveReload server
2026-04-13 13:30:23 [restartedMain] INFO  [QlgvApplication] - Started QlgvApplication in 6.455 seconds (process running for 299.928)
2026-04-13 13:30:26 [restartedMain] INFO  [QlgvApplication] - Starting QlgvApplication using Java 17.0.12 with PID 18484 (D:\project IntelliJ Ultimate\modules-parent\qlgv\target\classes started by tranhuy in D:\project IntelliJ Ultimate\modules-parent\qlgv)
2026-04-13 13:30:26 [restartedMain] DEBUG [QlgvApplication] - Running with Spring Boot v3.5.0, Spring v6.2.7
2026-04-13 13:30:26 [restartedMain] INFO  [QlgvApplication] - No active profile set, falling back to 1 default profile: "default"
2026-04-13 13:30:27 [restartedMain] DEBUG [RxJava2OnClasspathCondition] - RxJava2 related Aspect extensions are not activated, because RxJava2 is not on the classpath.
2026-04-13 13:30:27 [restartedMain] DEBUG [ReactorOnClasspathCondition] - Reactor related Aspect extensions are not activated because Resilience4j Reactor module is not on the classpath.
2026-04-13 13:30:27 [restartedMain] DEBUG [RxJava2OnClasspathCondition] - RxJava2 related Aspect extensions are not activated, because RxJava2 is not on the classpath.
2026-04-13 13:30:27 [restartedMain] DEBUG [ReactorOnClasspathCondition] - Reactor related Aspect extensions are not activated because Resilience4j Reactor module is not on the classpath.
2026-04-13 13:30:27 [restartedMain] DEBUG [RxJava2OnClasspathCondition] - RxJava2 related Aspect extensions are not activated, because RxJava2 is not on the classpath.
2026-04-13 13:30:27 [restartedMain] DEBUG [ReactorOnClasspathCondition] - Reactor related Aspect extensions are not activated because Resilience4j Reactor module is not on the classpath.
2026-04-13 13:30:27 [restartedMain] DEBUG [RxJava2OnClasspathCondition] - RxJava2 related Aspect extensions are not activated, because RxJava2 is not on the classpath.
2026-04-13 13:30:27 [restartedMain] DEBUG [ReactorOnClasspathCondition] - Reactor related Aspect extensions are not activated because Resilience4j Reactor module is not on the classpath.
2026-04-13 13:30:27 [restartedMain] DEBUG [RxJava2OnClasspathCondition] - RxJava2 related Aspect extensions are not activated, because RxJava2 is not on the classpath.
2026-04-13 13:30:27 [restartedMain] DEBUG [ReactorOnClasspathCondition] - Reactor related Aspect extensions are not activated because Resilience4j Reactor module is not on the classpath.
2026-04-13 13:30:27 [restartedMain] DEBUG [RxJava2OnClasspathCondition] - RxJava2 related Aspect extensions are not activated, because RxJava2 is not on the classpath.
2026-04-13 13:30:27 [restartedMain] DEBUG [ReactorOnClasspathCondition] - Reactor related Aspect extensions are not activated because Resilience4j Reactor module is not on the classpath.
2026-04-13 13:30:28 [restartedMain] WARN  [deprecation] - HHH90000025: MySQL8Dialect does not need to be specified explicitly using 'hibernate.dialect' (remove the property setting and it will be selected by default)
2026-04-13 13:30:28 [restartedMain] WARN  [deprecation] - HHH90000026: MySQL8Dialect has been deprecated; use org.hibernate.dialect.MySQLDialect instead
2026-04-13 13:30:29 [restartedMain] WARN  [JpaBaseConfiguration$JpaWebConfiguration] - spring.jpa.open-in-view is enabled by default. Therefore, database queries may be performed during view rendering. Explicitly configure spring.jpa.open-in-view to disable this warning
2026-04-13 13:30:29 [restartedMain] DEBUG [Mappings] - 
	c.c.Q.c.RedisController:
	{GET [/redis/value/{key}]}: getValue(String)
	{GET [/redis/hash/{key}]}: getHash(String)
	{GET [/redis/type/{key}]}: getKeyType(String)
	{GET [/redis/zset/{key}]}: getZSet(String)
	{GET [/redis/list/{key}]}: getList(String)
	{GET [/redis/keys]}: getAllKeys()
	{GET [/redis/keys/{pattern}]}: getKeysByPattern(String)
	{GET [/redis/ttl/{key}]}: getTTL(String)
	{DELETE [/redis/keys]}: deleteAllKeys()
	{GET [/redis/info]}: getRedisInfo()
	{DELETE [/redis/key/{key}]}: deleteKey(String)
	{GET [/redis/set/{key}]}: getSet(String)
2026-04-13 13:30:29 [restartedMain] DEBUG [Mappings] - 
	c.c.Q.c.TeacherController:
	{GET [/teachers]}: get(String,UserDto)
	{PUT [/teachers/{id}]}: update(Integer,UpdateEntityModel,String,UserDto)
	{GET [/teachers/filter]}: filter(Integer,String,String,Integer,Gender,String,String,String,String,String,UserDto)
	{DELETE [/teachers]}: delete(List,String,UserDto)
	{DELETE [/teachers/cache]}: clearCache(String,UserDto)
	{GET [/teachers/{userId}]}: getByUserId(Integer,String,UserDto)
	{GET [/teachers/paged]}: getPaged(int,int,String,String,String,UserDto)
	{GET [/teachers/{classManaging}/students]}: getStudentsByClassManaging(String,String,String,UserDto)
2026-04-13 13:30:29 [restartedMain] DEBUG [Mappings] - 
	o.s.b.a.w.s.e.BasicErrorController:
	{ [/error]}: error(HttpServletRequest)
	{ [/error], produces [text/html]}: errorHtml(HttpServletRequest,HttpServletResponse)
2026-04-13 13:30:29 [restartedMain] DEBUG [Mappings] - 'beanNameHandlerMapping' {}
2026-04-13 13:30:29 [restartedMain] DEBUG [Mappings] - 'resourceHandlerMapping' {/webjars/**=ResourceHttpRequestHandler [classpath [META-INF/resources/webjars/]], /**=ResourceHttpRequestHandler [classpath [META-INF/resources/], classpath [resources/], classpath [static/], classpath [public/], ServletContext [/]]}
2026-04-13 13:30:29 [restartedMain] WARN  [ThymeleafAutoConfiguration$DefaultTemplateResolverConfiguration] - Cannot find template location: classpath:/templates/ (please add some templates, check your Thymeleaf configuration, or set spring.thymeleaf.check-template-location=false)
2026-04-13 13:30:30 [restartedMain] WARN  [OptionalLiveReloadServer] - Unable to start LiveReload server
2026-04-13 13:30:30 [restartedMain] INFO  [QlgvApplication] - Started QlgvApplication in 4.417 seconds (process running for 306.773)
2026-04-13 13:30:32 [restartedMain] INFO  [QlgvApplication] - Starting QlgvApplication using Java 17.0.12 with PID 18484 (D:\project IntelliJ Ultimate\modules-parent\qlgv\target\classes started by tranhuy in D:\project IntelliJ Ultimate\modules-parent\qlgv)
2026-04-13 13:30:32 [restartedMain] DEBUG [QlgvApplication] - Running with Spring Boot v3.5.0, Spring v6.2.7
2026-04-13 13:30:32 [restartedMain] INFO  [QlgvApplication] - No active profile set, falling back to 1 default profile: "default"
2026-04-13 13:30:33 [restartedMain] DEBUG [RxJava2OnClasspathCondition] - RxJava2 related Aspect extensions are not activated, because RxJava2 is not on the classpath.
2026-04-13 13:30:33 [restartedMain] DEBUG [ReactorOnClasspathCondition] - Reactor related Aspect extensions are not activated because Resilience4j Reactor module is not on the classpath.
2026-04-13 13:30:33 [restartedMain] DEBUG [RxJava2OnClasspathCondition] - RxJava2 related Aspect extensions are not activated, because RxJava2 is not on the classpath.
2026-04-13 13:30:33 [restartedMain] DEBUG [ReactorOnClasspathCondition] - Reactor related Aspect extensions are not activated because Resilience4j Reactor module is not on the classpath.
2026-04-13 13:30:33 [restartedMain] DEBUG [RxJava2OnClasspathCondition] - RxJava2 related Aspect extensions are not activated, because RxJava2 is not on the classpath.
2026-04-13 13:30:33 [restartedMain] DEBUG [ReactorOnClasspathCondition] - Reactor related Aspect extensions are not activated because Resilience4j Reactor module is not on the classpath.
2026-04-13 13:30:33 [restartedMain] DEBUG [RxJava2OnClasspathCondition] - RxJava2 related Aspect extensions are not activated, because RxJava2 is not on the classpath.
2026-04-13 13:30:33 [restartedMain] DEBUG [ReactorOnClasspathCondition] - Reactor related Aspect extensions are not activated because Resilience4j Reactor module is not on the classpath.
2026-04-13 13:30:33 [restartedMain] DEBUG [RxJava2OnClasspathCondition] - RxJava2 related Aspect extensions are not activated, because RxJava2 is not on the classpath.
2026-04-13 13:30:33 [restartedMain] DEBUG [ReactorOnClasspathCondition] - Reactor related Aspect extensions are not activated because Resilience4j Reactor module is not on the classpath.
2026-04-13 13:30:33 [restartedMain] DEBUG [RxJava2OnClasspathCondition] - RxJava2 related Aspect extensions are not activated, because RxJava2 is not on the classpath.
2026-04-13 13:30:33 [restartedMain] DEBUG [ReactorOnClasspathCondition] - Reactor related Aspect extensions are not activated because Resilience4j Reactor module is not on the classpath.
2026-04-13 13:30:34 [restartedMain] WARN  [deprecation] - HHH90000025: MySQL8Dialect does not need to be specified explicitly using 'hibernate.dialect' (remove the property setting and it will be selected by default)
2026-04-13 13:30:34 [restartedMain] WARN  [deprecation] - HHH90000026: MySQL8Dialect has been deprecated; use org.hibernate.dialect.MySQLDialect instead
2026-04-13 13:30:36 [restartedMain] WARN  [JpaBaseConfiguration$JpaWebConfiguration] - spring.jpa.open-in-view is enabled by default. Therefore, database queries may be performed during view rendering. Explicitly configure spring.jpa.open-in-view to disable this warning
2026-04-13 13:30:36 [restartedMain] DEBUG [Mappings] - 
	c.c.Q.c.RedisController:
	{GET [/redis/value/{key}]}: getValue(String)
	{GET [/redis/hash/{key}]}: getHash(String)
	{GET [/redis/type/{key}]}: getKeyType(String)
	{GET [/redis/zset/{key}]}: getZSet(String)
	{GET [/redis/list/{key}]}: getList(String)
	{GET [/redis/keys]}: getAllKeys()
	{GET [/redis/keys/{pattern}]}: getKeysByPattern(String)
	{GET [/redis/ttl/{key}]}: getTTL(String)
	{DELETE [/redis/keys]}: deleteAllKeys()
	{GET [/redis/info]}: getRedisInfo()
	{DELETE [/redis/key/{key}]}: deleteKey(String)
	{GET [/redis/set/{key}]}: getSet(String)
2026-04-13 13:30:36 [restartedMain] DEBUG [Mappings] - 
	c.c.Q.c.TeacherController:
	{GET [/teachers]}: get(String,UserDto)
	{PUT [/teachers/{id}]}: update(Integer,UpdateEntityModel,String,UserDto)
	{GET [/teachers/filter]}: filter(Integer,String,String,Integer,Gender,String,String,String,String,String,UserDto)
	{DELETE [/teachers]}: delete(List,String,UserDto)
	{DELETE [/teachers/cache]}: clearCache(String,UserDto)
	{GET [/teachers/{userId}]}: getByUserId(Integer,String,UserDto)
	{GET [/teachers/paged]}: getPaged(int,int,String,String,String,UserDto)
	{GET [/teachers/{classManaging}/students]}: getStudentsByClassManaging(String,String,String,UserDto)
2026-04-13 13:30:36 [restartedMain] DEBUG [Mappings] - 
	o.s.b.a.w.s.e.BasicErrorController:
	{ [/error]}: error(HttpServletRequest)
	{ [/error], produces [text/html]}: errorHtml(HttpServletRequest,HttpServletResponse)
2026-04-13 13:30:36 [restartedMain] DEBUG [Mappings] - 'beanNameHandlerMapping' {}
2026-04-13 13:30:36 [restartedMain] DEBUG [Mappings] - 'resourceHandlerMapping' {/webjars/**=ResourceHttpRequestHandler [classpath [META-INF/resources/webjars/]], /**=ResourceHttpRequestHandler [classpath [META-INF/resources/], classpath [resources/], classpath [static/], classpath [public/], ServletContext [/]]}
2026-04-13 13:30:36 [restartedMain] WARN  [ThymeleafAutoConfiguration$DefaultTemplateResolverConfiguration] - Cannot find template location: classpath:/templates/ (please add some templates, check your Thymeleaf configuration, or set spring.thymeleaf.check-template-location=false)
2026-04-13 13:30:38 [restartedMain] WARN  [OptionalLiveReloadServer] - Unable to start LiveReload server
2026-04-13 13:30:38 [restartedMain] INFO  [QlgvApplication] - Started QlgvApplication in 5.389 seconds (process running for 314.271)
2026-04-13 13:30:40 [restartedMain] INFO  [QlgvApplication] - Starting QlgvApplication using Java 17.0.12 with PID 18484 (D:\project IntelliJ Ultimate\modules-parent\qlgv\target\classes started by tranhuy in D:\project IntelliJ Ultimate\modules-parent\qlgv)
2026-04-13 13:30:40 [restartedMain] DEBUG [QlgvApplication] - Running with Spring Boot v3.5.0, Spring v6.2.7
2026-04-13 13:30:40 [restartedMain] INFO  [QlgvApplication] - No active profile set, falling back to 1 default profile: "default"
2026-04-13 13:30:40 [restartedMain] DEBUG [RxJava2OnClasspathCondition] - RxJava2 related Aspect extensions are not activated, because RxJava2 is not on the classpath.
2026-04-13 13:30:40 [restartedMain] DEBUG [ReactorOnClasspathCondition] - Reactor related Aspect extensions are not activated because Resilience4j Reactor module is not on the classpath.
2026-04-13 13:30:40 [restartedMain] DEBUG [RxJava2OnClasspathCondition] - RxJava2 related Aspect extensions are not activated, because RxJava2 is not on the classpath.
2026-04-13 13:30:40 [restartedMain] DEBUG [ReactorOnClasspathCondition] - Reactor related Aspect extensions are not activated because Resilience4j Reactor module is not on the classpath.
2026-04-13 13:30:40 [restartedMain] DEBUG [RxJava2OnClasspathCondition] - RxJava2 related Aspect extensions are not activated, because RxJava2 is not on the classpath.
2026-04-13 13:30:40 [restartedMain] DEBUG [ReactorOnClasspathCondition] - Reactor related Aspect extensions are not activated because Resilience4j Reactor module is not on the classpath.
2026-04-13 13:30:40 [restartedMain] DEBUG [RxJava2OnClasspathCondition] - RxJava2 related Aspect extensions are not activated, because RxJava2 is not on the classpath.
2026-04-13 13:30:40 [restartedMain] DEBUG [ReactorOnClasspathCondition] - Reactor related Aspect extensions are not activated because Resilience4j Reactor module is not on the classpath.
2026-04-13 13:30:40 [restartedMain] DEBUG [RxJava2OnClasspathCondition] - RxJava2 related Aspect extensions are not activated, because RxJava2 is not on the classpath.
2026-04-13 13:30:40 [restartedMain] DEBUG [ReactorOnClasspathCondition] - Reactor related Aspect extensions are not activated because Resilience4j Reactor module is not on the classpath.
2026-04-13 13:30:40 [restartedMain] DEBUG [RxJava2OnClasspathCondition] - RxJava2 related Aspect extensions are not activated, because RxJava2 is not on the classpath.
2026-04-13 13:30:40 [restartedMain] DEBUG [ReactorOnClasspathCondition] - Reactor related Aspect extensions are not activated because Resilience4j Reactor module is not on the classpath.
2026-04-13 13:30:41 [restartedMain] WARN  [deprecation] - HHH90000025: MySQL8Dialect does not need to be specified explicitly using 'hibernate.dialect' (remove the property setting and it will be selected by default)
2026-04-13 13:30:41 [restartedMain] WARN  [deprecation] - HHH90000026: MySQL8Dialect has been deprecated; use org.hibernate.dialect.MySQLDialect instead
2026-04-13 13:30:42 [restartedMain] WARN  [JpaBaseConfiguration$JpaWebConfiguration] - spring.jpa.open-in-view is enabled by default. Therefore, database queries may be performed during view rendering. Explicitly configure spring.jpa.open-in-view to disable this warning
2026-04-13 13:30:42 [restartedMain] DEBUG [Mappings] - 
	c.c.Q.c.RedisController:
	{GET [/redis/value/{key}]}: getValue(String)
	{GET [/redis/hash/{key}]}: getHash(String)
	{GET [/redis/type/{key}]}: getKeyType(String)
	{GET [/redis/zset/{key}]}: getZSet(String)
	{GET [/redis/list/{key}]}: getList(String)
	{GET [/redis/keys]}: getAllKeys()
	{GET [/redis/keys/{pattern}]}: getKeysByPattern(String)
	{GET [/redis/ttl/{key}]}: getTTL(String)
	{DELETE [/redis/keys]}: deleteAllKeys()
	{GET [/redis/info]}: getRedisInfo()
	{DELETE [/redis/key/{key}]}: deleteKey(String)
	{GET [/redis/set/{key}]}: getSet(String)
2026-04-13 13:30:42 [restartedMain] DEBUG [Mappings] - 
	c.c.Q.c.TeacherController:
	{GET [/teachers]}: get(String,UserDto)
	{PUT [/teachers/{id}]}: update(Integer,UpdateEntityModel,String,UserDto)
	{GET [/teachers/filter]}: filter(Integer,String,String,Integer,Gender,String,String,String,String,String,UserDto)
	{DELETE [/teachers]}: delete(List,String,UserDto)
	{DELETE [/teachers/cache]}: clearCache(String,UserDto)
	{GET [/teachers/{userId}]}: getByUserId(Integer,String,UserDto)
	{GET [/teachers/paged]}: getPaged(int,int,String,String,String,UserDto)
	{GET [/teachers/{classManaging}/students]}: getStudentsByClassManaging(String,String,String,UserDto)
2026-04-13 13:30:42 [restartedMain] DEBUG [Mappings] - 
	o.s.b.a.w.s.e.BasicErrorController:
	{ [/error]}: error(HttpServletRequest)
	{ [/error], produces [text/html]}: errorHtml(HttpServletRequest,HttpServletResponse)
2026-04-13 13:30:42 [restartedMain] DEBUG [Mappings] - 'beanNameHandlerMapping' {}
2026-04-13 13:30:42 [restartedMain] DEBUG [Mappings] - 'resourceHandlerMapping' {/webjars/**=ResourceHttpRequestHandler [classpath [META-INF/resources/webjars/]], /**=ResourceHttpRequestHandler [classpath [META-INF/resources/], classpath [resources/], classpath [static/], classpath [public/], ServletContext [/]]}
2026-04-13 13:30:43 [restartedMain] WARN  [ThymeleafAutoConfiguration$DefaultTemplateResolverConfiguration] - Cannot find template location: classpath:/templates/ (please add some templates, check your Thymeleaf configuration, or set spring.thymeleaf.check-template-location=false)
2026-04-13 13:30:44 [restartedMain] WARN  [OptionalLiveReloadServer] - Unable to start LiveReload server
2026-04-13 13:30:44 [restartedMain] INFO  [QlgvApplication] - Started QlgvApplication in 4.373 seconds (process running for 320.607)
2026-04-13 13:31:15 [restartedMain] INFO  [QlgvApplication] - Starting QlgvApplication using Java 17.0.12 with PID 18484 (D:\project IntelliJ Ultimate\modules-parent\qlgv\target\classes started by tranhuy in D:\project IntelliJ Ultimate\modules-parent\qlgv)
2026-04-13 13:31:15 [restartedMain] DEBUG [QlgvApplication] - Running with Spring Boot v3.5.0, Spring v6.2.7
2026-04-13 13:31:15 [restartedMain] INFO  [QlgvApplication] - No active profile set, falling back to 1 default profile: "default"
2026-04-13 13:31:16 [restartedMain] DEBUG [RxJava2OnClasspathCondition] - RxJava2 related Aspect extensions are not activated, because RxJava2 is not on the classpath.
2026-04-13 13:31:16 [restartedMain] DEBUG [ReactorOnClasspathCondition] - Reactor related Aspect extensions are not activated because Resilience4j Reactor module is not on the classpath.
2026-04-13 13:31:16 [restartedMain] DEBUG [RxJava2OnClasspathCondition] - RxJava2 related Aspect extensions are not activated, because RxJava2 is not on the classpath.
2026-04-13 13:31:16 [restartedMain] DEBUG [ReactorOnClasspathCondition] - Reactor related Aspect extensions are not activated because Resilience4j Reactor module is not on the classpath.
2026-04-13 13:31:16 [restartedMain] DEBUG [RxJava2OnClasspathCondition] - RxJava2 related Aspect extensions are not activated, because RxJava2 is not on the classpath.
2026-04-13 13:31:16 [restartedMain] DEBUG [ReactorOnClasspathCondition] - Reactor related Aspect extensions are not activated because Resilience4j Reactor module is not on the classpath.
2026-04-13 13:31:16 [restartedMain] DEBUG [RxJava2OnClasspathCondition] - RxJava2 related Aspect extensions are not activated, because RxJava2 is not on the classpath.
2026-04-13 13:31:16 [restartedMain] DEBUG [ReactorOnClasspathCondition] - Reactor related Aspect extensions are not activated because Resilience4j Reactor module is not on the classpath.
2026-04-13 13:31:16 [restartedMain] DEBUG [RxJava2OnClasspathCondition] - RxJava2 related Aspect extensions are not activated, because RxJava2 is not on the classpath.
2026-04-13 13:31:16 [restartedMain] DEBUG [ReactorOnClasspathCondition] - Reactor related Aspect extensions are not activated because Resilience4j Reactor module is not on the classpath.
2026-04-13 13:31:16 [restartedMain] DEBUG [RxJava2OnClasspathCondition] - RxJava2 related Aspect extensions are not activated, because RxJava2 is not on the classpath.
2026-04-13 13:31:16 [restartedMain] DEBUG [ReactorOnClasspathCondition] - Reactor related Aspect extensions are not activated because Resilience4j Reactor module is not on the classpath.
2026-04-13 13:31:17 [restartedMain] WARN  [deprecation] - HHH90000025: MySQL8Dialect does not need to be specified explicitly using 'hibernate.dialect' (remove the property setting and it will be selected by default)
2026-04-13 13:31:17 [restartedMain] WARN  [deprecation] - HHH90000026: MySQL8Dialect has been deprecated; use org.hibernate.dialect.MySQLDialect instead
2026-04-13 13:31:18 [restartedMain] WARN  [JpaBaseConfiguration$JpaWebConfiguration] - spring.jpa.open-in-view is enabled by default. Therefore, database queries may be performed during view rendering. Explicitly configure spring.jpa.open-in-view to disable this warning
2026-04-13 13:31:19 [restartedMain] DEBUG [Mappings] - 
	c.c.Q.c.RedisController:
	{GET [/redis/value/{key}]}: getValue(String)
	{GET [/redis/hash/{key}]}: getHash(String)
	{GET [/redis/type/{key}]}: getKeyType(String)
	{GET [/redis/zset/{key}]}: getZSet(String)
	{GET [/redis/list/{key}]}: getList(String)
	{GET [/redis/keys]}: getAllKeys()
	{GET [/redis/keys/{pattern}]}: getKeysByPattern(String)
	{GET [/redis/ttl/{key}]}: getTTL(String)
	{DELETE [/redis/keys]}: deleteAllKeys()
	{GET [/redis/info]}: getRedisInfo()
	{DELETE [/redis/key/{key}]}: deleteKey(String)
	{GET [/redis/set/{key}]}: getSet(String)
2026-04-13 13:31:19 [restartedMain] DEBUG [Mappings] - 
	c.c.Q.c.TeacherController:
	{GET [/teachers]}: get(String,UserDto)
	{PUT [/teachers/{id}]}: update(Integer,UpdateEntityModel,String,UserDto)
	{GET [/teachers/filter]}: filter(Integer,String,String,Integer,Gender,String,String,String,String,String,UserDto)
	{DELETE [/teachers]}: delete(List,String,UserDto)
	{DELETE [/teachers/cache]}: clearCache(String,UserDto)
	{GET [/teachers/{userId}]}: getByUserId(Integer,String,UserDto)
	{GET [/teachers/paged]}: getPaged(int,int,String,String,String,UserDto)
	{GET [/teachers/{classManaging}/students]}: getStudentsByClassManaging(String,String,String,UserDto)
2026-04-13 13:31:19 [restartedMain] DEBUG [Mappings] - 
	o.s.b.a.w.s.e.BasicErrorController:
	{ [/error]}: error(HttpServletRequest)
	{ [/error], produces [text/html]}: errorHtml(HttpServletRequest,HttpServletResponse)
2026-04-13 13:31:19 [restartedMain] DEBUG [Mappings] - 'beanNameHandlerMapping' {}
2026-04-13 13:31:19 [restartedMain] DEBUG [Mappings] - 'resourceHandlerMapping' {/webjars/**=ResourceHttpRequestHandler [classpath [META-INF/resources/webjars/]], /**=ResourceHttpRequestHandler [classpath [META-INF/resources/], classpath [resources/], classpath [static/], classpath [public/], ServletContext [/]]}
2026-04-13 13:31:19 [restartedMain] WARN  [ThymeleafAutoConfiguration$DefaultTemplateResolverConfiguration] - Cannot find template location: classpath:/templates/ (please add some templates, check your Thymeleaf configuration, or set spring.thymeleaf.check-template-location=false)
2026-04-13 13:31:20 [restartedMain] WARN  [OptionalLiveReloadServer] - Unable to start LiveReload server
2026-04-13 13:31:20 [restartedMain] INFO  [QlgvApplication] - Started QlgvApplication in 5.416 seconds (process running for 356.821)
2026-04-13 13:31:22 [restartedMain] INFO  [QlgvApplication] - Starting QlgvApplication using Java 17.0.12 with PID 18484 (D:\project IntelliJ Ultimate\modules-parent\qlgv\target\classes started by tranhuy in D:\project IntelliJ Ultimate\modules-parent\qlgv)
2026-04-13 13:31:22 [restartedMain] DEBUG [QlgvApplication] - Running with Spring Boot v3.5.0, Spring v6.2.7
2026-04-13 13:31:22 [restartedMain] INFO  [QlgvApplication] - No active profile set, falling back to 1 default profile: "default"
2026-04-13 13:31:23 [restartedMain] DEBUG [RxJava2OnClasspathCondition] - RxJava2 related Aspect extensions are not activated, because RxJava2 is not on the classpath.
2026-04-13 13:31:23 [restartedMain] DEBUG [ReactorOnClasspathCondition] - Reactor related Aspect extensions are not activated because Resilience4j Reactor module is not on the classpath.
2026-04-13 13:31:23 [restartedMain] DEBUG [RxJava2OnClasspathCondition] - RxJava2 related Aspect extensions are not activated, because RxJava2 is not on the classpath.
2026-04-13 13:31:23 [restartedMain] DEBUG [ReactorOnClasspathCondition] - Reactor related Aspect extensions are not activated because Resilience4j Reactor module is not on the classpath.
2026-04-13 13:31:23 [restartedMain] DEBUG [RxJava2OnClasspathCondition] - RxJava2 related Aspect extensions are not activated, because RxJava2 is not on the classpath.
2026-04-13 13:31:23 [restartedMain] DEBUG [ReactorOnClasspathCondition] - Reactor related Aspect extensions are not activated because Resilience4j Reactor module is not on the classpath.
2026-04-13 13:31:23 [restartedMain] DEBUG [RxJava2OnClasspathCondition] - RxJava2 related Aspect extensions are not activated, because RxJava2 is not on the classpath.
2026-04-13 13:31:23 [restartedMain] DEBUG [ReactorOnClasspathCondition] - Reactor related Aspect extensions are not activated because Resilience4j Reactor module is not on the classpath.
2026-04-13 13:31:23 [restartedMain] DEBUG [RxJava2OnClasspathCondition] - RxJava2 related Aspect extensions are not activated, because RxJava2 is not on the classpath.
2026-04-13 13:31:23 [restartedMain] DEBUG [ReactorOnClasspathCondition] - Reactor related Aspect extensions are not activated because Resilience4j Reactor module is not on the classpath.
2026-04-13 13:31:23 [restartedMain] DEBUG [RxJava2OnClasspathCondition] - RxJava2 related Aspect extensions are not activated, because RxJava2 is not on the classpath.
2026-04-13 13:31:23 [restartedMain] DEBUG [ReactorOnClasspathCondition] - Reactor related Aspect extensions are not activated because Resilience4j Reactor module is not on the classpath.
2026-04-13 13:31:24 [restartedMain] WARN  [deprecation] - HHH90000025: MySQL8Dialect does not need to be specified explicitly using 'hibernate.dialect' (remove the property setting and it will be selected by default)
2026-04-13 13:31:24 [restartedMain] WARN  [deprecation] - HHH90000026: MySQL8Dialect has been deprecated; use org.hibernate.dialect.MySQLDialect instead
2026-04-13 13:31:26 [restartedMain] WARN  [JpaBaseConfiguration$JpaWebConfiguration] - spring.jpa.open-in-view is enabled by default. Therefore, database queries may be performed during view rendering. Explicitly configure spring.jpa.open-in-view to disable this warning
2026-04-13 13:31:26 [restartedMain] DEBUG [Mappings] - 
	c.c.Q.c.RedisController:
	{GET [/redis/value/{key}]}: getValue(String)
	{GET [/redis/hash/{key}]}: getHash(String)
	{GET [/redis/type/{key}]}: getKeyType(String)
	{GET [/redis/zset/{key}]}: getZSet(String)
	{GET [/redis/list/{key}]}: getList(String)
	{GET [/redis/keys]}: getAllKeys()
	{GET [/redis/keys/{pattern}]}: getKeysByPattern(String)
	{GET [/redis/ttl/{key}]}: getTTL(String)
	{DELETE [/redis/keys]}: deleteAllKeys()
	{GET [/redis/info]}: getRedisInfo()
	{DELETE [/redis/key/{key}]}: deleteKey(String)
	{GET [/redis/set/{key}]}: getSet(String)
2026-04-13 13:31:26 [restartedMain] DEBUG [Mappings] - 
	c.c.Q.c.TeacherController:
	{GET [/teachers]}: get(String,UserDto)
	{PUT [/teachers/{id}]}: update(Integer,UpdateEntityModel,String,UserDto)
	{GET [/teachers/filter]}: filter(Integer,String,String,Integer,Gender,String,String,String,String,String,UserDto)
	{DELETE [/teachers]}: delete(List,String,UserDto)
	{DELETE [/teachers/cache]}: clearCache(String,UserDto)
	{GET [/teachers/{userId}]}: getByUserId(Integer,String,UserDto)
	{GET [/teachers/paged]}: getPaged(int,int,String,String,String,UserDto)
	{GET [/teachers/{classManaging}/students]}: getStudentsByClassManaging(String,String,String,UserDto)
2026-04-13 13:31:26 [restartedMain] DEBUG [Mappings] - 
	o.s.b.a.w.s.e.BasicErrorController:
	{ [/error]}: error(HttpServletRequest)
	{ [/error], produces [text/html]}: errorHtml(HttpServletRequest,HttpServletResponse)
2026-04-13 13:31:26 [restartedMain] DEBUG [Mappings] - 'beanNameHandlerMapping' {}
2026-04-13 13:31:26 [restartedMain] DEBUG [Mappings] - 'resourceHandlerMapping' {/webjars/**=ResourceHttpRequestHandler [classpath [META-INF/resources/webjars/]], /**=ResourceHttpRequestHandler [classpath [META-INF/resources/], classpath [resources/], classpath [static/], classpath [public/], ServletContext [/]]}
2026-04-13 13:31:26 [restartedMain] WARN  [ThymeleafAutoConfiguration$DefaultTemplateResolverConfiguration] - Cannot find template location: classpath:/templates/ (please add some templates, check your Thymeleaf configuration, or set spring.thymeleaf.check-template-location=false)
2026-04-13 13:31:27 [restartedMain] WARN  [OptionalLiveReloadServer] - Unable to start LiveReload server
2026-04-13 13:31:28 [restartedMain] INFO  [QlgvApplication] - Started QlgvApplication in 5.394 seconds (process running for 364.175)
2026-04-13 13:31:33 [restartedMain] INFO  [QlgvApplication] - Starting QlgvApplication using Java 17.0.12 with PID 18484 (D:\project IntelliJ Ultimate\modules-parent\qlgv\target\classes started by tranhuy in D:\project IntelliJ Ultimate\modules-parent\qlgv)
2026-04-13 13:31:33 [restartedMain] DEBUG [QlgvApplication] - Running with Spring Boot v3.5.0, Spring v6.2.7
2026-04-13 13:31:33 [restartedMain] INFO  [QlgvApplication] - No active profile set, falling back to 1 default profile: "default"
2026-04-13 13:31:33 [restartedMain] DEBUG [RxJava2OnClasspathCondition] - RxJava2 related Aspect extensions are not activated, because RxJava2 is not on the classpath.
2026-04-13 13:31:33 [restartedMain] DEBUG [ReactorOnClasspathCondition] - Reactor related Aspect extensions are not activated because Resilience4j Reactor module is not on the classpath.
2026-04-13 13:31:33 [restartedMain] DEBUG [RxJava2OnClasspathCondition] - RxJava2 related Aspect extensions are not activated, because RxJava2 is not on the classpath.
2026-04-13 13:31:33 [restartedMain] DEBUG [ReactorOnClasspathCondition] - Reactor related Aspect extensions are not activated because Resilience4j Reactor module is not on the classpath.
2026-04-13 13:31:33 [restartedMain] DEBUG [RxJava2OnClasspathCondition] - RxJava2 related Aspect extensions are not activated, because RxJava2 is not on the classpath.
2026-04-13 13:31:33 [restartedMain] DEBUG [ReactorOnClasspathCondition] - Reactor related Aspect extensions are not activated because Resilience4j Reactor module is not on the classpath.
2026-04-13 13:31:33 [restartedMain] DEBUG [RxJava2OnClasspathCondition] - RxJava2 related Aspect extensions are not activated, because RxJava2 is not on the classpath.
2026-04-13 13:31:33 [restartedMain] DEBUG [ReactorOnClasspathCondition] - Reactor related Aspect extensions are not activated because Resilience4j Reactor module is not on the classpath.
2026-04-13 13:31:33 [restartedMain] DEBUG [RxJava2OnClasspathCondition] - RxJava2 related Aspect extensions are not activated, because RxJava2 is not on the classpath.
2026-04-13 13:31:33 [restartedMain] DEBUG [ReactorOnClasspathCondition] - Reactor related Aspect extensions are not activated because Resilience4j Reactor module is not on the classpath.
2026-04-13 13:31:33 [restartedMain] DEBUG [RxJava2OnClasspathCondition] - RxJava2 related Aspect extensions are not activated, because RxJava2 is not on the classpath.
2026-04-13 13:31:33 [restartedMain] DEBUG [ReactorOnClasspathCondition] - Reactor related Aspect extensions are not activated because Resilience4j Reactor module is not on the classpath.
2026-04-13 13:31:34 [restartedMain] WARN  [deprecation] - HHH90000025: MySQL8Dialect does not need to be specified explicitly using 'hibernate.dialect' (remove the property setting and it will be selected by default)
2026-04-13 13:31:34 [restartedMain] WARN  [deprecation] - HHH90000026: MySQL8Dialect has been deprecated; use org.hibernate.dialect.MySQLDialect instead
2026-04-13 13:31:36 [restartedMain] WARN  [JpaBaseConfiguration$JpaWebConfiguration] - spring.jpa.open-in-view is enabled by default. Therefore, database queries may be performed during view rendering. Explicitly configure spring.jpa.open-in-view to disable this warning
2026-04-13 13:31:36 [restartedMain] DEBUG [Mappings] - 
	c.c.Q.c.RedisController:
	{GET [/redis/value/{key}]}: getValue(String)
	{GET [/redis/hash/{key}]}: getHash(String)
	{GET [/redis/type/{key}]}: getKeyType(String)
	{GET [/redis/zset/{key}]}: getZSet(String)
	{GET [/redis/list/{key}]}: getList(String)
	{GET [/redis/keys]}: getAllKeys()
	{GET [/redis/keys/{pattern}]}: getKeysByPattern(String)
	{GET [/redis/ttl/{key}]}: getTTL(String)
	{DELETE [/redis/keys]}: deleteAllKeys()
	{GET [/redis/info]}: getRedisInfo()
	{DELETE [/redis/key/{key}]}: deleteKey(String)
	{GET [/redis/set/{key}]}: getSet(String)
2026-04-13 13:31:36 [restartedMain] DEBUG [Mappings] - 
	c.c.Q.c.TeacherController:
	{GET [/teachers]}: get(String,UserDto)
	{PUT [/teachers/{id}]}: update(Integer,UpdateEntityModel,String,UserDto)
	{GET [/teachers/filter]}: filter(Integer,String,String,Integer,Gender,String,String,String,String,String,UserDto)
	{DELETE [/teachers]}: delete(List,String,UserDto)
	{DELETE [/teachers/cache]}: clearCache(String,UserDto)
	{GET [/teachers/{userId}]}: getByUserId(Integer,String,UserDto)
	{GET [/teachers/paged]}: getPaged(int,int,String,String,String,UserDto)
	{GET [/teachers/{classManaging}/students]}: getStudentsByClassManaging(String,String,String,UserDto)
2026-04-13 13:31:36 [restartedMain] DEBUG [Mappings] - 
	o.s.b.a.w.s.e.BasicErrorController:
	{ [/error]}: error(HttpServletRequest)
	{ [/error], produces [text/html]}: errorHtml(HttpServletRequest,HttpServletResponse)
2026-04-13 13:31:36 [restartedMain] DEBUG [Mappings] - 'beanNameHandlerMapping' {}
2026-04-13 13:31:36 [restartedMain] DEBUG [Mappings] - 'resourceHandlerMapping' {/webjars/**=ResourceHttpRequestHandler [classpath [META-INF/resources/webjars/]], /**=ResourceHttpRequestHandler [classpath [META-INF/resources/], classpath [resources/], classpath [static/], classpath [public/], ServletContext [/]]}
2026-04-13 13:31:36 [restartedMain] WARN  [ThymeleafAutoConfiguration$DefaultTemplateResolverConfiguration] - Cannot find template location: classpath:/templates/ (please add some templates, check your Thymeleaf configuration, or set spring.thymeleaf.check-template-location=false)
2026-04-13 13:31:39 [restartedMain] WARN  [OptionalLiveReloadServer] - Unable to start LiveReload server
2026-04-13 13:31:39 [restartedMain] INFO  [QlgvApplication] - Started QlgvApplication in 5.84 seconds (process running for 375.386)
2026-04-13 13:31:41 [restartedMain] INFO  [QlgvApplication] - Starting QlgvApplication using Java 17.0.12 with PID 18484 (D:\project IntelliJ Ultimate\modules-parent\qlgv\target\classes started by tranhuy in D:\project IntelliJ Ultimate\modules-parent\qlgv)
2026-04-13 13:31:41 [restartedMain] DEBUG [QlgvApplication] - Running with Spring Boot v3.5.0, Spring v6.2.7
2026-04-13 13:31:41 [restartedMain] INFO  [QlgvApplication] - No active profile set, falling back to 1 default profile: "default"
2026-04-13 13:31:43 [restartedMain] DEBUG [RxJava2OnClasspathCondition] - RxJava2 related Aspect extensions are not activated, because RxJava2 is not on the classpath.
2026-04-13 13:31:43 [restartedMain] DEBUG [ReactorOnClasspathCondition] - Reactor related Aspect extensions are not activated because Resilience4j Reactor module is not on the classpath.
2026-04-13 13:31:43 [restartedMain] DEBUG [RxJava2OnClasspathCondition] - RxJava2 related Aspect extensions are not activated, because RxJava2 is not on the classpath.
2026-04-13 13:31:43 [restartedMain] DEBUG [ReactorOnClasspathCondition] - Reactor related Aspect extensions are not activated because Resilience4j Reactor module is not on the classpath.
2026-04-13 13:31:43 [restartedMain] DEBUG [RxJava2OnClasspathCondition] - RxJava2 related Aspect extensions are not activated, because RxJava2 is not on the classpath.
2026-04-13 13:31:43 [restartedMain] DEBUG [ReactorOnClasspathCondition] - Reactor related Aspect extensions are not activated because Resilience4j Reactor module is not on the classpath.
2026-04-13 13:31:43 [restartedMain] DEBUG [RxJava2OnClasspathCondition] - RxJava2 related Aspect extensions are not activated, because RxJava2 is not on the classpath.
2026-04-13 13:31:43 [restartedMain] DEBUG [ReactorOnClasspathCondition] - Reactor related Aspect extensions are not activated because Resilience4j Reactor module is not on the classpath.
2026-04-13 13:31:43 [restartedMain] DEBUG [RxJava2OnClasspathCondition] - RxJava2 related Aspect extensions are not activated, because RxJava2 is not on the classpath.
2026-04-13 13:31:43 [restartedMain] DEBUG [ReactorOnClasspathCondition] - Reactor related Aspect extensions are not activated because Resilience4j Reactor module is not on the classpath.
2026-04-13 13:31:43 [restartedMain] DEBUG [RxJava2OnClasspathCondition] - RxJava2 related Aspect extensions are not activated, because RxJava2 is not on the classpath.
2026-04-13 13:31:43 [restartedMain] DEBUG [ReactorOnClasspathCondition] - Reactor related Aspect extensions are not activated because Resilience4j Reactor module is not on the classpath.
2026-04-13 13:31:44 [restartedMain] WARN  [deprecation] - HHH90000025: MySQL8Dialect does not need to be specified explicitly using 'hibernate.dialect' (remove the property setting and it will be selected by default)
2026-04-13 13:31:44 [restartedMain] WARN  [deprecation] - HHH90000026: MySQL8Dialect has been deprecated; use org.hibernate.dialect.MySQLDialect instead
2026-04-13 13:31:46 [restartedMain] WARN  [JpaBaseConfiguration$JpaWebConfiguration] - spring.jpa.open-in-view is enabled by default. Therefore, database queries may be performed during view rendering. Explicitly configure spring.jpa.open-in-view to disable this warning
2026-04-13 13:31:46 [restartedMain] DEBUG [Mappings] - 
	c.c.Q.c.RedisController:
	{GET [/redis/value/{key}]}: getValue(String)
	{GET [/redis/hash/{key}]}: getHash(String)
	{GET [/redis/type/{key}]}: getKeyType(String)
	{GET [/redis/zset/{key}]}: getZSet(String)
	{GET [/redis/list/{key}]}: getList(String)
	{GET [/redis/keys]}: getAllKeys()
	{GET [/redis/keys/{pattern}]}: getKeysByPattern(String)
	{GET [/redis/ttl/{key}]}: getTTL(String)
	{DELETE [/redis/keys]}: deleteAllKeys()
	{GET [/redis/info]}: getRedisInfo()
	{DELETE [/redis/key/{key}]}: deleteKey(String)
	{GET [/redis/set/{key}]}: getSet(String)
2026-04-13 13:31:46 [restartedMain] DEBUG [Mappings] - 
	c.c.Q.c.TeacherController:
	{GET [/teachers]}: get(String,UserDto)
	{PUT [/teachers/{id}]}: update(Integer,UpdateEntityModel,String,UserDto)
	{GET [/teachers/filter]}: filter(Integer,String,String,Integer,Gender,String,String,String,String,String,UserDto)
	{DELETE [/teachers]}: delete(List,String,UserDto)
	{DELETE [/teachers/cache]}: clearCache(String,UserDto)
	{GET [/teachers/{userId}]}: getByUserId(Integer,String,UserDto)
	{GET [/teachers/paged]}: getPaged(int,int,String,String,String,UserDto)
	{GET [/teachers/{classManaging}/students]}: getStudentsByClassManaging(String,String,String,UserDto)
2026-04-13 13:31:46 [restartedMain] DEBUG [Mappings] - 
	o.s.b.a.w.s.e.BasicErrorController:
	{ [/error]}: error(HttpServletRequest)
	{ [/error], produces [text/html]}: errorHtml(HttpServletRequest,HttpServletResponse)
2026-04-13 13:31:46 [restartedMain] DEBUG [Mappings] - 'beanNameHandlerMapping' {}
2026-04-13 13:31:46 [restartedMain] DEBUG [Mappings] - 'resourceHandlerMapping' {/webjars/**=ResourceHttpRequestHandler [classpath [META-INF/resources/webjars/]], /**=ResourceHttpRequestHandler [classpath [META-INF/resources/], classpath [resources/], classpath [static/], classpath [public/], ServletContext [/]]}
2026-04-13 13:31:46 [restartedMain] WARN  [ThymeleafAutoConfiguration$DefaultTemplateResolverConfiguration] - Cannot find template location: classpath:/templates/ (please add some templates, check your Thymeleaf configuration, or set spring.thymeleaf.check-template-location=false)
2026-04-13 13:31:47 [restartedMain] WARN  [OptionalLiveReloadServer] - Unable to start LiveReload server
2026-04-13 13:31:47 [restartedMain] INFO  [QlgvApplication] - Started QlgvApplication in 6.104 seconds (process running for 383.955)
2026-04-13 13:31:50 [restartedMain] INFO  [QlgvApplication] - Starting QlgvApplication using Java 17.0.12 with PID 18484 (D:\project IntelliJ Ultimate\modules-parent\qlgv\target\classes started by tranhuy in D:\project IntelliJ Ultimate\modules-parent\qlgv)
2026-04-13 13:31:50 [restartedMain] DEBUG [QlgvApplication] - Running with Spring Boot v3.5.0, Spring v6.2.7
2026-04-13 13:31:50 [restartedMain] INFO  [QlgvApplication] - No active profile set, falling back to 1 default profile: "default"
2026-04-13 13:31:50 [restartedMain] DEBUG [RxJava2OnClasspathCondition] - RxJava2 related Aspect extensions are not activated, because RxJava2 is not on the classpath.
2026-04-13 13:31:50 [restartedMain] DEBUG [ReactorOnClasspathCondition] - Reactor related Aspect extensions are not activated because Resilience4j Reactor module is not on the classpath.
2026-04-13 13:31:50 [restartedMain] DEBUG [RxJava2OnClasspathCondition] - RxJava2 related Aspect extensions are not activated, because RxJava2 is not on the classpath.
2026-04-13 13:31:50 [restartedMain] DEBUG [ReactorOnClasspathCondition] - Reactor related Aspect extensions are not activated because Resilience4j Reactor module is not on the classpath.
2026-04-13 13:31:50 [restartedMain] DEBUG [RxJava2OnClasspathCondition] - RxJava2 related Aspect extensions are not activated, because RxJava2 is not on the classpath.
2026-04-13 13:31:50 [restartedMain] DEBUG [ReactorOnClasspathCondition] - Reactor related Aspect extensions are not activated because Resilience4j Reactor module is not on the classpath.
2026-04-13 13:31:50 [restartedMain] DEBUG [RxJava2OnClasspathCondition] - RxJava2 related Aspect extensions are not activated, because RxJava2 is not on the classpath.
2026-04-13 13:31:50 [restartedMain] DEBUG [ReactorOnClasspathCondition] - Reactor related Aspect extensions are not activated because Resilience4j Reactor module is not on the classpath.
2026-04-13 13:31:50 [restartedMain] DEBUG [RxJava2OnClasspathCondition] - RxJava2 related Aspect extensions are not activated, because RxJava2 is not on the classpath.
2026-04-13 13:31:50 [restartedMain] DEBUG [ReactorOnClasspathCondition] - Reactor related Aspect extensions are not activated because Resilience4j Reactor module is not on the classpath.
2026-04-13 13:31:50 [restartedMain] DEBUG [RxJava2OnClasspathCondition] - RxJava2 related Aspect extensions are not activated, because RxJava2 is not on the classpath.
2026-04-13 13:31:50 [restartedMain] DEBUG [ReactorOnClasspathCondition] - Reactor related Aspect extensions are not activated because Resilience4j Reactor module is not on the classpath.
2026-04-13 13:31:52 [restartedMain] WARN  [deprecation] - HHH90000025: MySQL8Dialect does not need to be specified explicitly using 'hibernate.dialect' (remove the property setting and it will be selected by default)
2026-04-13 13:31:52 [restartedMain] WARN  [deprecation] - HHH90000026: MySQL8Dialect has been deprecated; use org.hibernate.dialect.MySQLDialect instead
2026-04-13 13:31:52 [restartedMain] WARN  [JpaBaseConfiguration$JpaWebConfiguration] - spring.jpa.open-in-view is enabled by default. Therefore, database queries may be performed during view rendering. Explicitly configure spring.jpa.open-in-view to disable this warning
2026-04-13 13:31:53 [restartedMain] DEBUG [Mappings] - 
	c.c.Q.c.RedisController:
	{GET [/redis/value/{key}]}: getValue(String)
	{GET [/redis/hash/{key}]}: getHash(String)
	{GET [/redis/type/{key}]}: getKeyType(String)
	{GET [/redis/zset/{key}]}: getZSet(String)
	{GET [/redis/list/{key}]}: getList(String)
	{GET [/redis/keys]}: getAllKeys()
	{GET [/redis/keys/{pattern}]}: getKeysByPattern(String)
	{GET [/redis/ttl/{key}]}: getTTL(String)
	{DELETE [/redis/keys]}: deleteAllKeys()
	{GET [/redis/info]}: getRedisInfo()
	{DELETE [/redis/key/{key}]}: deleteKey(String)
	{GET [/redis/set/{key}]}: getSet(String)
2026-04-13 13:31:53 [restartedMain] DEBUG [Mappings] - 
	c.c.Q.c.TeacherController:
	{GET [/teachers]}: get(String,UserDto)
	{PUT [/teachers/{id}]}: update(Integer,UpdateEntityModel,String,UserDto)
	{GET [/teachers/filter]}: filter(Integer,String,String,Integer,Gender,String,String,String,String,String,UserDto)
	{DELETE [/teachers]}: delete(List,String,UserDto)
	{DELETE [/teachers/cache]}: clearCache(String,UserDto)
	{GET [/teachers/{userId}]}: getByUserId(Integer,String,UserDto)
	{GET [/teachers/paged]}: getPaged(int,int,String,String,String,UserDto)
	{GET [/teachers/{classManaging}/students]}: getStudentsByClassManaging(String,String,String,UserDto)
2026-04-13 13:31:53 [restartedMain] DEBUG [Mappings] - 
	o.s.b.a.w.s.e.BasicErrorController:
	{ [/error]}: error(HttpServletRequest)
	{ [/error], produces [text/html]}: errorHtml(HttpServletRequest,HttpServletResponse)
2026-04-13 13:31:53 [restartedMain] DEBUG [Mappings] - 'beanNameHandlerMapping' {}
2026-04-13 13:31:53 [restartedMain] DEBUG [Mappings] - 'resourceHandlerMapping' {/webjars/**=ResourceHttpRequestHandler [classpath [META-INF/resources/webjars/]], /**=ResourceHttpRequestHandler [classpath [META-INF/resources/], classpath [resources/], classpath [static/], classpath [public/], ServletContext [/]]}
2026-04-13 13:31:53 [restartedMain] WARN  [ThymeleafAutoConfiguration$DefaultTemplateResolverConfiguration] - Cannot find template location: classpath:/templates/ (please add some templates, check your Thymeleaf configuration, or set spring.thymeleaf.check-template-location=false)
2026-04-13 13:31:54 [restartedMain] WARN  [OptionalLiveReloadServer] - Unable to start LiveReload server
2026-04-13 13:31:54 [restartedMain] INFO  [QlgvApplication] - Started QlgvApplication in 4.384 seconds (process running for 390.502)
2026-04-13 13:31:56 [restartedMain] INFO  [QlgvApplication] - Starting QlgvApplication using Java 17.0.12 with PID 18484 (D:\project IntelliJ Ultimate\modules-parent\qlgv\target\classes started by tranhuy in D:\project IntelliJ Ultimate\modules-parent\qlgv)
2026-04-13 13:31:56 [restartedMain] DEBUG [QlgvApplication] - Running with Spring Boot v3.5.0, Spring v6.2.7
2026-04-13 13:31:56 [restartedMain] INFO  [QlgvApplication] - No active profile set, falling back to 1 default profile: "default"
2026-04-13 13:31:57 [restartedMain] DEBUG [RxJava2OnClasspathCondition] - RxJava2 related Aspect extensions are not activated, because RxJava2 is not on the classpath.
2026-04-13 13:31:57 [restartedMain] DEBUG [ReactorOnClasspathCondition] - Reactor related Aspect extensions are not activated because Resilience4j Reactor module is not on the classpath.
2026-04-13 13:31:57 [restartedMain] DEBUG [RxJava2OnClasspathCondition] - RxJava2 related Aspect extensions are not activated, because RxJava2 is not on the classpath.
2026-04-13 13:31:57 [restartedMain] DEBUG [ReactorOnClasspathCondition] - Reactor related Aspect extensions are not activated because Resilience4j Reactor module is not on the classpath.
2026-04-13 13:31:57 [restartedMain] DEBUG [RxJava2OnClasspathCondition] - RxJava2 related Aspect extensions are not activated, because RxJava2 is not on the classpath.
2026-04-13 13:31:57 [restartedMain] DEBUG [ReactorOnClasspathCondition] - Reactor related Aspect extensions are not activated because Resilience4j Reactor module is not on the classpath.
2026-04-13 13:31:57 [restartedMain] DEBUG [RxJava2OnClasspathCondition] - RxJava2 related Aspect extensions are not activated, because RxJava2 is not on the classpath.
2026-04-13 13:31:57 [restartedMain] DEBUG [ReactorOnClasspathCondition] - Reactor related Aspect extensions are not activated because Resilience4j Reactor module is not on the classpath.
2026-04-13 13:31:57 [restartedMain] DEBUG [RxJava2OnClasspathCondition] - RxJava2 related Aspect extensions are not activated, because RxJava2 is not on the classpath.
2026-04-13 13:31:57 [restartedMain] DEBUG [ReactorOnClasspathCondition] - Reactor related Aspect extensions are not activated because Resilience4j Reactor module is not on the classpath.
2026-04-13 13:31:57 [restartedMain] DEBUG [RxJava2OnClasspathCondition] - RxJava2 related Aspect extensions are not activated, because RxJava2 is not on the classpath.
2026-04-13 13:31:57 [restartedMain] DEBUG [ReactorOnClasspathCondition] - Reactor related Aspect extensions are not activated because Resilience4j Reactor module is not on the classpath.
2026-04-13 13:31:58 [restartedMain] WARN  [deprecation] - HHH90000025: MySQL8Dialect does not need to be specified explicitly using 'hibernate.dialect' (remove the property setting and it will be selected by default)
2026-04-13 13:31:58 [restartedMain] WARN  [deprecation] - HHH90000026: MySQL8Dialect has been deprecated; use org.hibernate.dialect.MySQLDialect instead
2026-04-13 13:31:59 [restartedMain] WARN  [JpaBaseConfiguration$JpaWebConfiguration] - spring.jpa.open-in-view is enabled by default. Therefore, database queries may be performed during view rendering. Explicitly configure spring.jpa.open-in-view to disable this warning
2026-04-13 13:31:59 [restartedMain] DEBUG [Mappings] - 
	c.c.Q.c.RedisController:
	{GET [/redis/value/{key}]}: getValue(String)
	{GET [/redis/hash/{key}]}: getHash(String)
	{GET [/redis/type/{key}]}: getKeyType(String)
	{GET [/redis/zset/{key}]}: getZSet(String)
	{GET [/redis/list/{key}]}: getList(String)
	{GET [/redis/keys]}: getAllKeys()
	{GET [/redis/keys/{pattern}]}: getKeysByPattern(String)
	{GET [/redis/ttl/{key}]}: getTTL(String)
	{DELETE [/redis/keys]}: deleteAllKeys()
	{GET [/redis/info]}: getRedisInfo()
	{DELETE [/redis/key/{key}]}: deleteKey(String)
	{GET [/redis/set/{key}]}: getSet(String)
2026-04-13 13:31:59 [restartedMain] DEBUG [Mappings] - 
	c.c.Q.c.TeacherController:
	{GET [/teachers]}: get(String,UserDto)
	{PUT [/teachers/{id}]}: update(Integer,UpdateEntityModel,String,UserDto)
	{GET [/teachers/filter]}: filter(Integer,String,String,Integer,Gender,String,String,String,String,String,UserDto)
	{DELETE [/teachers]}: delete(List,String,UserDto)
	{DELETE [/teachers/cache]}: clearCache(String,UserDto)
	{GET [/teachers/{userId}]}: getByUserId(Integer,String,UserDto)
	{GET [/teachers/paged]}: getPaged(int,int,String,String,String,UserDto)
	{GET [/teachers/{classManaging}/students]}: getStudentsByClassManaging(String,String,String,UserDto)
2026-04-13 13:31:59 [restartedMain] DEBUG [Mappings] - 
	o.s.b.a.w.s.e.BasicErrorController:
	{ [/error]}: error(HttpServletRequest)
	{ [/error], produces [text/html]}: errorHtml(HttpServletRequest,HttpServletResponse)
2026-04-13 13:31:59 [restartedMain] DEBUG [Mappings] - 'beanNameHandlerMapping' {}
2026-04-13 13:32:00 [restartedMain] DEBUG [Mappings] - 'resourceHandlerMapping' {/webjars/**=ResourceHttpRequestHandler [classpath [META-INF/resources/webjars/]], /**=ResourceHttpRequestHandler [classpath [META-INF/resources/], classpath [resources/], classpath [static/], classpath [public/], ServletContext [/]]}
2026-04-13 13:32:00 [restartedMain] WARN  [ThymeleafAutoConfiguration$DefaultTemplateResolverConfiguration] - Cannot find template location: classpath:/templates/ (please add some templates, check your Thymeleaf configuration, or set spring.thymeleaf.check-template-location=false)
2026-04-13 13:32:01 [restartedMain] WARN  [OptionalLiveReloadServer] - Unable to start LiveReload server
2026-04-13 13:32:01 [restartedMain] INFO  [QlgvApplication] - Started QlgvApplication in 5.121 seconds (process running for 397.89)
2026-04-13 13:32:04 [restartedMain] INFO  [QlgvApplication] - Starting QlgvApplication using Java 17.0.12 with PID 18484 (D:\project IntelliJ Ultimate\modules-parent\qlgv\target\classes started by tranhuy in D:\project IntelliJ Ultimate\modules-parent\qlgv)
2026-04-13 13:32:04 [restartedMain] DEBUG [QlgvApplication] - Running with Spring Boot v3.5.0, Spring v6.2.7
2026-04-13 13:32:04 [restartedMain] INFO  [QlgvApplication] - No active profile set, falling back to 1 default profile: "default"
2026-04-13 13:32:04 [restartedMain] DEBUG [RxJava2OnClasspathCondition] - RxJava2 related Aspect extensions are not activated, because RxJava2 is not on the classpath.
2026-04-13 13:32:04 [restartedMain] DEBUG [ReactorOnClasspathCondition] - Reactor related Aspect extensions are not activated because Resilience4j Reactor module is not on the classpath.
2026-04-13 13:32:04 [restartedMain] DEBUG [RxJava2OnClasspathCondition] - RxJava2 related Aspect extensions are not activated, because RxJava2 is not on the classpath.
2026-04-13 13:32:04 [restartedMain] DEBUG [ReactorOnClasspathCondition] - Reactor related Aspect extensions are not activated because Resilience4j Reactor module is not on the classpath.
2026-04-13 13:32:04 [restartedMain] DEBUG [RxJava2OnClasspathCondition] - RxJava2 related Aspect extensions are not activated, because RxJava2 is not on the classpath.
2026-04-13 13:32:04 [restartedMain] DEBUG [ReactorOnClasspathCondition] - Reactor related Aspect extensions are not activated because Resilience4j Reactor module is not on the classpath.
2026-04-13 13:32:04 [restartedMain] DEBUG [RxJava2OnClasspathCondition] - RxJava2 related Aspect extensions are not activated, because RxJava2 is not on the classpath.
2026-04-13 13:32:04 [restartedMain] DEBUG [ReactorOnClasspathCondition] - Reactor related Aspect extensions are not activated because Resilience4j Reactor module is not on the classpath.
2026-04-13 13:32:04 [restartedMain] DEBUG [RxJava2OnClasspathCondition] - RxJava2 related Aspect extensions are not activated, because RxJava2 is not on the classpath.
2026-04-13 13:32:04 [restartedMain] DEBUG [ReactorOnClasspathCondition] - Reactor related Aspect extensions are not activated because Resilience4j Reactor module is not on the classpath.
2026-04-13 13:32:04 [restartedMain] DEBUG [RxJava2OnClasspathCondition] - RxJava2 related Aspect extensions are not activated, because RxJava2 is not on the classpath.
2026-04-13 13:32:04 [restartedMain] DEBUG [ReactorOnClasspathCondition] - Reactor related Aspect extensions are not activated because Resilience4j Reactor module is not on the classpath.
2026-04-13 13:32:05 [restartedMain] WARN  [deprecation] - HHH90000025: MySQL8Dialect does not need to be specified explicitly using 'hibernate.dialect' (remove the property setting and it will be selected by default)
2026-04-13 13:32:05 [restartedMain] WARN  [deprecation] - HHH90000026: MySQL8Dialect has been deprecated; use org.hibernate.dialect.MySQLDialect instead
2026-04-13 13:32:06 [restartedMain] WARN  [JpaBaseConfiguration$JpaWebConfiguration] - spring.jpa.open-in-view is enabled by default. Therefore, database queries may be performed during view rendering. Explicitly configure spring.jpa.open-in-view to disable this warning
2026-04-13 13:32:07 [restartedMain] DEBUG [Mappings] - 
	c.c.Q.c.RedisController:
	{GET [/redis/value/{key}]}: getValue(String)
	{GET [/redis/hash/{key}]}: getHash(String)
	{GET [/redis/type/{key}]}: getKeyType(String)
	{GET [/redis/zset/{key}]}: getZSet(String)
	{GET [/redis/list/{key}]}: getList(String)
	{GET [/redis/keys]}: getAllKeys()
	{GET [/redis/keys/{pattern}]}: getKeysByPattern(String)
	{GET [/redis/ttl/{key}]}: getTTL(String)
	{DELETE [/redis/keys]}: deleteAllKeys()
	{GET [/redis/info]}: getRedisInfo()
	{DELETE [/redis/key/{key}]}: deleteKey(String)
	{GET [/redis/set/{key}]}: getSet(String)
2026-04-13 13:32:07 [restartedMain] DEBUG [Mappings] - 
	c.c.Q.c.TeacherController:
	{GET [/teachers]}: get(String,UserDto)
	{PUT [/teachers/{id}]}: update(Integer,UpdateEntityModel,String,UserDto)
	{GET [/teachers/filter]}: filter(Integer,String,String,Integer,Gender,String,String,String,String,String,UserDto)
	{DELETE [/teachers]}: delete(List,String,UserDto)
	{DELETE [/teachers/cache]}: clearCache(String,UserDto)
	{GET [/teachers/{userId}]}: getByUserId(Integer,String,UserDto)
	{GET [/teachers/paged]}: getPaged(int,int,String,String,String,UserDto)
	{GET [/teachers/{classManaging}/students]}: getStudentsByClassManaging(String,String,String,UserDto)
2026-04-13 13:32:07 [restartedMain] DEBUG [Mappings] - 
	o.s.b.a.w.s.e.BasicErrorController:
	{ [/error]}: error(HttpServletRequest)
	{ [/error], produces [text/html]}: errorHtml(HttpServletRequest,HttpServletResponse)
2026-04-13 13:32:07 [restartedMain] DEBUG [Mappings] - 'beanNameHandlerMapping' {}
2026-04-13 13:32:07 [restartedMain] DEBUG [Mappings] - 'resourceHandlerMapping' {/webjars/**=ResourceHttpRequestHandler [classpath [META-INF/resources/webjars/]], /**=ResourceHttpRequestHandler [classpath [META-INF/resources/], classpath [resources/], classpath [static/], classpath [public/], ServletContext [/]]}
2026-04-13 13:32:07 [restartedMain] WARN  [ThymeleafAutoConfiguration$DefaultTemplateResolverConfiguration] - Cannot find template location: classpath:/templates/ (please add some templates, check your Thymeleaf configuration, or set spring.thymeleaf.check-template-location=false)
2026-04-13 13:32:08 [restartedMain] WARN  [OptionalLiveReloadServer] - Unable to start LiveReload server
2026-04-13 13:32:09 [restartedMain] INFO  [QlgvApplication] - Started QlgvApplication in 4.918 seconds (process running for 405.198)
2026-04-13 13:32:11 [restartedMain] INFO  [QlgvApplication] - Starting QlgvApplication using Java 17.0.12 with PID 18484 (D:\project IntelliJ Ultimate\modules-parent\qlgv\target\classes started by tranhuy in D:\project IntelliJ Ultimate\modules-parent\qlgv)
2026-04-13 13:32:11 [restartedMain] DEBUG [QlgvApplication] - Running with Spring Boot v3.5.0, Spring v6.2.7
2026-04-13 13:32:11 [restartedMain] INFO  [QlgvApplication] - No active profile set, falling back to 1 default profile: "default"
2026-04-13 13:32:12 [restartedMain] DEBUG [RxJava2OnClasspathCondition] - RxJava2 related Aspect extensions are not activated, because RxJava2 is not on the classpath.
2026-04-13 13:32:12 [restartedMain] DEBUG [ReactorOnClasspathCondition] - Reactor related Aspect extensions are not activated because Resilience4j Reactor module is not on the classpath.
2026-04-13 13:32:12 [restartedMain] DEBUG [RxJava2OnClasspathCondition] - RxJava2 related Aspect extensions are not activated, because RxJava2 is not on the classpath.
2026-04-13 13:32:12 [restartedMain] DEBUG [ReactorOnClasspathCondition] - Reactor related Aspect extensions are not activated because Resilience4j Reactor module is not on the classpath.
2026-04-13 13:32:12 [restartedMain] DEBUG [RxJava2OnClasspathCondition] - RxJava2 related Aspect extensions are not activated, because RxJava2 is not on the classpath.
2026-04-13 13:32:12 [restartedMain] DEBUG [ReactorOnClasspathCondition] - Reactor related Aspect extensions are not activated because Resilience4j Reactor module is not on the classpath.
2026-04-13 13:32:12 [restartedMain] DEBUG [RxJava2OnClasspathCondition] - RxJava2 related Aspect extensions are not activated, because RxJava2 is not on the classpath.
2026-04-13 13:32:12 [restartedMain] DEBUG [ReactorOnClasspathCondition] - Reactor related Aspect extensions are not activated because Resilience4j Reactor module is not on the classpath.
2026-04-13 13:32:12 [restartedMain] DEBUG [RxJava2OnClasspathCondition] - RxJava2 related Aspect extensions are not activated, because RxJava2 is not on the classpath.
2026-04-13 13:32:12 [restartedMain] DEBUG [ReactorOnClasspathCondition] - Reactor related Aspect extensions are not activated because Resilience4j Reactor module is not on the classpath.
2026-04-13 13:32:12 [restartedMain] DEBUG [RxJava2OnClasspathCondition] - RxJava2 related Aspect extensions are not activated, because RxJava2 is not on the classpath.
2026-04-13 13:32:12 [restartedMain] DEBUG [ReactorOnClasspathCondition] - Reactor related Aspect extensions are not activated because Resilience4j Reactor module is not on the classpath.
2026-04-13 13:32:12 [restartedMain] WARN  [deprecation] - HHH90000025: MySQL8Dialect does not need to be specified explicitly using 'hibernate.dialect' (remove the property setting and it will be selected by default)
2026-04-13 13:32:12 [restartedMain] WARN  [deprecation] - HHH90000026: MySQL8Dialect has been deprecated; use org.hibernate.dialect.MySQLDialect instead
2026-04-13 13:32:14 [restartedMain] WARN  [JpaBaseConfiguration$JpaWebConfiguration] - spring.jpa.open-in-view is enabled by default. Therefore, database queries may be performed during view rendering. Explicitly configure spring.jpa.open-in-view to disable this warning
2026-04-13 13:32:14 [restartedMain] DEBUG [Mappings] - 
	c.c.Q.c.RedisController:
	{GET [/redis/value/{key}]}: getValue(String)
	{GET [/redis/hash/{key}]}: getHash(String)
	{GET [/redis/type/{key}]}: getKeyType(String)
	{GET [/redis/zset/{key}]}: getZSet(String)
	{GET [/redis/list/{key}]}: getList(String)
	{GET [/redis/keys]}: getAllKeys()
	{GET [/redis/keys/{pattern}]}: getKeysByPattern(String)
	{GET [/redis/ttl/{key}]}: getTTL(String)
	{DELETE [/redis/keys]}: deleteAllKeys()
	{GET [/redis/info]}: getRedisInfo()
	{DELETE [/redis/key/{key}]}: deleteKey(String)
	{GET [/redis/set/{key}]}: getSet(String)
2026-04-13 13:32:14 [restartedMain] DEBUG [Mappings] - 
	c.c.Q.c.TeacherController:
	{GET [/teachers]}: get(String,UserDto)
	{PUT [/teachers/{id}]}: update(Integer,UpdateEntityModel,String,UserDto)
	{GET [/teachers/filter]}: filter(Integer,String,String,Integer,Gender,String,String,String,String,String,UserDto)
	{DELETE [/teachers]}: delete(List,String,UserDto)
	{DELETE [/teachers/cache]}: clearCache(String,UserDto)
	{GET [/teachers/{userId}]}: getByUserId(Integer,String,UserDto)
	{GET [/teachers/paged]}: getPaged(int,int,String,String,String,UserDto)
	{GET [/teachers/{classManaging}/students]}: getStudentsByClassManaging(String,String,String,UserDto)
2026-04-13 13:32:14 [restartedMain] DEBUG [Mappings] - 
	o.s.b.a.w.s.e.BasicErrorController:
	{ [/error]}: error(HttpServletRequest)
	{ [/error], produces [text/html]}: errorHtml(HttpServletRequest,HttpServletResponse)
2026-04-13 13:32:14 [restartedMain] DEBUG [Mappings] - 'beanNameHandlerMapping' {}
2026-04-13 13:32:14 [restartedMain] DEBUG [Mappings] - 'resourceHandlerMapping' {/webjars/**=ResourceHttpRequestHandler [classpath [META-INF/resources/webjars/]], /**=ResourceHttpRequestHandler [classpath [META-INF/resources/], classpath [resources/], classpath [static/], classpath [public/], ServletContext [/]]}
2026-04-13 13:32:14 [restartedMain] WARN  [ThymeleafAutoConfiguration$DefaultTemplateResolverConfiguration] - Cannot find template location: classpath:/templates/ (please add some templates, check your Thymeleaf configuration, or set spring.thymeleaf.check-template-location=false)
2026-04-13 13:32:15 [restartedMain] WARN  [OptionalLiveReloadServer] - Unable to start LiveReload server
2026-04-13 13:32:15 [restartedMain] INFO  [QlgvApplication] - Started QlgvApplication in 4.363 seconds (process running for 411.654)
2026-04-13 13:32:17 [restartedMain] INFO  [QlgvApplication] - Starting QlgvApplication using Java 17.0.12 with PID 18484 (D:\project IntelliJ Ultimate\modules-parent\qlgv\target\classes started by tranhuy in D:\project IntelliJ Ultimate\modules-parent\qlgv)
2026-04-13 13:32:17 [restartedMain] DEBUG [QlgvApplication] - Running with Spring Boot v3.5.0, Spring v6.2.7
2026-04-13 13:32:17 [restartedMain] INFO  [QlgvApplication] - No active profile set, falling back to 1 default profile: "default"
2026-04-13 13:32:18 [restartedMain] DEBUG [RxJava2OnClasspathCondition] - RxJava2 related Aspect extensions are not activated, because RxJava2 is not on the classpath.
2026-04-13 13:32:18 [restartedMain] DEBUG [ReactorOnClasspathCondition] - Reactor related Aspect extensions are not activated because Resilience4j Reactor module is not on the classpath.
2026-04-13 13:32:18 [restartedMain] DEBUG [RxJava2OnClasspathCondition] - RxJava2 related Aspect extensions are not activated, because RxJava2 is not on the classpath.
2026-04-13 13:32:18 [restartedMain] DEBUG [ReactorOnClasspathCondition] - Reactor related Aspect extensions are not activated because Resilience4j Reactor module is not on the classpath.
2026-04-13 13:32:18 [restartedMain] DEBUG [RxJava2OnClasspathCondition] - RxJava2 related Aspect extensions are not activated, because RxJava2 is not on the classpath.
2026-04-13 13:32:18 [restartedMain] DEBUG [ReactorOnClasspathCondition] - Reactor related Aspect extensions are not activated because Resilience4j Reactor module is not on the classpath.
2026-04-13 13:32:18 [restartedMain] DEBUG [RxJava2OnClasspathCondition] - RxJava2 related Aspect extensions are not activated, because RxJava2 is not on the classpath.
2026-04-13 13:32:18 [restartedMain] DEBUG [ReactorOnClasspathCondition] - Reactor related Aspect extensions are not activated because Resilience4j Reactor module is not on the classpath.
2026-04-13 13:32:18 [restartedMain] DEBUG [RxJava2OnClasspathCondition] - RxJava2 related Aspect extensions are not activated, because RxJava2 is not on the classpath.
2026-04-13 13:32:18 [restartedMain] DEBUG [ReactorOnClasspathCondition] - Reactor related Aspect extensions are not activated because Resilience4j Reactor module is not on the classpath.
2026-04-13 13:32:18 [restartedMain] DEBUG [RxJava2OnClasspathCondition] - RxJava2 related Aspect extensions are not activated, because RxJava2 is not on the classpath.
2026-04-13 13:32:18 [restartedMain] DEBUG [ReactorOnClasspathCondition] - Reactor related Aspect extensions are not activated because Resilience4j Reactor module is not on the classpath.
2026-04-13 13:32:19 [restartedMain] WARN  [deprecation] - HHH90000025: MySQL8Dialect does not need to be specified explicitly using 'hibernate.dialect' (remove the property setting and it will be selected by default)
2026-04-13 13:32:19 [restartedMain] WARN  [deprecation] - HHH90000026: MySQL8Dialect has been deprecated; use org.hibernate.dialect.MySQLDialect instead
2026-04-13 13:32:21 [restartedMain] WARN  [JpaBaseConfiguration$JpaWebConfiguration] - spring.jpa.open-in-view is enabled by default. Therefore, database queries may be performed during view rendering. Explicitly configure spring.jpa.open-in-view to disable this warning
2026-04-13 13:32:21 [restartedMain] DEBUG [Mappings] - 
	c.c.Q.c.RedisController:
	{GET [/redis/value/{key}]}: getValue(String)
	{GET [/redis/hash/{key}]}: getHash(String)
	{GET [/redis/type/{key}]}: getKeyType(String)
	{GET [/redis/zset/{key}]}: getZSet(String)
	{GET [/redis/list/{key}]}: getList(String)
	{GET [/redis/keys]}: getAllKeys()
	{GET [/redis/keys/{pattern}]}: getKeysByPattern(String)
	{GET [/redis/ttl/{key}]}: getTTL(String)
	{DELETE [/redis/keys]}: deleteAllKeys()
	{GET [/redis/info]}: getRedisInfo()
	{DELETE [/redis/key/{key}]}: deleteKey(String)
	{GET [/redis/set/{key}]}: getSet(String)
2026-04-13 13:32:21 [restartedMain] DEBUG [Mappings] - 
	c.c.Q.c.TeacherController:
	{GET [/teachers]}: get(String,UserDto)
	{PUT [/teachers/{id}]}: update(Integer,UpdateEntityModel,String,UserDto)
	{GET [/teachers/filter]}: filter(Integer,String,String,Integer,Gender,String,String,String,String,String,UserDto)
	{DELETE [/teachers]}: delete(List,String,UserDto)
	{DELETE [/teachers/cache]}: clearCache(String,UserDto)
	{GET [/teachers/{userId}]}: getByUserId(Integer,String,UserDto)
	{GET [/teachers/paged]}: getPaged(int,int,String,String,String,UserDto)
	{GET [/teachers/{classManaging}/students]}: getStudentsByClassManaging(String,String,String,UserDto)
2026-04-13 13:32:21 [restartedMain] DEBUG [Mappings] - 
	o.s.b.a.w.s.e.BasicErrorController:
	{ [/error]}: error(HttpServletRequest)
	{ [/error], produces [text/html]}: errorHtml(HttpServletRequest,HttpServletResponse)
2026-04-13 13:32:21 [restartedMain] DEBUG [Mappings] - 'beanNameHandlerMapping' {}
2026-04-13 13:32:21 [restartedMain] DEBUG [Mappings] - 'resourceHandlerMapping' {/webjars/**=ResourceHttpRequestHandler [classpath [META-INF/resources/webjars/]], /**=ResourceHttpRequestHandler [classpath [META-INF/resources/], classpath [resources/], classpath [static/], classpath [public/], ServletContext [/]]}
2026-04-13 13:32:21 [restartedMain] WARN  [ThymeleafAutoConfiguration$DefaultTemplateResolverConfiguration] - Cannot find template location: classpath:/templates/ (please add some templates, check your Thymeleaf configuration, or set spring.thymeleaf.check-template-location=false)
2026-04-13 13:32:22 [restartedMain] WARN  [OptionalLiveReloadServer] - Unable to start LiveReload server
2026-04-13 13:32:22 [restartedMain] INFO  [QlgvApplication] - Started QlgvApplication in 5.273 seconds (process running for 419.057)
2026-04-13 13:32:25 [restartedMain] INFO  [QlgvApplication] - Starting QlgvApplication using Java 17.0.12 with PID 18484 (D:\project IntelliJ Ultimate\modules-parent\qlgv\target\classes started by tranhuy in D:\project IntelliJ Ultimate\modules-parent\qlgv)
2026-04-13 13:32:25 [restartedMain] DEBUG [QlgvApplication] - Running with Spring Boot v3.5.0, Spring v6.2.7
2026-04-13 13:32:25 [restartedMain] INFO  [QlgvApplication] - No active profile set, falling back to 1 default profile: "default"
2026-04-13 13:32:25 [restartedMain] DEBUG [RxJava2OnClasspathCondition] - RxJava2 related Aspect extensions are not activated, because RxJava2 is not on the classpath.
2026-04-13 13:32:25 [restartedMain] DEBUG [ReactorOnClasspathCondition] - Reactor related Aspect extensions are not activated because Resilience4j Reactor module is not on the classpath.
2026-04-13 13:32:25 [restartedMain] DEBUG [RxJava2OnClasspathCondition] - RxJava2 related Aspect extensions are not activated, because RxJava2 is not on the classpath.
2026-04-13 13:32:25 [restartedMain] DEBUG [ReactorOnClasspathCondition] - Reactor related Aspect extensions are not activated because Resilience4j Reactor module is not on the classpath.
2026-04-13 13:32:25 [restartedMain] DEBUG [RxJava2OnClasspathCondition] - RxJava2 related Aspect extensions are not activated, because RxJava2 is not on the classpath.
2026-04-13 13:32:25 [restartedMain] DEBUG [ReactorOnClasspathCondition] - Reactor related Aspect extensions are not activated because Resilience4j Reactor module is not on the classpath.
2026-04-13 13:32:25 [restartedMain] DEBUG [RxJava2OnClasspathCondition] - RxJava2 related Aspect extensions are not activated, because RxJava2 is not on the classpath.
2026-04-13 13:32:25 [restartedMain] DEBUG [ReactorOnClasspathCondition] - Reactor related Aspect extensions are not activated because Resilience4j Reactor module is not on the classpath.
2026-04-13 13:32:25 [restartedMain] DEBUG [RxJava2OnClasspathCondition] - RxJava2 related Aspect extensions are not activated, because RxJava2 is not on the classpath.
2026-04-13 13:32:25 [restartedMain] DEBUG [ReactorOnClasspathCondition] - Reactor related Aspect extensions are not activated because Resilience4j Reactor module is not on the classpath.
2026-04-13 13:32:25 [restartedMain] DEBUG [RxJava2OnClasspathCondition] - RxJava2 related Aspect extensions are not activated, because RxJava2 is not on the classpath.
2026-04-13 13:32:25 [restartedMain] DEBUG [ReactorOnClasspathCondition] - Reactor related Aspect extensions are not activated because Resilience4j Reactor module is not on the classpath.
2026-04-13 13:32:26 [restartedMain] WARN  [deprecation] - HHH90000025: MySQL8Dialect does not need to be specified explicitly using 'hibernate.dialect' (remove the property setting and it will be selected by default)
2026-04-13 13:32:26 [restartedMain] WARN  [deprecation] - HHH90000026: MySQL8Dialect has been deprecated; use org.hibernate.dialect.MySQLDialect instead
2026-04-13 13:32:27 [restartedMain] WARN  [JpaBaseConfiguration$JpaWebConfiguration] - spring.jpa.open-in-view is enabled by default. Therefore, database queries may be performed during view rendering. Explicitly configure spring.jpa.open-in-view to disable this warning
2026-04-13 13:32:27 [restartedMain] DEBUG [Mappings] - 
	c.c.Q.c.RedisController:
	{GET [/redis/value/{key}]}: getValue(String)
	{GET [/redis/hash/{key}]}: getHash(String)
	{GET [/redis/type/{key}]}: getKeyType(String)
	{GET [/redis/zset/{key}]}: getZSet(String)
	{GET [/redis/list/{key}]}: getList(String)
	{GET [/redis/keys]}: getAllKeys()
	{GET [/redis/keys/{pattern}]}: getKeysByPattern(String)
	{GET [/redis/ttl/{key}]}: getTTL(String)
	{DELETE [/redis/keys]}: deleteAllKeys()
	{GET [/redis/info]}: getRedisInfo()
	{DELETE [/redis/key/{key}]}: deleteKey(String)
	{GET [/redis/set/{key}]}: getSet(String)
2026-04-13 13:32:27 [restartedMain] DEBUG [Mappings] - 
	c.c.Q.c.TeacherController:
	{GET [/teachers]}: get(String,UserDto)
	{PUT [/teachers/{id}]}: update(Integer,UpdateEntityModel,String,UserDto)
	{GET [/teachers/filter]}: filter(Integer,String,String,Integer,Gender,String,String,String,String,String,UserDto)
	{DELETE [/teachers]}: delete(List,String,UserDto)
	{DELETE [/teachers/cache]}: clearCache(String,UserDto)
	{GET [/teachers/{userId}]}: getByUserId(Integer,String,UserDto)
	{GET [/teachers/paged]}: getPaged(int,int,String,String,String,UserDto)
	{GET [/teachers/{classManaging}/students]}: getStudentsByClassManaging(String,String,String,UserDto)
2026-04-13 13:32:27 [restartedMain] DEBUG [Mappings] - 
	o.s.b.a.w.s.e.BasicErrorController:
	{ [/error]}: error(HttpServletRequest)
	{ [/error], produces [text/html]}: errorHtml(HttpServletRequest,HttpServletResponse)
2026-04-13 13:32:27 [restartedMain] DEBUG [Mappings] - 'beanNameHandlerMapping' {}
2026-04-13 13:32:27 [restartedMain] DEBUG [Mappings] - 'resourceHandlerMapping' {/webjars/**=ResourceHttpRequestHandler [classpath [META-INF/resources/webjars/]], /**=ResourceHttpRequestHandler [classpath [META-INF/resources/], classpath [resources/], classpath [static/], classpath [public/], ServletContext [/]]}
2026-04-13 13:32:27 [restartedMain] WARN  [ThymeleafAutoConfiguration$DefaultTemplateResolverConfiguration] - Cannot find template location: classpath:/templates/ (please add some templates, check your Thymeleaf configuration, or set spring.thymeleaf.check-template-location=false)
2026-04-13 13:32:28 [restartedMain] WARN  [OptionalLiveReloadServer] - Unable to start LiveReload server
2026-04-13 13:32:28 [restartedMain] INFO  [QlgvApplication] - Started QlgvApplication in 3.657 seconds (process running for 424.84)
2026-04-13 13:33:11 [restartedMain] INFO  [QlgvApplication] - Starting QlgvApplication using Java 17.0.12 with PID 18484 (D:\project IntelliJ Ultimate\modules-parent\qlgv\target\classes started by tranhuy in D:\project IntelliJ Ultimate\modules-parent\qlgv)
2026-04-13 13:33:11 [restartedMain] DEBUG [QlgvApplication] - Running with Spring Boot v3.5.0, Spring v6.2.7
2026-04-13 13:33:11 [restartedMain] INFO  [QlgvApplication] - No active profile set, falling back to 1 default profile: "default"
2026-04-13 13:33:12 [restartedMain] DEBUG [RxJava2OnClasspathCondition] - RxJava2 related Aspect extensions are not activated, because RxJava2 is not on the classpath.
2026-04-13 13:33:12 [restartedMain] DEBUG [ReactorOnClasspathCondition] - Reactor related Aspect extensions are not activated because Resilience4j Reactor module is not on the classpath.
2026-04-13 13:33:12 [restartedMain] DEBUG [RxJava2OnClasspathCondition] - RxJava2 related Aspect extensions are not activated, because RxJava2 is not on the classpath.
2026-04-13 13:33:12 [restartedMain] DEBUG [ReactorOnClasspathCondition] - Reactor related Aspect extensions are not activated because Resilience4j Reactor module is not on the classpath.
2026-04-13 13:33:12 [restartedMain] DEBUG [RxJava2OnClasspathCondition] - RxJava2 related Aspect extensions are not activated, because RxJava2 is not on the classpath.
2026-04-13 13:33:12 [restartedMain] DEBUG [ReactorOnClasspathCondition] - Reactor related Aspect extensions are not activated because Resilience4j Reactor module is not on the classpath.
2026-04-13 13:33:12 [restartedMain] DEBUG [RxJava2OnClasspathCondition] - RxJava2 related Aspect extensions are not activated, because RxJava2 is not on the classpath.
2026-04-13 13:33:12 [restartedMain] DEBUG [ReactorOnClasspathCondition] - Reactor related Aspect extensions are not activated because Resilience4j Reactor module is not on the classpath.
2026-04-13 13:33:12 [restartedMain] DEBUG [RxJava2OnClasspathCondition] - RxJava2 related Aspect extensions are not activated, because RxJava2 is not on the classpath.
2026-04-13 13:33:12 [restartedMain] DEBUG [ReactorOnClasspathCondition] - Reactor related Aspect extensions are not activated because Resilience4j Reactor module is not on the classpath.
2026-04-13 13:33:12 [restartedMain] DEBUG [RxJava2OnClasspathCondition] - RxJava2 related Aspect extensions are not activated, because RxJava2 is not on the classpath.
2026-04-13 13:33:12 [restartedMain] DEBUG [ReactorOnClasspathCondition] - Reactor related Aspect extensions are not activated because Resilience4j Reactor module is not on the classpath.
2026-04-13 13:33:12 [restartedMain] WARN  [deprecation] - HHH90000025: MySQL8Dialect does not need to be specified explicitly using 'hibernate.dialect' (remove the property setting and it will be selected by default)
2026-04-13 13:33:12 [restartedMain] WARN  [deprecation] - HHH90000026: MySQL8Dialect has been deprecated; use org.hibernate.dialect.MySQLDialect instead
2026-04-13 13:33:13 [restartedMain] WARN  [JpaBaseConfiguration$JpaWebConfiguration] - spring.jpa.open-in-view is enabled by default. Therefore, database queries may be performed during view rendering. Explicitly configure spring.jpa.open-in-view to disable this warning
2026-04-13 13:33:14 [restartedMain] DEBUG [Mappings] - 
	c.c.Q.c.RedisController:
	{GET [/redis/value/{key}]}: getValue(String)
	{GET [/redis/hash/{key}]}: getHash(String)
	{GET [/redis/type/{key}]}: getKeyType(String)
	{GET [/redis/zset/{key}]}: getZSet(String)
	{GET [/redis/list/{key}]}: getList(String)
	{GET [/redis/keys]}: getAllKeys()
	{GET [/redis/keys/{pattern}]}: getKeysByPattern(String)
	{GET [/redis/ttl/{key}]}: getTTL(String)
	{DELETE [/redis/keys]}: deleteAllKeys()
	{GET [/redis/info]}: getRedisInfo()
	{DELETE [/redis/key/{key}]}: deleteKey(String)
	{GET [/redis/set/{key}]}: getSet(String)
2026-04-13 13:33:14 [restartedMain] DEBUG [Mappings] - 
	c.c.Q.c.TeacherController:
	{GET [/teachers]}: get(String,UserDto)
	{PUT [/teachers/{id}]}: update(Integer,UpdateEntityModel,String,UserDto)
	{GET [/teachers/filter]}: filter(Integer,String,String,Integer,Gender,String,String,String,String,String,UserDto)
	{DELETE [/teachers]}: delete(List,String,UserDto)
	{DELETE [/teachers/cache]}: clearCache(String,UserDto)
	{GET [/teachers/{userId}]}: getByUserId(Integer,String,UserDto)
	{GET [/teachers/paged]}: getPaged(int,int,String,String,String,UserDto)
	{GET [/teachers/{classManaging}/students]}: getStudentsByClassManaging(String,String,String,UserDto)
2026-04-13 13:33:14 [restartedMain] DEBUG [Mappings] - 
	o.s.b.a.w.s.e.BasicErrorController:
	{ [/error]}: error(HttpServletRequest)
	{ [/error], produces [text/html]}: errorHtml(HttpServletRequest,HttpServletResponse)
2026-04-13 13:33:14 [restartedMain] DEBUG [Mappings] - 'beanNameHandlerMapping' {}
2026-04-13 13:33:14 [restartedMain] DEBUG [Mappings] - 'resourceHandlerMapping' {/webjars/**=ResourceHttpRequestHandler [classpath [META-INF/resources/webjars/]], /**=ResourceHttpRequestHandler [classpath [META-INF/resources/], classpath [resources/], classpath [static/], classpath [public/], ServletContext [/]]}
2026-04-13 13:33:14 [restartedMain] WARN  [ThymeleafAutoConfiguration$DefaultTemplateResolverConfiguration] - Cannot find template location: classpath:/templates/ (please add some templates, check your Thymeleaf configuration, or set spring.thymeleaf.check-template-location=false)
2026-04-13 13:33:15 [restartedMain] WARN  [OptionalLiveReloadServer] - Unable to start LiveReload server
2026-04-13 13:33:16 [restartedMain] INFO  [QlgvApplication] - Started QlgvApplication in 4.611 seconds (process running for 472.228)
2026-04-13 13:33:22 [restartedMain] INFO  [QlgvApplication] - Starting QlgvApplication using Java 17.0.12 with PID 18484 (D:\project IntelliJ Ultimate\modules-parent\qlgv\target\classes started by tranhuy in D:\project IntelliJ Ultimate\modules-parent\qlgv)
2026-04-13 13:33:22 [restartedMain] DEBUG [QlgvApplication] - Running with Spring Boot v3.5.0, Spring v6.2.7
2026-04-13 13:33:22 [restartedMain] INFO  [QlgvApplication] - No active profile set, falling back to 1 default profile: "default"
2026-04-13 13:33:23 [restartedMain] DEBUG [RxJava2OnClasspathCondition] - RxJava2 related Aspect extensions are not activated, because RxJava2 is not on the classpath.
2026-04-13 13:33:23 [restartedMain] DEBUG [ReactorOnClasspathCondition] - Reactor related Aspect extensions are not activated because Resilience4j Reactor module is not on the classpath.
2026-04-13 13:33:23 [restartedMain] DEBUG [RxJava2OnClasspathCondition] - RxJava2 related Aspect extensions are not activated, because RxJava2 is not on the classpath.
2026-04-13 13:33:23 [restartedMain] DEBUG [ReactorOnClasspathCondition] - Reactor related Aspect extensions are not activated because Resilience4j Reactor module is not on the classpath.
2026-04-13 13:33:23 [restartedMain] DEBUG [RxJava2OnClasspathCondition] - RxJava2 related Aspect extensions are not activated, because RxJava2 is not on the classpath.
2026-04-13 13:33:23 [restartedMain] DEBUG [ReactorOnClasspathCondition] - Reactor related Aspect extensions are not activated because Resilience4j Reactor module is not on the classpath.
2026-04-13 13:33:23 [restartedMain] DEBUG [RxJava2OnClasspathCondition] - RxJava2 related Aspect extensions are not activated, because RxJava2 is not on the classpath.
2026-04-13 13:33:23 [restartedMain] DEBUG [ReactorOnClasspathCondition] - Reactor related Aspect extensions are not activated because Resilience4j Reactor module is not on the classpath.
2026-04-13 13:33:23 [restartedMain] DEBUG [RxJava2OnClasspathCondition] - RxJava2 related Aspect extensions are not activated, because RxJava2 is not on the classpath.
2026-04-13 13:33:23 [restartedMain] DEBUG [ReactorOnClasspathCondition] - Reactor related Aspect extensions are not activated because Resilience4j Reactor module is not on the classpath.
2026-04-13 13:33:23 [restartedMain] DEBUG [RxJava2OnClasspathCondition] - RxJava2 related Aspect extensions are not activated, because RxJava2 is not on the classpath.
2026-04-13 13:33:23 [restartedMain] DEBUG [ReactorOnClasspathCondition] - Reactor related Aspect extensions are not activated because Resilience4j Reactor module is not on the classpath.
2026-04-13 13:33:23 [restartedMain] WARN  [deprecation] - HHH90000025: MySQL8Dialect does not need to be specified explicitly using 'hibernate.dialect' (remove the property setting and it will be selected by default)
2026-04-13 13:33:23 [restartedMain] WARN  [deprecation] - HHH90000026: MySQL8Dialect has been deprecated; use org.hibernate.dialect.MySQLDialect instead
2026-04-13 13:33:24 [restartedMain] WARN  [JpaBaseConfiguration$JpaWebConfiguration] - spring.jpa.open-in-view is enabled by default. Therefore, database queries may be performed during view rendering. Explicitly configure spring.jpa.open-in-view to disable this warning
2026-04-13 13:33:24 [restartedMain] DEBUG [Mappings] - 
	c.c.Q.c.RedisController:
	{GET [/redis/value/{key}]}: getValue(String)
	{GET [/redis/hash/{key}]}: getHash(String)
	{GET [/redis/type/{key}]}: getKeyType(String)
	{GET [/redis/zset/{key}]}: getZSet(String)
	{GET [/redis/list/{key}]}: getList(String)
	{GET [/redis/keys]}: getAllKeys()
	{GET [/redis/keys/{pattern}]}: getKeysByPattern(String)
	{GET [/redis/ttl/{key}]}: getTTL(String)
	{DELETE [/redis/keys]}: deleteAllKeys()
	{GET [/redis/info]}: getRedisInfo()
	{DELETE [/redis/key/{key}]}: deleteKey(String)
	{GET [/redis/set/{key}]}: getSet(String)
2026-04-13 13:33:24 [restartedMain] DEBUG [Mappings] - 
	c.c.Q.c.TeacherController:
	{GET [/teachers]}: get(String,UserDto)
	{PUT [/teachers/{id}]}: update(Integer,UpdateEntityModel,String,UserDto)
	{GET [/teachers/filter]}: filter(Integer,String,String,Integer,Gender,String,String,String,String,String,UserDto)
	{DELETE [/teachers]}: delete(List,String,UserDto)
	{DELETE [/teachers/cache]}: clearCache(String,UserDto)
	{GET [/teachers/{userId}]}: getByUserId(Integer,String,UserDto)
	{GET [/teachers/paged]}: getPaged(int,int,String,String,String,UserDto)
	{GET [/teachers/{classManaging}/students]}: getStudentsByClassManaging(String,String,String,UserDto)
2026-04-13 13:33:24 [restartedMain] DEBUG [Mappings] - 
	o.s.b.a.w.s.e.BasicErrorController:
	{ [/error]}: error(HttpServletRequest)
	{ [/error], produces [text/html]}: errorHtml(HttpServletRequest,HttpServletResponse)
2026-04-13 13:33:24 [restartedMain] DEBUG [Mappings] - 'beanNameHandlerMapping' {}
2026-04-13 13:33:24 [restartedMain] DEBUG [Mappings] - 'resourceHandlerMapping' {/webjars/**=ResourceHttpRequestHandler [classpath [META-INF/resources/webjars/]], /**=ResourceHttpRequestHandler [classpath [META-INF/resources/], classpath [resources/], classpath [static/], classpath [public/], ServletContext [/]]}
2026-04-13 13:33:24 [restartedMain] WARN  [ThymeleafAutoConfiguration$DefaultTemplateResolverConfiguration] - Cannot find template location: classpath:/templates/ (please add some templates, check your Thymeleaf configuration, or set spring.thymeleaf.check-template-location=false)
2026-04-13 13:33:26 [restartedMain] WARN  [OptionalLiveReloadServer] - Unable to start LiveReload server
2026-04-13 13:33:26 [restartedMain] INFO  [QlgvApplication] - Started QlgvApplication in 3.618 seconds (process running for 482.276)
2026-04-13 13:33:53 [restartedMain] INFO  [QlgvApplication] - Starting QlgvApplication using Java 17.0.12 with PID 18484 (D:\project IntelliJ Ultimate\modules-parent\qlgv\target\classes started by tranhuy in D:\project IntelliJ Ultimate\modules-parent\qlgv)
2026-04-13 13:33:53 [restartedMain] DEBUG [QlgvApplication] - Running with Spring Boot v3.5.0, Spring v6.2.7
2026-04-13 13:33:53 [restartedMain] INFO  [QlgvApplication] - No active profile set, falling back to 1 default profile: "default"
2026-04-13 13:33:53 [restartedMain] DEBUG [RxJava2OnClasspathCondition] - RxJava2 related Aspect extensions are not activated, because RxJava2 is not on the classpath.
2026-04-13 13:33:53 [restartedMain] DEBUG [ReactorOnClasspathCondition] - Reactor related Aspect extensions are not activated because Resilience4j Reactor module is not on the classpath.
2026-04-13 13:33:53 [restartedMain] DEBUG [RxJava2OnClasspathCondition] - RxJava2 related Aspect extensions are not activated, because RxJava2 is not on the classpath.
2026-04-13 13:33:53 [restartedMain] DEBUG [ReactorOnClasspathCondition] - Reactor related Aspect extensions are not activated because Resilience4j Reactor module is not on the classpath.
2026-04-13 13:33:53 [restartedMain] DEBUG [RxJava2OnClasspathCondition] - RxJava2 related Aspect extensions are not activated, because RxJava2 is not on the classpath.
2026-04-13 13:33:53 [restartedMain] DEBUG [ReactorOnClasspathCondition] - Reactor related Aspect extensions are not activated because Resilience4j Reactor module is not on the classpath.
2026-04-13 13:33:53 [restartedMain] DEBUG [RxJava2OnClasspathCondition] - RxJava2 related Aspect extensions are not activated, because RxJava2 is not on the classpath.
2026-04-13 13:33:53 [restartedMain] DEBUG [ReactorOnClasspathCondition] - Reactor related Aspect extensions are not activated because Resilience4j Reactor module is not on the classpath.
2026-04-13 13:33:53 [restartedMain] DEBUG [RxJava2OnClasspathCondition] - RxJava2 related Aspect extensions are not activated, because RxJava2 is not on the classpath.
2026-04-13 13:33:53 [restartedMain] DEBUG [ReactorOnClasspathCondition] - Reactor related Aspect extensions are not activated because Resilience4j Reactor module is not on the classpath.
2026-04-13 13:33:53 [restartedMain] DEBUG [RxJava2OnClasspathCondition] - RxJava2 related Aspect extensions are not activated, because RxJava2 is not on the classpath.
2026-04-13 13:33:53 [restartedMain] DEBUG [ReactorOnClasspathCondition] - Reactor related Aspect extensions are not activated because Resilience4j Reactor module is not on the classpath.
2026-04-13 13:33:54 [restartedMain] WARN  [deprecation] - HHH90000025: MySQL8Dialect does not need to be specified explicitly using 'hibernate.dialect' (remove the property setting and it will be selected by default)
2026-04-13 13:33:54 [restartedMain] WARN  [deprecation] - HHH90000026: MySQL8Dialect has been deprecated; use org.hibernate.dialect.MySQLDialect instead
2026-04-13 13:33:56 [restartedMain] WARN  [JpaBaseConfiguration$JpaWebConfiguration] - spring.jpa.open-in-view is enabled by default. Therefore, database queries may be performed during view rendering. Explicitly configure spring.jpa.open-in-view to disable this warning
2026-04-13 13:33:56 [restartedMain] DEBUG [Mappings] - 
	c.c.Q.c.RedisController:
	{GET [/redis/value/{key}]}: getValue(String)
	{GET [/redis/hash/{key}]}: getHash(String)
	{GET [/redis/type/{key}]}: getKeyType(String)
	{GET [/redis/zset/{key}]}: getZSet(String)
	{GET [/redis/list/{key}]}: getList(String)
	{GET [/redis/keys]}: getAllKeys()
	{GET [/redis/keys/{pattern}]}: getKeysByPattern(String)
	{GET [/redis/ttl/{key}]}: getTTL(String)
	{DELETE [/redis/keys]}: deleteAllKeys()
	{GET [/redis/info]}: getRedisInfo()
	{DELETE [/redis/key/{key}]}: deleteKey(String)
	{GET [/redis/set/{key}]}: getSet(String)
2026-04-13 13:33:56 [restartedMain] DEBUG [Mappings] - 
	c.c.Q.c.TeacherController:
	{GET [/teachers]}: get(String,UserDto)
	{PUT [/teachers/{id}]}: update(Integer,UpdateEntityModel,String,UserDto)
	{GET [/teachers/filter]}: filter(Integer,String,String,Integer,Gender,String,String,String,String,String,UserDto)
	{DELETE [/teachers]}: delete(List,String,UserDto)
	{DELETE [/teachers/cache]}: clearCache(String,UserDto)
	{GET [/teachers/{userId}]}: getByUserId(Integer,String,UserDto)
	{GET [/teachers/paged]}: getPaged(int,int,String,String,String,UserDto)
	{GET [/teachers/{classManaging}/students]}: getStudentsByClassManaging(String,String,String,UserDto)
2026-04-13 13:33:56 [restartedMain] DEBUG [Mappings] - 
	o.s.b.a.w.s.e.BasicErrorController:
	{ [/error]}: error(HttpServletRequest)
	{ [/error], produces [text/html]}: errorHtml(HttpServletRequest,HttpServletResponse)
2026-04-13 13:33:56 [restartedMain] DEBUG [Mappings] - 'beanNameHandlerMapping' {}
2026-04-13 13:33:56 [restartedMain] DEBUG [Mappings] - 'resourceHandlerMapping' {/webjars/**=ResourceHttpRequestHandler [classpath [META-INF/resources/webjars/]], /**=ResourceHttpRequestHandler [classpath [META-INF/resources/], classpath [resources/], classpath [static/], classpath [public/], ServletContext [/]]}
2026-04-13 13:33:56 [restartedMain] WARN  [ThymeleafAutoConfiguration$DefaultTemplateResolverConfiguration] - Cannot find template location: classpath:/templates/ (please add some templates, check your Thymeleaf configuration, or set spring.thymeleaf.check-template-location=false)
2026-04-13 13:33:57 [restartedMain] WARN  [OptionalLiveReloadServer] - Unable to start LiveReload server
2026-04-13 13:33:57 [restartedMain] INFO  [QlgvApplication] - Started QlgvApplication in 4.903 seconds (process running for 514.047)
2026-04-13 13:34:00 [restartedMain] INFO  [QlgvApplication] - Starting QlgvApplication using Java 17.0.12 with PID 18484 (D:\project IntelliJ Ultimate\modules-parent\qlgv\target\classes started by tranhuy in D:\project IntelliJ Ultimate\modules-parent\qlgv)
2026-04-13 13:34:00 [restartedMain] DEBUG [QlgvApplication] - Running with Spring Boot v3.5.0, Spring v6.2.7
2026-04-13 13:34:00 [restartedMain] INFO  [QlgvApplication] - No active profile set, falling back to 1 default profile: "default"
2026-04-13 13:34:01 [restartedMain] DEBUG [RxJava2OnClasspathCondition] - RxJava2 related Aspect extensions are not activated, because RxJava2 is not on the classpath.
2026-04-13 13:34:01 [restartedMain] DEBUG [ReactorOnClasspathCondition] - Reactor related Aspect extensions are not activated because Resilience4j Reactor module is not on the classpath.
2026-04-13 13:34:01 [restartedMain] DEBUG [RxJava2OnClasspathCondition] - RxJava2 related Aspect extensions are not activated, because RxJava2 is not on the classpath.
2026-04-13 13:34:01 [restartedMain] DEBUG [ReactorOnClasspathCondition] - Reactor related Aspect extensions are not activated because Resilience4j Reactor module is not on the classpath.
2026-04-13 13:34:01 [restartedMain] DEBUG [RxJava2OnClasspathCondition] - RxJava2 related Aspect extensions are not activated, because RxJava2 is not on the classpath.
2026-04-13 13:34:01 [restartedMain] DEBUG [ReactorOnClasspathCondition] - Reactor related Aspect extensions are not activated because Resilience4j Reactor module is not on the classpath.
2026-04-13 13:34:01 [restartedMain] DEBUG [RxJava2OnClasspathCondition] - RxJava2 related Aspect extensions are not activated, because RxJava2 is not on the classpath.
2026-04-13 13:34:01 [restartedMain] DEBUG [ReactorOnClasspathCondition] - Reactor related Aspect extensions are not activated because Resilience4j Reactor module is not on the classpath.
2026-04-13 13:34:01 [restartedMain] DEBUG [RxJava2OnClasspathCondition] - RxJava2 related Aspect extensions are not activated, because RxJava2 is not on the classpath.
2026-04-13 13:34:01 [restartedMain] DEBUG [ReactorOnClasspathCondition] - Reactor related Aspect extensions are not activated because Resilience4j Reactor module is not on the classpath.
2026-04-13 13:34:01 [restartedMain] DEBUG [RxJava2OnClasspathCondition] - RxJava2 related Aspect extensions are not activated, because RxJava2 is not on the classpath.
2026-04-13 13:34:01 [restartedMain] DEBUG [ReactorOnClasspathCondition] - Reactor related Aspect extensions are not activated because Resilience4j Reactor module is not on the classpath.
2026-04-13 13:34:02 [restartedMain] WARN  [deprecation] - HHH90000025: MySQL8Dialect does not need to be specified explicitly using 'hibernate.dialect' (remove the property setting and it will be selected by default)
2026-04-13 13:34:02 [restartedMain] WARN  [deprecation] - HHH90000026: MySQL8Dialect has been deprecated; use org.hibernate.dialect.MySQLDialect instead
2026-04-13 13:34:05 [restartedMain] WARN  [JpaBaseConfiguration$JpaWebConfiguration] - spring.jpa.open-in-view is enabled by default. Therefore, database queries may be performed during view rendering. Explicitly configure spring.jpa.open-in-view to disable this warning
2026-04-13 13:34:05 [restartedMain] DEBUG [Mappings] - 
	c.c.Q.c.RedisController:
	{GET [/redis/value/{key}]}: getValue(String)
	{GET [/redis/hash/{key}]}: getHash(String)
	{GET [/redis/type/{key}]}: getKeyType(String)
	{GET [/redis/zset/{key}]}: getZSet(String)
	{GET [/redis/list/{key}]}: getList(String)
	{GET [/redis/keys]}: getAllKeys()
	{GET [/redis/keys/{pattern}]}: getKeysByPattern(String)
	{GET [/redis/ttl/{key}]}: getTTL(String)
	{DELETE [/redis/keys]}: deleteAllKeys()
	{GET [/redis/info]}: getRedisInfo()
	{DELETE [/redis/key/{key}]}: deleteKey(String)
	{GET [/redis/set/{key}]}: getSet(String)
2026-04-13 13:34:05 [restartedMain] DEBUG [Mappings] - 
	c.c.Q.c.TeacherController:
	{GET [/teachers]}: get(String,UserDto)
	{PUT [/teachers/{id}]}: update(Integer,UpdateEntityModel,String,UserDto)
	{GET [/teachers/filter]}: filter(Integer,String,String,Integer,Gender,String,String,String,String,String,UserDto)
	{DELETE [/teachers]}: delete(List,String,UserDto)
	{DELETE [/teachers/cache]}: clearCache(String,UserDto)
	{GET [/teachers/{userId}]}: getByUserId(Integer,String,UserDto)
	{GET [/teachers/paged]}: getPaged(int,int,String,String,String,UserDto)
	{GET [/teachers/{classManaging}/students]}: getStudentsByClassManaging(String,String,String,UserDto)
2026-04-13 13:34:05 [restartedMain] DEBUG [Mappings] - 
	o.s.b.a.w.s.e.BasicErrorController:
	{ [/error]}: error(HttpServletRequest)
	{ [/error], produces [text/html]}: errorHtml(HttpServletRequest,HttpServletResponse)
2026-04-13 13:34:05 [restartedMain] DEBUG [Mappings] - 'beanNameHandlerMapping' {}
2026-04-13 13:34:05 [restartedMain] DEBUG [Mappings] - 'resourceHandlerMapping' {/webjars/**=ResourceHttpRequestHandler [classpath [META-INF/resources/webjars/]], /**=ResourceHttpRequestHandler [classpath [META-INF/resources/], classpath [resources/], classpath [static/], classpath [public/], ServletContext [/]]}
2026-04-13 13:34:06 [restartedMain] WARN  [ThymeleafAutoConfiguration$DefaultTemplateResolverConfiguration] - Cannot find template location: classpath:/templates/ (please add some templates, check your Thymeleaf configuration, or set spring.thymeleaf.check-template-location=false)
2026-04-13 13:34:08 [restartedMain] WARN  [OptionalLiveReloadServer] - Unable to start LiveReload server
2026-04-13 13:34:08 [restartedMain] INFO  [QlgvApplication] - Started QlgvApplication in 7.918 seconds (process running for 524.48)
2026-04-13 13:34:10 [restartedMain] INFO  [QlgvApplication] - Starting QlgvApplication using Java 17.0.12 with PID 18484 (D:\project IntelliJ Ultimate\modules-parent\qlgv\target\classes started by tranhuy in D:\project IntelliJ Ultimate\modules-parent\qlgv)
2026-04-13 13:34:10 [restartedMain] DEBUG [QlgvApplication] - Running with Spring Boot v3.5.0, Spring v6.2.7
2026-04-13 13:34:10 [restartedMain] INFO  [QlgvApplication] - No active profile set, falling back to 1 default profile: "default"
2026-04-13 13:34:10 [restartedMain] DEBUG [RxJava2OnClasspathCondition] - RxJava2 related Aspect extensions are not activated, because RxJava2 is not on the classpath.
2026-04-13 13:34:10 [restartedMain] DEBUG [ReactorOnClasspathCondition] - Reactor related Aspect extensions are not activated because Resilience4j Reactor module is not on the classpath.
2026-04-13 13:34:10 [restartedMain] DEBUG [RxJava2OnClasspathCondition] - RxJava2 related Aspect extensions are not activated, because RxJava2 is not on the classpath.
2026-04-13 13:34:10 [restartedMain] DEBUG [ReactorOnClasspathCondition] - Reactor related Aspect extensions are not activated because Resilience4j Reactor module is not on the classpath.
2026-04-13 13:34:10 [restartedMain] DEBUG [RxJava2OnClasspathCondition] - RxJava2 related Aspect extensions are not activated, because RxJava2 is not on the classpath.
2026-04-13 13:34:10 [restartedMain] DEBUG [ReactorOnClasspathCondition] - Reactor related Aspect extensions are not activated because Resilience4j Reactor module is not on the classpath.
2026-04-13 13:34:10 [restartedMain] DEBUG [RxJava2OnClasspathCondition] - RxJava2 related Aspect extensions are not activated, because RxJava2 is not on the classpath.
2026-04-13 13:34:10 [restartedMain] DEBUG [ReactorOnClasspathCondition] - Reactor related Aspect extensions are not activated because Resilience4j Reactor module is not on the classpath.
2026-04-13 13:34:10 [restartedMain] DEBUG [RxJava2OnClasspathCondition] - RxJava2 related Aspect extensions are not activated, because RxJava2 is not on the classpath.
2026-04-13 13:34:10 [restartedMain] DEBUG [ReactorOnClasspathCondition] - Reactor related Aspect extensions are not activated because Resilience4j Reactor module is not on the classpath.
2026-04-13 13:34:10 [restartedMain] DEBUG [RxJava2OnClasspathCondition] - RxJava2 related Aspect extensions are not activated, because RxJava2 is not on the classpath.
2026-04-13 13:34:10 [restartedMain] DEBUG [ReactorOnClasspathCondition] - Reactor related Aspect extensions are not activated because Resilience4j Reactor module is not on the classpath.
2026-04-13 13:34:11 [restartedMain] WARN  [deprecation] - HHH90000025: MySQL8Dialect does not need to be specified explicitly using 'hibernate.dialect' (remove the property setting and it will be selected by default)
2026-04-13 13:34:11 [restartedMain] WARN  [deprecation] - HHH90000026: MySQL8Dialect has been deprecated; use org.hibernate.dialect.MySQLDialect instead
2026-04-13 13:34:12 [restartedMain] WARN  [JpaBaseConfiguration$JpaWebConfiguration] - spring.jpa.open-in-view is enabled by default. Therefore, database queries may be performed during view rendering. Explicitly configure spring.jpa.open-in-view to disable this warning
2026-04-13 13:34:12 [restartedMain] DEBUG [Mappings] - 
	c.c.Q.c.RedisController:
	{GET [/redis/value/{key}]}: getValue(String)
	{GET [/redis/hash/{key}]}: getHash(String)
	{GET [/redis/type/{key}]}: getKeyType(String)
	{GET [/redis/zset/{key}]}: getZSet(String)
	{GET [/redis/list/{key}]}: getList(String)
	{GET [/redis/keys]}: getAllKeys()
	{GET [/redis/keys/{pattern}]}: getKeysByPattern(String)
	{GET [/redis/ttl/{key}]}: getTTL(String)
	{DELETE [/redis/keys]}: deleteAllKeys()
	{GET [/redis/info]}: getRedisInfo()
	{DELETE [/redis/key/{key}]}: deleteKey(String)
	{GET [/redis/set/{key}]}: getSet(String)
2026-04-13 13:34:12 [restartedMain] DEBUG [Mappings] - 
	c.c.Q.c.TeacherController:
	{GET [/teachers]}: get(String,UserDto)
	{PUT [/teachers/{id}]}: update(Integer,UpdateEntityModel,String,UserDto)
	{GET [/teachers/filter]}: filter(Integer,String,String,Integer,Gender,String,String,String,String,String,UserDto)
	{DELETE [/teachers]}: delete(List,String,UserDto)
	{DELETE [/teachers/cache]}: clearCache(String,UserDto)
	{GET [/teachers/{userId}]}: getByUserId(Integer,String,UserDto)
	{GET [/teachers/paged]}: getPaged(int,int,String,String,String,UserDto)
	{GET [/teachers/{classManaging}/students]}: getStudentsByClassManaging(String,String,String,UserDto)
2026-04-13 13:34:12 [restartedMain] DEBUG [Mappings] - 
	o.s.b.a.w.s.e.BasicErrorController:
	{ [/error]}: error(HttpServletRequest)
	{ [/error], produces [text/html]}: errorHtml(HttpServletRequest,HttpServletResponse)
2026-04-13 13:34:12 [restartedMain] DEBUG [Mappings] - 'beanNameHandlerMapping' {}
2026-04-13 13:34:12 [restartedMain] DEBUG [Mappings] - 'resourceHandlerMapping' {/webjars/**=ResourceHttpRequestHandler [classpath [META-INF/resources/webjars/]], /**=ResourceHttpRequestHandler [classpath [META-INF/resources/], classpath [resources/], classpath [static/], classpath [public/], ServletContext [/]]}
2026-04-13 13:34:12 [restartedMain] WARN  [ThymeleafAutoConfiguration$DefaultTemplateResolverConfiguration] - Cannot find template location: classpath:/templates/ (please add some templates, check your Thymeleaf configuration, or set spring.thymeleaf.check-template-location=false)
2026-04-13 13:34:13 [restartedMain] WARN  [OptionalLiveReloadServer] - Unable to start LiveReload server
2026-04-13 13:34:14 [restartedMain] INFO  [QlgvApplication] - Started QlgvApplication in 3.726 seconds (process running for 530.178)
2026-04-13 13:34:17 [restartedMain] INFO  [QlgvApplication] - Starting QlgvApplication using Java 17.0.12 with PID 18484 (D:\project IntelliJ Ultimate\modules-parent\qlgv\target\classes started by tranhuy in D:\project IntelliJ Ultimate\modules-parent\qlgv)
2026-04-13 13:34:17 [restartedMain] DEBUG [QlgvApplication] - Running with Spring Boot v3.5.0, Spring v6.2.7
2026-04-13 13:34:17 [restartedMain] INFO  [QlgvApplication] - No active profile set, falling back to 1 default profile: "default"
2026-04-13 13:34:17 [restartedMain] DEBUG [RxJava2OnClasspathCondition] - RxJava2 related Aspect extensions are not activated, because RxJava2 is not on the classpath.
2026-04-13 13:34:17 [restartedMain] DEBUG [ReactorOnClasspathCondition] - Reactor related Aspect extensions are not activated because Resilience4j Reactor module is not on the classpath.
2026-04-13 13:34:17 [restartedMain] DEBUG [RxJava2OnClasspathCondition] - RxJava2 related Aspect extensions are not activated, because RxJava2 is not on the classpath.
2026-04-13 13:34:17 [restartedMain] DEBUG [ReactorOnClasspathCondition] - Reactor related Aspect extensions are not activated because Resilience4j Reactor module is not on the classpath.
2026-04-13 13:34:17 [restartedMain] DEBUG [RxJava2OnClasspathCondition] - RxJava2 related Aspect extensions are not activated, because RxJava2 is not on the classpath.
2026-04-13 13:34:17 [restartedMain] DEBUG [ReactorOnClasspathCondition] - Reactor related Aspect extensions are not activated because Resilience4j Reactor module is not on the classpath.
2026-04-13 13:34:17 [restartedMain] DEBUG [RxJava2OnClasspathCondition] - RxJava2 related Aspect extensions are not activated, because RxJava2 is not on the classpath.
2026-04-13 13:34:17 [restartedMain] DEBUG [ReactorOnClasspathCondition] - Reactor related Aspect extensions are not activated because Resilience4j Reactor module is not on the classpath.
2026-04-13 13:34:17 [restartedMain] DEBUG [RxJava2OnClasspathCondition] - RxJava2 related Aspect extensions are not activated, because RxJava2 is not on the classpath.
2026-04-13 13:34:17 [restartedMain] DEBUG [ReactorOnClasspathCondition] - Reactor related Aspect extensions are not activated because Resilience4j Reactor module is not on the classpath.
2026-04-13 13:34:17 [restartedMain] DEBUG [RxJava2OnClasspathCondition] - RxJava2 related Aspect extensions are not activated, because RxJava2 is not on the classpath.
2026-04-13 13:34:17 [restartedMain] DEBUG [ReactorOnClasspathCondition] - Reactor related Aspect extensions are not activated because Resilience4j Reactor module is not on the classpath.
2026-04-13 13:34:18 [restartedMain] WARN  [deprecation] - HHH90000025: MySQL8Dialect does not need to be specified explicitly using 'hibernate.dialect' (remove the property setting and it will be selected by default)
2026-04-13 13:34:18 [restartedMain] WARN  [deprecation] - HHH90000026: MySQL8Dialect has been deprecated; use org.hibernate.dialect.MySQLDialect instead
2026-04-13 13:34:19 [restartedMain] WARN  [JpaBaseConfiguration$JpaWebConfiguration] - spring.jpa.open-in-view is enabled by default. Therefore, database queries may be performed during view rendering. Explicitly configure spring.jpa.open-in-view to disable this warning
2026-04-13 13:34:19 [restartedMain] DEBUG [Mappings] - 
	c.c.Q.c.RedisController:
	{GET [/redis/value/{key}]}: getValue(String)
	{GET [/redis/hash/{key}]}: getHash(String)
	{GET [/redis/type/{key}]}: getKeyType(String)
	{GET [/redis/zset/{key}]}: getZSet(String)
	{GET [/redis/list/{key}]}: getList(String)
	{GET [/redis/keys]}: getAllKeys()
	{GET [/redis/keys/{pattern}]}: getKeysByPattern(String)
	{GET [/redis/ttl/{key}]}: getTTL(String)
	{DELETE [/redis/keys]}: deleteAllKeys()
	{GET [/redis/info]}: getRedisInfo()
	{DELETE [/redis/key/{key}]}: deleteKey(String)
	{GET [/redis/set/{key}]}: getSet(String)
2026-04-13 13:34:19 [restartedMain] DEBUG [Mappings] - 
	c.c.Q.c.TeacherController:
	{GET [/teachers]}: get(String,UserDto)
	{PUT [/teachers/{id}]}: update(Integer,UpdateEntityModel,String,UserDto)
	{GET [/teachers/filter]}: filter(Integer,String,String,Integer,Gender,String,String,String,String,String,UserDto)
	{DELETE [/teachers]}: delete(List,String,UserDto)
	{DELETE [/teachers/cache]}: clearCache(String,UserDto)
	{GET [/teachers/{userId}]}: getByUserId(Integer,String,UserDto)
	{GET [/teachers/paged]}: getPaged(int,int,String,String,String,UserDto)
	{GET [/teachers/{classManaging}/students]}: getStudentsByClassManaging(String,String,String,UserDto)
2026-04-13 13:34:19 [restartedMain] DEBUG [Mappings] - 
	o.s.b.a.w.s.e.BasicErrorController:
	{ [/error]}: error(HttpServletRequest)
	{ [/error], produces [text/html]}: errorHtml(HttpServletRequest,HttpServletResponse)
2026-04-13 13:34:19 [restartedMain] DEBUG [Mappings] - 'beanNameHandlerMapping' {}
2026-04-13 13:34:19 [restartedMain] DEBUG [Mappings] - 'resourceHandlerMapping' {/webjars/**=ResourceHttpRequestHandler [classpath [META-INF/resources/webjars/]], /**=ResourceHttpRequestHandler [classpath [META-INF/resources/], classpath [resources/], classpath [static/], classpath [public/], ServletContext [/]]}
2026-04-13 13:34:19 [restartedMain] WARN  [ThymeleafAutoConfiguration$DefaultTemplateResolverConfiguration] - Cannot find template location: classpath:/templates/ (please add some templates, check your Thymeleaf configuration, or set spring.thymeleaf.check-template-location=false)
2026-04-13 13:34:20 [restartedMain] WARN  [OptionalLiveReloadServer] - Unable to start LiveReload server
2026-04-13 13:34:20 [restartedMain] INFO  [QlgvApplication] - Started QlgvApplication in 3.426 seconds (process running for 536.559)
2026-04-13 13:34:33 [restartedMain] INFO  [QlgvApplication] - Starting QlgvApplication using Java 17.0.12 with PID 18484 (D:\project IntelliJ Ultimate\modules-parent\qlgv\target\classes started by tranhuy in D:\project IntelliJ Ultimate\modules-parent\qlgv)
2026-04-13 13:34:33 [restartedMain] DEBUG [QlgvApplication] - Running with Spring Boot v3.5.0, Spring v6.2.7
2026-04-13 13:34:33 [restartedMain] INFO  [QlgvApplication] - No active profile set, falling back to 1 default profile: "default"
2026-04-13 13:34:34 [restartedMain] DEBUG [RxJava2OnClasspathCondition] - RxJava2 related Aspect extensions are not activated, because RxJava2 is not on the classpath.
2026-04-13 13:34:34 [restartedMain] DEBUG [ReactorOnClasspathCondition] - Reactor related Aspect extensions are not activated because Resilience4j Reactor module is not on the classpath.
2026-04-13 13:34:34 [restartedMain] DEBUG [RxJava2OnClasspathCondition] - RxJava2 related Aspect extensions are not activated, because RxJava2 is not on the classpath.
2026-04-13 13:34:34 [restartedMain] DEBUG [ReactorOnClasspathCondition] - Reactor related Aspect extensions are not activated because Resilience4j Reactor module is not on the classpath.
2026-04-13 13:34:34 [restartedMain] DEBUG [RxJava2OnClasspathCondition] - RxJava2 related Aspect extensions are not activated, because RxJava2 is not on the classpath.
2026-04-13 13:34:34 [restartedMain] DEBUG [ReactorOnClasspathCondition] - Reactor related Aspect extensions are not activated because Resilience4j Reactor module is not on the classpath.
2026-04-13 13:34:34 [restartedMain] DEBUG [RxJava2OnClasspathCondition] - RxJava2 related Aspect extensions are not activated, because RxJava2 is not on the classpath.
2026-04-13 13:34:34 [restartedMain] DEBUG [ReactorOnClasspathCondition] - Reactor related Aspect extensions are not activated because Resilience4j Reactor module is not on the classpath.
2026-04-13 13:34:34 [restartedMain] DEBUG [RxJava2OnClasspathCondition] - RxJava2 related Aspect extensions are not activated, because RxJava2 is not on the classpath.
2026-04-13 13:34:34 [restartedMain] DEBUG [ReactorOnClasspathCondition] - Reactor related Aspect extensions are not activated because Resilience4j Reactor module is not on the classpath.
2026-04-13 13:34:34 [restartedMain] DEBUG [RxJava2OnClasspathCondition] - RxJava2 related Aspect extensions are not activated, because RxJava2 is not on the classpath.
2026-04-13 13:34:34 [restartedMain] DEBUG [ReactorOnClasspathCondition] - Reactor related Aspect extensions are not activated because Resilience4j Reactor module is not on the classpath.
2026-04-13 13:34:35 [restartedMain] WARN  [deprecation] - HHH90000025: MySQL8Dialect does not need to be specified explicitly using 'hibernate.dialect' (remove the property setting and it will be selected by default)
2026-04-13 13:34:35 [restartedMain] WARN  [deprecation] - HHH90000026: MySQL8Dialect has been deprecated; use org.hibernate.dialect.MySQLDialect instead
2026-04-13 13:34:36 [restartedMain] WARN  [JpaBaseConfiguration$JpaWebConfiguration] - spring.jpa.open-in-view is enabled by default. Therefore, database queries may be performed during view rendering. Explicitly configure spring.jpa.open-in-view to disable this warning
2026-04-13 13:34:36 [restartedMain] DEBUG [Mappings] - 
	c.c.Q.c.RedisController:
	{GET [/redis/value/{key}]}: getValue(String)
	{GET [/redis/hash/{key}]}: getHash(String)
	{GET [/redis/type/{key}]}: getKeyType(String)
	{GET [/redis/zset/{key}]}: getZSet(String)
	{GET [/redis/list/{key}]}: getList(String)
	{GET [/redis/keys]}: getAllKeys()
	{GET [/redis/keys/{pattern}]}: getKeysByPattern(String)
	{GET [/redis/ttl/{key}]}: getTTL(String)
	{DELETE [/redis/keys]}: deleteAllKeys()
	{GET [/redis/info]}: getRedisInfo()
	{DELETE [/redis/key/{key}]}: deleteKey(String)
	{GET [/redis/set/{key}]}: getSet(String)
2026-04-13 13:34:36 [restartedMain] DEBUG [Mappings] - 
	c.c.Q.c.TeacherController:
	{GET [/teachers]}: get(String,UserDto)
	{PUT [/teachers/{id}]}: update(Integer,UpdateEntityModel,String,UserDto)
	{GET [/teachers/filter]}: filter(Integer,String,String,Integer,Gender,String,String,String,String,String,UserDto)
	{DELETE [/teachers]}: delete(List,String,UserDto)
	{DELETE [/teachers/cache]}: clearCache(String,UserDto)
	{GET [/teachers/{userId}]}: getByUserId(Integer,String,UserDto)
	{GET [/teachers/paged]}: getPaged(int,int,String,String,String,UserDto)
	{GET [/teachers/{classManaging}/students]}: getStudentsByClassManaging(String,String,String,UserDto)
2026-04-13 13:34:36 [restartedMain] DEBUG [Mappings] - 
	o.s.b.a.w.s.e.BasicErrorController:
	{ [/error]}: error(HttpServletRequest)
	{ [/error], produces [text/html]}: errorHtml(HttpServletRequest,HttpServletResponse)
2026-04-13 13:34:36 [restartedMain] DEBUG [Mappings] - 'beanNameHandlerMapping' {}
2026-04-13 13:34:36 [restartedMain] DEBUG [Mappings] - 'resourceHandlerMapping' {/webjars/**=ResourceHttpRequestHandler [classpath [META-INF/resources/webjars/]], /**=ResourceHttpRequestHandler [classpath [META-INF/resources/], classpath [resources/], classpath [static/], classpath [public/], ServletContext [/]]}
2026-04-13 13:34:36 [restartedMain] WARN  [ThymeleafAutoConfiguration$DefaultTemplateResolverConfiguration] - Cannot find template location: classpath:/templates/ (please add some templates, check your Thymeleaf configuration, or set spring.thymeleaf.check-template-location=false)
2026-04-13 13:34:37 [restartedMain] WARN  [OptionalLiveReloadServer] - Unable to start LiveReload server
2026-04-13 13:34:37 [restartedMain] INFO  [QlgvApplication] - Started QlgvApplication in 3.224 seconds (process running for 553.293)
2026-04-13 13:35:01 [restartedMain] INFO  [QlgvApplication] - Starting QlgvApplication using Java 17.0.12 with PID 18484 (D:\project IntelliJ Ultimate\modules-parent\qlgv\target\classes started by tranhuy in D:\project IntelliJ Ultimate\modules-parent\qlgv)
2026-04-13 13:35:01 [restartedMain] DEBUG [QlgvApplication] - Running with Spring Boot v3.5.0, Spring v6.2.7
2026-04-13 13:35:01 [restartedMain] INFO  [QlgvApplication] - No active profile set, falling back to 1 default profile: "default"
2026-04-13 13:35:02 [restartedMain] DEBUG [RxJava2OnClasspathCondition] - RxJava2 related Aspect extensions are not activated, because RxJava2 is not on the classpath.
2026-04-13 13:35:02 [restartedMain] DEBUG [ReactorOnClasspathCondition] - Reactor related Aspect extensions are not activated because Resilience4j Reactor module is not on the classpath.
2026-04-13 13:35:02 [restartedMain] DEBUG [RxJava2OnClasspathCondition] - RxJava2 related Aspect extensions are not activated, because RxJava2 is not on the classpath.
2026-04-13 13:35:02 [restartedMain] DEBUG [ReactorOnClasspathCondition] - Reactor related Aspect extensions are not activated because Resilience4j Reactor module is not on the classpath.
2026-04-13 13:35:02 [restartedMain] DEBUG [RxJava2OnClasspathCondition] - RxJava2 related Aspect extensions are not activated, because RxJava2 is not on the classpath.
2026-04-13 13:35:02 [restartedMain] DEBUG [ReactorOnClasspathCondition] - Reactor related Aspect extensions are not activated because Resilience4j Reactor module is not on the classpath.
2026-04-13 13:35:02 [restartedMain] DEBUG [RxJava2OnClasspathCondition] - RxJava2 related Aspect extensions are not activated, because RxJava2 is not on the classpath.
2026-04-13 13:35:02 [restartedMain] DEBUG [ReactorOnClasspathCondition] - Reactor related Aspect extensions are not activated because Resilience4j Reactor module is not on the classpath.
2026-04-13 13:35:02 [restartedMain] DEBUG [RxJava2OnClasspathCondition] - RxJava2 related Aspect extensions are not activated, because RxJava2 is not on the classpath.
2026-04-13 13:35:02 [restartedMain] DEBUG [ReactorOnClasspathCondition] - Reactor related Aspect extensions are not activated because Resilience4j Reactor module is not on the classpath.
2026-04-13 13:35:02 [restartedMain] DEBUG [RxJava2OnClasspathCondition] - RxJava2 related Aspect extensions are not activated, because RxJava2 is not on the classpath.
2026-04-13 13:35:02 [restartedMain] DEBUG [ReactorOnClasspathCondition] - Reactor related Aspect extensions are not activated because Resilience4j Reactor module is not on the classpath.
2026-04-13 13:35:02 [restartedMain] WARN  [deprecation] - HHH90000025: MySQL8Dialect does not need to be specified explicitly using 'hibernate.dialect' (remove the property setting and it will be selected by default)
2026-04-13 13:35:02 [restartedMain] WARN  [deprecation] - HHH90000026: MySQL8Dialect has been deprecated; use org.hibernate.dialect.MySQLDialect instead
2026-04-13 13:35:03 [restartedMain] WARN  [JpaBaseConfiguration$JpaWebConfiguration] - spring.jpa.open-in-view is enabled by default. Therefore, database queries may be performed during view rendering. Explicitly configure spring.jpa.open-in-view to disable this warning
2026-04-13 13:35:03 [restartedMain] DEBUG [Mappings] - 
	c.c.Q.c.RedisController:
	{GET [/redis/value/{key}]}: getValue(String)
	{GET [/redis/hash/{key}]}: getHash(String)
	{GET [/redis/type/{key}]}: getKeyType(String)
	{GET [/redis/zset/{key}]}: getZSet(String)
	{GET [/redis/list/{key}]}: getList(String)
	{GET [/redis/keys]}: getAllKeys()
	{GET [/redis/keys/{pattern}]}: getKeysByPattern(String)
	{GET [/redis/ttl/{key}]}: getTTL(String)
	{DELETE [/redis/keys]}: deleteAllKeys()
	{GET [/redis/info]}: getRedisInfo()
	{DELETE [/redis/key/{key}]}: deleteKey(String)
	{GET [/redis/set/{key}]}: getSet(String)
2026-04-13 13:35:03 [restartedMain] DEBUG [Mappings] - 
	c.c.Q.c.TeacherController:
	{GET [/teachers]}: get(String,UserDto)
	{PUT [/teachers/{id}]}: update(Integer,UpdateEntityModel,String,UserDto)
	{GET [/teachers/filter]}: filter(Integer,String,String,Integer,Gender,String,String,String,String,String,UserDto)
	{DELETE [/teachers]}: delete(List,String,UserDto)
	{DELETE [/teachers/cache]}: clearCache(String,UserDto)
	{GET [/teachers/{userId}]}: getByUserId(Integer,String,UserDto)
	{GET [/teachers/paged]}: getPaged(int,int,String,String,String,UserDto)
	{GET [/teachers/{classManaging}/students]}: getStudentsByClassManaging(String,String,String,UserDto)
2026-04-13 13:35:03 [restartedMain] DEBUG [Mappings] - 
	o.s.b.a.w.s.e.BasicErrorController:
	{ [/error]}: error(HttpServletRequest)
	{ [/error], produces [text/html]}: errorHtml(HttpServletRequest,HttpServletResponse)
2026-04-13 13:35:03 [restartedMain] DEBUG [Mappings] - 'beanNameHandlerMapping' {}
2026-04-13 13:35:04 [restartedMain] DEBUG [Mappings] - 'resourceHandlerMapping' {/webjars/**=ResourceHttpRequestHandler [classpath [META-INF/resources/webjars/]], /**=ResourceHttpRequestHandler [classpath [META-INF/resources/], classpath [resources/], classpath [static/], classpath [public/], ServletContext [/]]}
2026-04-13 13:35:04 [restartedMain] WARN  [ThymeleafAutoConfiguration$DefaultTemplateResolverConfiguration] - Cannot find template location: classpath:/templates/ (please add some templates, check your Thymeleaf configuration, or set spring.thymeleaf.check-template-location=false)
2026-04-13 13:35:05 [restartedMain] WARN  [OptionalLiveReloadServer] - Unable to start LiveReload server
2026-04-13 13:35:05 [restartedMain] INFO  [QlgvApplication] - Started QlgvApplication in 3.83 seconds (process running for 581.796)
2026-04-13 13:36:23 [restartedMain] INFO  [QlgvApplication] - Starting QlgvApplication using Java 17.0.12 with PID 18484 (D:\project IntelliJ Ultimate\modules-parent\qlgv\target\classes started by tranhuy in D:\project IntelliJ Ultimate\modules-parent\qlgv)
2026-04-13 13:36:23 [restartedMain] DEBUG [QlgvApplication] - Running with Spring Boot v3.5.0, Spring v6.2.7
2026-04-13 13:36:23 [restartedMain] INFO  [QlgvApplication] - No active profile set, falling back to 1 default profile: "default"
2026-04-13 13:36:24 [restartedMain] DEBUG [RxJava2OnClasspathCondition] - RxJava2 related Aspect extensions are not activated, because RxJava2 is not on the classpath.
2026-04-13 13:36:24 [restartedMain] DEBUG [ReactorOnClasspathCondition] - Reactor related Aspect extensions are not activated because Resilience4j Reactor module is not on the classpath.
2026-04-13 13:36:24 [restartedMain] DEBUG [RxJava2OnClasspathCondition] - RxJava2 related Aspect extensions are not activated, because RxJava2 is not on the classpath.
2026-04-13 13:36:24 [restartedMain] DEBUG [ReactorOnClasspathCondition] - Reactor related Aspect extensions are not activated because Resilience4j Reactor module is not on the classpath.
2026-04-13 13:36:24 [restartedMain] DEBUG [RxJava2OnClasspathCondition] - RxJava2 related Aspect extensions are not activated, because RxJava2 is not on the classpath.
2026-04-13 13:36:24 [restartedMain] DEBUG [ReactorOnClasspathCondition] - Reactor related Aspect extensions are not activated because Resilience4j Reactor module is not on the classpath.
2026-04-13 13:36:24 [restartedMain] DEBUG [RxJava2OnClasspathCondition] - RxJava2 related Aspect extensions are not activated, because RxJava2 is not on the classpath.
2026-04-13 13:36:24 [restartedMain] DEBUG [ReactorOnClasspathCondition] - Reactor related Aspect extensions are not activated because Resilience4j Reactor module is not on the classpath.
2026-04-13 13:36:24 [restartedMain] DEBUG [RxJava2OnClasspathCondition] - RxJava2 related Aspect extensions are not activated, because RxJava2 is not on the classpath.
2026-04-13 13:36:24 [restartedMain] DEBUG [ReactorOnClasspathCondition] - Reactor related Aspect extensions are not activated because Resilience4j Reactor module is not on the classpath.
2026-04-13 13:36:24 [restartedMain] DEBUG [RxJava2OnClasspathCondition] - RxJava2 related Aspect extensions are not activated, because RxJava2 is not on the classpath.
2026-04-13 13:36:24 [restartedMain] DEBUG [ReactorOnClasspathCondition] - Reactor related Aspect extensions are not activated because Resilience4j Reactor module is not on the classpath.
2026-04-13 13:36:24 [restartedMain] WARN  [deprecation] - HHH90000025: MySQL8Dialect does not need to be specified explicitly using 'hibernate.dialect' (remove the property setting and it will be selected by default)
2026-04-13 13:36:24 [restartedMain] WARN  [deprecation] - HHH90000026: MySQL8Dialect has been deprecated; use org.hibernate.dialect.MySQLDialect instead
2026-04-13 13:36:25 [restartedMain] WARN  [JpaBaseConfiguration$JpaWebConfiguration] - spring.jpa.open-in-view is enabled by default. Therefore, database queries may be performed during view rendering. Explicitly configure spring.jpa.open-in-view to disable this warning
2026-04-13 13:36:25 [restartedMain] DEBUG [Mappings] - 
	c.c.Q.c.RedisController:
	{GET [/redis/value/{key}]}: getValue(String)
	{GET [/redis/hash/{key}]}: getHash(String)
	{GET [/redis/type/{key}]}: getKeyType(String)
	{GET [/redis/zset/{key}]}: getZSet(String)
	{GET [/redis/list/{key}]}: getList(String)
	{GET [/redis/keys]}: getAllKeys()
	{GET [/redis/keys/{pattern}]}: getKeysByPattern(String)
	{GET [/redis/ttl/{key}]}: getTTL(String)
	{DELETE [/redis/keys]}: deleteAllKeys()
	{GET [/redis/info]}: getRedisInfo()
	{DELETE [/redis/key/{key}]}: deleteKey(String)
	{GET [/redis/set/{key}]}: getSet(String)
2026-04-13 13:36:25 [restartedMain] DEBUG [Mappings] - 
	c.c.Q.c.TeacherController:
	{GET [/teachers]}: get(String,UserDto)
	{PUT [/teachers/{id}]}: update(Integer,UpdateEntityModel,String,UserDto)
	{GET [/teachers/filter]}: filter(Integer,String,String,Integer,Gender,String,String,String,String,String,UserDto)
	{DELETE [/teachers]}: delete(List,String,UserDto)
	{DELETE [/teachers/cache]}: clearCache(String,UserDto)
	{GET [/teachers/{userId}]}: getByUserId(Integer,String,UserDto)
	{GET [/teachers/paged]}: getPaged(int,int,String,String,String,UserDto)
	{GET [/teachers/{classManaging}/students]}: getStudentsByClassManaging(String,String,String,UserDto)
2026-04-13 13:36:25 [restartedMain] DEBUG [Mappings] - 
	o.s.b.a.w.s.e.BasicErrorController:
	{ [/error]}: error(HttpServletRequest)
	{ [/error], produces [text/html]}: errorHtml(HttpServletRequest,HttpServletResponse)
2026-04-13 13:36:25 [restartedMain] DEBUG [Mappings] - 'beanNameHandlerMapping' {}
2026-04-13 13:36:26 [restartedMain] DEBUG [Mappings] - 'resourceHandlerMapping' {/webjars/**=ResourceHttpRequestHandler [classpath [META-INF/resources/webjars/]], /**=ResourceHttpRequestHandler [classpath [META-INF/resources/], classpath [resources/], classpath [static/], classpath [public/], ServletContext [/]]}
2026-04-13 13:36:26 [restartedMain] WARN  [ThymeleafAutoConfiguration$DefaultTemplateResolverConfiguration] - Cannot find template location: classpath:/templates/ (please add some templates, check your Thymeleaf configuration, or set spring.thymeleaf.check-template-location=false)
2026-04-13 13:36:27 [restartedMain] WARN  [OptionalLiveReloadServer] - Unable to start LiveReload server
2026-04-13 13:36:27 [restartedMain] INFO  [QlgvApplication] - Started QlgvApplication in 3.802 seconds (process running for 663.482)
2026-04-13 13:36:44 [restartedMain] INFO  [QlgvApplication] - Starting QlgvApplication using Java 17.0.12 with PID 18484 (D:\project IntelliJ Ultimate\modules-parent\qlgv\target\classes started by tranhuy in D:\project IntelliJ Ultimate\modules-parent\qlgv)
2026-04-13 13:36:44 [restartedMain] DEBUG [QlgvApplication] - Running with Spring Boot v3.5.0, Spring v6.2.7
2026-04-13 13:36:44 [restartedMain] INFO  [QlgvApplication] - No active profile set, falling back to 1 default profile: "default"
2026-04-13 13:36:44 [restartedMain] DEBUG [RxJava2OnClasspathCondition] - RxJava2 related Aspect extensions are not activated, because RxJava2 is not on the classpath.
2026-04-13 13:36:44 [restartedMain] DEBUG [ReactorOnClasspathCondition] - Reactor related Aspect extensions are not activated because Resilience4j Reactor module is not on the classpath.
2026-04-13 13:36:44 [restartedMain] DEBUG [RxJava2OnClasspathCondition] - RxJava2 related Aspect extensions are not activated, because RxJava2 is not on the classpath.
2026-04-13 13:36:44 [restartedMain] DEBUG [ReactorOnClasspathCondition] - Reactor related Aspect extensions are not activated because Resilience4j Reactor module is not on the classpath.
2026-04-13 13:36:44 [restartedMain] DEBUG [RxJava2OnClasspathCondition] - RxJava2 related Aspect extensions are not activated, because RxJava2 is not on the classpath.
2026-04-13 13:36:44 [restartedMain] DEBUG [ReactorOnClasspathCondition] - Reactor related Aspect extensions are not activated because Resilience4j Reactor module is not on the classpath.
2026-04-13 13:36:44 [restartedMain] DEBUG [RxJava2OnClasspathCondition] - RxJava2 related Aspect extensions are not activated, because RxJava2 is not on the classpath.
2026-04-13 13:36:44 [restartedMain] DEBUG [ReactorOnClasspathCondition] - Reactor related Aspect extensions are not activated because Resilience4j Reactor module is not on the classpath.
2026-04-13 13:36:44 [restartedMain] DEBUG [RxJava2OnClasspathCondition] - RxJava2 related Aspect extensions are not activated, because RxJava2 is not on the classpath.
2026-04-13 13:36:44 [restartedMain] DEBUG [ReactorOnClasspathCondition] - Reactor related Aspect extensions are not activated because Resilience4j Reactor module is not on the classpath.
2026-04-13 13:36:44 [restartedMain] DEBUG [RxJava2OnClasspathCondition] - RxJava2 related Aspect extensions are not activated, because RxJava2 is not on the classpath.
2026-04-13 13:36:44 [restartedMain] DEBUG [ReactorOnClasspathCondition] - Reactor related Aspect extensions are not activated because Resilience4j Reactor module is not on the classpath.
2026-04-13 13:36:45 [restartedMain] WARN  [deprecation] - HHH90000025: MySQL8Dialect does not need to be specified explicitly using 'hibernate.dialect' (remove the property setting and it will be selected by default)
2026-04-13 13:36:45 [restartedMain] WARN  [deprecation] - HHH90000026: MySQL8Dialect has been deprecated; use org.hibernate.dialect.MySQLDialect instead
2026-04-13 13:36:46 [restartedMain] WARN  [JpaBaseConfiguration$JpaWebConfiguration] - spring.jpa.open-in-view is enabled by default. Therefore, database queries may be performed during view rendering. Explicitly configure spring.jpa.open-in-view to disable this warning
2026-04-13 13:36:46 [restartedMain] DEBUG [Mappings] - 
	c.c.Q.c.RedisController:
	{GET [/redis/value/{key}]}: getValue(String)
	{GET [/redis/hash/{key}]}: getHash(String)
	{GET [/redis/type/{key}]}: getKeyType(String)
	{GET [/redis/zset/{key}]}: getZSet(String)
	{GET [/redis/list/{key}]}: getList(String)
	{GET [/redis/keys]}: getAllKeys()
	{GET [/redis/keys/{pattern}]}: getKeysByPattern(String)
	{GET [/redis/ttl/{key}]}: getTTL(String)
	{DELETE [/redis/keys]}: deleteAllKeys()
	{GET [/redis/info]}: getRedisInfo()
	{DELETE [/redis/key/{key}]}: deleteKey(String)
	{GET [/redis/set/{key}]}: getSet(String)
2026-04-13 13:36:46 [restartedMain] DEBUG [Mappings] - 
	c.c.Q.c.TeacherController:
	{GET [/teachers]}: get(String,UserDto)
	{PUT [/teachers/{id}]}: update(Integer,UpdateEntityModel,String,UserDto)
	{GET [/teachers/filter]}: filter(Integer,String,String,Integer,Gender,String,String,String,String,String,UserDto)
	{DELETE [/teachers]}: delete(List,String,UserDto)
	{DELETE [/teachers/cache]}: clearCache(String,UserDto)
	{GET [/teachers/{userId}]}: getByUserId(Integer,String,UserDto)
	{GET [/teachers/paged]}: getPaged(int,int,String,String,String,UserDto)
	{GET [/teachers/{classManaging}/students]}: getStudentsByClassManaging(String,String,String,UserDto)
2026-04-13 13:36:46 [restartedMain] DEBUG [Mappings] - 
	o.s.b.a.w.s.e.BasicErrorController:
	{ [/error]}: error(HttpServletRequest)
	{ [/error], produces [text/html]}: errorHtml(HttpServletRequest,HttpServletResponse)
2026-04-13 13:36:46 [restartedMain] DEBUG [Mappings] - 'beanNameHandlerMapping' {}
2026-04-13 13:36:46 [restartedMain] DEBUG [Mappings] - 'resourceHandlerMapping' {/webjars/**=ResourceHttpRequestHandler [classpath [META-INF/resources/webjars/]], /**=ResourceHttpRequestHandler [classpath [META-INF/resources/], classpath [resources/], classpath [static/], classpath [public/], ServletContext [/]]}
2026-04-13 13:36:46 [restartedMain] WARN  [ThymeleafAutoConfiguration$DefaultTemplateResolverConfiguration] - Cannot find template location: classpath:/templates/ (please add some templates, check your Thymeleaf configuration, or set spring.thymeleaf.check-template-location=false)
2026-04-13 13:36:47 [restartedMain] WARN  [OptionalLiveReloadServer] - Unable to start LiveReload server
2026-04-13 13:36:47 [restartedMain] INFO  [QlgvApplication] - Started QlgvApplication in 3.787 seconds (process running for 683.964)
2026-04-13 13:36:49 [restartedMain] INFO  [QlgvApplication] - Starting QlgvApplication using Java 17.0.12 with PID 18484 (D:\project IntelliJ Ultimate\modules-parent\qlgv\target\classes started by tranhuy in D:\project IntelliJ Ultimate\modules-parent\qlgv)
2026-04-13 13:36:49 [restartedMain] DEBUG [QlgvApplication] - Running with Spring Boot v3.5.0, Spring v6.2.7
2026-04-13 13:36:49 [restartedMain] INFO  [QlgvApplication] - No active profile set, falling back to 1 default profile: "default"
2026-04-13 13:36:50 [restartedMain] DEBUG [RxJava2OnClasspathCondition] - RxJava2 related Aspect extensions are not activated, because RxJava2 is not on the classpath.
2026-04-13 13:36:50 [restartedMain] DEBUG [ReactorOnClasspathCondition] - Reactor related Aspect extensions are not activated because Resilience4j Reactor module is not on the classpath.
2026-04-13 13:36:50 [restartedMain] DEBUG [RxJava2OnClasspathCondition] - RxJava2 related Aspect extensions are not activated, because RxJava2 is not on the classpath.
2026-04-13 13:36:50 [restartedMain] DEBUG [ReactorOnClasspathCondition] - Reactor related Aspect extensions are not activated because Resilience4j Reactor module is not on the classpath.
2026-04-13 13:36:50 [restartedMain] DEBUG [RxJava2OnClasspathCondition] - RxJava2 related Aspect extensions are not activated, because RxJava2 is not on the classpath.
2026-04-13 13:36:50 [restartedMain] DEBUG [ReactorOnClasspathCondition] - Reactor related Aspect extensions are not activated because Resilience4j Reactor module is not on the classpath.
2026-04-13 13:36:50 [restartedMain] DEBUG [RxJava2OnClasspathCondition] - RxJava2 related Aspect extensions are not activated, because RxJava2 is not on the classpath.
2026-04-13 13:36:50 [restartedMain] DEBUG [ReactorOnClasspathCondition] - Reactor related Aspect extensions are not activated because Resilience4j Reactor module is not on the classpath.
2026-04-13 13:36:50 [restartedMain] DEBUG [RxJava2OnClasspathCondition] - RxJava2 related Aspect extensions are not activated, because RxJava2 is not on the classpath.
2026-04-13 13:36:50 [restartedMain] DEBUG [ReactorOnClasspathCondition] - Reactor related Aspect extensions are not activated because Resilience4j Reactor module is not on the classpath.
2026-04-13 13:36:50 [restartedMain] DEBUG [RxJava2OnClasspathCondition] - RxJava2 related Aspect extensions are not activated, because RxJava2 is not on the classpath.
2026-04-13 13:36:50 [restartedMain] DEBUG [ReactorOnClasspathCondition] - Reactor related Aspect extensions are not activated because Resilience4j Reactor module is not on the classpath.
2026-04-13 13:36:50 [restartedMain] WARN  [deprecation] - HHH90000025: MySQL8Dialect does not need to be specified explicitly using 'hibernate.dialect' (remove the property setting and it will be selected by default)
2026-04-13 13:36:50 [restartedMain] WARN  [deprecation] - HHH90000026: MySQL8Dialect has been deprecated; use org.hibernate.dialect.MySQLDialect instead
2026-04-13 13:36:51 [restartedMain] WARN  [JpaBaseConfiguration$JpaWebConfiguration] - spring.jpa.open-in-view is enabled by default. Therefore, database queries may be performed during view rendering. Explicitly configure spring.jpa.open-in-view to disable this warning
2026-04-13 13:36:51 [restartedMain] DEBUG [Mappings] - 
	c.c.Q.c.RedisController:
	{GET [/redis/value/{key}]}: getValue(String)
	{GET [/redis/hash/{key}]}: getHash(String)
	{GET [/redis/type/{key}]}: getKeyType(String)
	{GET [/redis/zset/{key}]}: getZSet(String)
	{GET [/redis/list/{key}]}: getList(String)
	{GET [/redis/keys]}: getAllKeys()
	{GET [/redis/keys/{pattern}]}: getKeysByPattern(String)
	{GET [/redis/ttl/{key}]}: getTTL(String)
	{DELETE [/redis/keys]}: deleteAllKeys()
	{GET [/redis/info]}: getRedisInfo()
	{DELETE [/redis/key/{key}]}: deleteKey(String)
	{GET [/redis/set/{key}]}: getSet(String)
2026-04-13 13:36:51 [restartedMain] DEBUG [Mappings] - 
	c.c.Q.c.TeacherController:
	{GET [/teachers]}: get(String,UserDto)
	{PUT [/teachers/{id}]}: update(Integer,UpdateEntityModel,String,UserDto)
	{GET [/teachers/filter]}: filter(Integer,String,String,Integer,Gender,String,String,String,String,String,UserDto)
	{DELETE [/teachers]}: delete(List,String,UserDto)
	{DELETE [/teachers/cache]}: clearCache(String,UserDto)
	{GET [/teachers/{userId}]}: getByUserId(Integer,String,UserDto)
	{GET [/teachers/paged]}: getPaged(int,int,String,String,String,UserDto)
	{GET [/teachers/{classManaging}/students]}: getStudentsByClassManaging(String,String,String,UserDto)
2026-04-13 13:36:51 [restartedMain] DEBUG [Mappings] - 
	o.s.b.a.w.s.e.BasicErrorController:
	{ [/error]}: error(HttpServletRequest)
	{ [/error], produces [text/html]}: errorHtml(HttpServletRequest,HttpServletResponse)
2026-04-13 13:36:51 [restartedMain] DEBUG [Mappings] - 'beanNameHandlerMapping' {}
2026-04-13 13:36:51 [restartedMain] DEBUG [Mappings] - 'resourceHandlerMapping' {/webjars/**=ResourceHttpRequestHandler [classpath [META-INF/resources/webjars/]], /**=ResourceHttpRequestHandler [classpath [META-INF/resources/], classpath [resources/], classpath [static/], classpath [public/], ServletContext [/]]}
2026-04-13 13:36:51 [restartedMain] WARN  [ThymeleafAutoConfiguration$DefaultTemplateResolverConfiguration] - Cannot find template location: classpath:/templates/ (please add some templates, check your Thymeleaf configuration, or set spring.thymeleaf.check-template-location=false)
2026-04-13 13:36:52 [restartedMain] WARN  [OptionalLiveReloadServer] - Unable to start LiveReload server
2026-04-13 13:36:52 [restartedMain] INFO  [QlgvApplication] - Started QlgvApplication in 2.773 seconds (process running for 688.713)
2026-04-13 13:37:15 [restartedMain] INFO  [QlgvApplication] - Starting QlgvApplication using Java 17.0.12 with PID 18484 (D:\project IntelliJ Ultimate\modules-parent\qlgv\target\classes started by tranhuy in D:\project IntelliJ Ultimate\modules-parent\qlgv)
2026-04-13 13:37:15 [restartedMain] DEBUG [QlgvApplication] - Running with Spring Boot v3.5.0, Spring v6.2.7
2026-04-13 13:37:15 [restartedMain] INFO  [QlgvApplication] - No active profile set, falling back to 1 default profile: "default"
2026-04-13 13:37:15 [restartedMain] DEBUG [RxJava2OnClasspathCondition] - RxJava2 related Aspect extensions are not activated, because RxJava2 is not on the classpath.
2026-04-13 13:37:15 [restartedMain] DEBUG [ReactorOnClasspathCondition] - Reactor related Aspect extensions are not activated because Resilience4j Reactor module is not on the classpath.
2026-04-13 13:37:15 [restartedMain] DEBUG [RxJava2OnClasspathCondition] - RxJava2 related Aspect extensions are not activated, because RxJava2 is not on the classpath.
2026-04-13 13:37:15 [restartedMain] DEBUG [ReactorOnClasspathCondition] - Reactor related Aspect extensions are not activated because Resilience4j Reactor module is not on the classpath.
2026-04-13 13:37:15 [restartedMain] DEBUG [RxJava2OnClasspathCondition] - RxJava2 related Aspect extensions are not activated, because RxJava2 is not on the classpath.
2026-04-13 13:37:15 [restartedMain] DEBUG [ReactorOnClasspathCondition] - Reactor related Aspect extensions are not activated because Resilience4j Reactor module is not on the classpath.
2026-04-13 13:37:15 [restartedMain] DEBUG [RxJava2OnClasspathCondition] - RxJava2 related Aspect extensions are not activated, because RxJava2 is not on the classpath.
2026-04-13 13:37:15 [restartedMain] DEBUG [ReactorOnClasspathCondition] - Reactor related Aspect extensions are not activated because Resilience4j Reactor module is not on the classpath.
2026-04-13 13:37:15 [restartedMain] DEBUG [RxJava2OnClasspathCondition] - RxJava2 related Aspect extensions are not activated, because RxJava2 is not on the classpath.
2026-04-13 13:37:15 [restartedMain] DEBUG [ReactorOnClasspathCondition] - Reactor related Aspect extensions are not activated because Resilience4j Reactor module is not on the classpath.
2026-04-13 13:37:15 [restartedMain] DEBUG [RxJava2OnClasspathCondition] - RxJava2 related Aspect extensions are not activated, because RxJava2 is not on the classpath.
2026-04-13 13:37:15 [restartedMain] DEBUG [ReactorOnClasspathCondition] - Reactor related Aspect extensions are not activated because Resilience4j Reactor module is not on the classpath.
2026-04-13 13:37:16 [restartedMain] WARN  [deprecation] - HHH90000025: MySQL8Dialect does not need to be specified explicitly using 'hibernate.dialect' (remove the property setting and it will be selected by default)
2026-04-13 13:37:16 [restartedMain] WARN  [deprecation] - HHH90000026: MySQL8Dialect has been deprecated; use org.hibernate.dialect.MySQLDialect instead
2026-04-13 13:37:16 [restartedMain] WARN  [JpaBaseConfiguration$JpaWebConfiguration] - spring.jpa.open-in-view is enabled by default. Therefore, database queries may be performed during view rendering. Explicitly configure spring.jpa.open-in-view to disable this warning
2026-04-13 13:37:16 [restartedMain] DEBUG [Mappings] - 
	c.c.Q.c.RedisController:
	{GET [/redis/value/{key}]}: getValue(String)
	{GET [/redis/hash/{key}]}: getHash(String)
	{GET [/redis/type/{key}]}: getKeyType(String)
	{GET [/redis/zset/{key}]}: getZSet(String)
	{GET [/redis/list/{key}]}: getList(String)
	{GET [/redis/keys]}: getAllKeys()
	{GET [/redis/keys/{pattern}]}: getKeysByPattern(String)
	{GET [/redis/ttl/{key}]}: getTTL(String)
	{DELETE [/redis/keys]}: deleteAllKeys()
	{GET [/redis/info]}: getRedisInfo()
	{DELETE [/redis/key/{key}]}: deleteKey(String)
	{GET [/redis/set/{key}]}: getSet(String)
2026-04-13 13:37:16 [restartedMain] DEBUG [Mappings] - 
	c.c.Q.c.TeacherController:
	{GET [/teachers]}: get(String,UserDto)
	{PUT [/teachers/{id}]}: update(Integer,UpdateEntityModel,String,UserDto)
	{GET [/teachers/filter]}: filter(Integer,String,String,Integer,Gender,String,String,String,String,String,UserDto)
	{DELETE [/teachers]}: delete(List,String,UserDto)
	{DELETE [/teachers/cache]}: clearCache(String,UserDto)
	{GET [/teachers/{userId}]}: getByUserId(Integer,String,UserDto)
	{GET [/teachers/paged]}: getPaged(int,int,String,String,String,UserDto)
	{GET [/teachers/{classManaging}/students]}: getStudentsByClassManaging(String,String,String,UserDto)
2026-04-13 13:37:16 [restartedMain] DEBUG [Mappings] - 
	o.s.b.a.w.s.e.BasicErrorController:
	{ [/error]}: error(HttpServletRequest)
	{ [/error], produces [text/html]}: errorHtml(HttpServletRequest,HttpServletResponse)
2026-04-13 13:37:16 [restartedMain] DEBUG [Mappings] - 'beanNameHandlerMapping' {}
2026-04-13 13:37:17 [restartedMain] DEBUG [Mappings] - 'resourceHandlerMapping' {/webjars/**=ResourceHttpRequestHandler [classpath [META-INF/resources/webjars/]], /**=ResourceHttpRequestHandler [classpath [META-INF/resources/], classpath [resources/], classpath [static/], classpath [public/], ServletContext [/]]}
2026-04-13 13:37:17 [restartedMain] WARN  [ThymeleafAutoConfiguration$DefaultTemplateResolverConfiguration] - Cannot find template location: classpath:/templates/ (please add some templates, check your Thymeleaf configuration, or set spring.thymeleaf.check-template-location=false)
2026-04-13 13:37:17 [restartedMain] WARN  [OptionalLiveReloadServer] - Unable to start LiveReload server
2026-04-13 13:37:17 [restartedMain] INFO  [QlgvApplication] - Started QlgvApplication in 2.662 seconds (process running for 713.934)
2026-04-13 13:37:24 [restartedMain] INFO  [QlgvApplication] - Starting QlgvApplication using Java 17.0.12 with PID 18484 (D:\project IntelliJ Ultimate\modules-parent\qlgv\target\classes started by tranhuy in D:\project IntelliJ Ultimate\modules-parent\qlgv)
2026-04-13 13:37:24 [restartedMain] DEBUG [QlgvApplication] - Running with Spring Boot v3.5.0, Spring v6.2.7
2026-04-13 13:37:24 [restartedMain] INFO  [QlgvApplication] - No active profile set, falling back to 1 default profile: "default"
2026-04-13 13:37:24 [restartedMain] DEBUG [RxJava2OnClasspathCondition] - RxJava2 related Aspect extensions are not activated, because RxJava2 is not on the classpath.
2026-04-13 13:37:24 [restartedMain] DEBUG [ReactorOnClasspathCondition] - Reactor related Aspect extensions are not activated because Resilience4j Reactor module is not on the classpath.
2026-04-13 13:37:24 [restartedMain] DEBUG [RxJava2OnClasspathCondition] - RxJava2 related Aspect extensions are not activated, because RxJava2 is not on the classpath.
2026-04-13 13:37:24 [restartedMain] DEBUG [ReactorOnClasspathCondition] - Reactor related Aspect extensions are not activated because Resilience4j Reactor module is not on the classpath.
2026-04-13 13:37:24 [restartedMain] DEBUG [RxJava2OnClasspathCondition] - RxJava2 related Aspect extensions are not activated, because RxJava2 is not on the classpath.
2026-04-13 13:37:24 [restartedMain] DEBUG [ReactorOnClasspathCondition] - Reactor related Aspect extensions are not activated because Resilience4j Reactor module is not on the classpath.
2026-04-13 13:37:24 [restartedMain] DEBUG [RxJava2OnClasspathCondition] - RxJava2 related Aspect extensions are not activated, because RxJava2 is not on the classpath.
2026-04-13 13:37:24 [restartedMain] DEBUG [ReactorOnClasspathCondition] - Reactor related Aspect extensions are not activated because Resilience4j Reactor module is not on the classpath.
2026-04-13 13:37:24 [restartedMain] DEBUG [RxJava2OnClasspathCondition] - RxJava2 related Aspect extensions are not activated, because RxJava2 is not on the classpath.
2026-04-13 13:37:24 [restartedMain] DEBUG [ReactorOnClasspathCondition] - Reactor related Aspect extensions are not activated because Resilience4j Reactor module is not on the classpath.
2026-04-13 13:37:24 [restartedMain] DEBUG [RxJava2OnClasspathCondition] - RxJava2 related Aspect extensions are not activated, because RxJava2 is not on the classpath.
2026-04-13 13:37:24 [restartedMain] DEBUG [ReactorOnClasspathCondition] - Reactor related Aspect extensions are not activated because Resilience4j Reactor module is not on the classpath.
2026-04-13 13:37:25 [restartedMain] WARN  [deprecation] - HHH90000025: MySQL8Dialect does not need to be specified explicitly using 'hibernate.dialect' (remove the property setting and it will be selected by default)
2026-04-13 13:37:25 [restartedMain] WARN  [deprecation] - HHH90000026: MySQL8Dialect has been deprecated; use org.hibernate.dialect.MySQLDialect instead
2026-04-13 13:37:26 [restartedMain] WARN  [JpaBaseConfiguration$JpaWebConfiguration] - spring.jpa.open-in-view is enabled by default. Therefore, database queries may be performed during view rendering. Explicitly configure spring.jpa.open-in-view to disable this warning
2026-04-13 13:37:26 [restartedMain] DEBUG [Mappings] - 
	c.c.Q.c.RedisController:
	{GET [/redis/value/{key}]}: getValue(String)
	{GET [/redis/hash/{key}]}: getHash(String)
	{GET [/redis/type/{key}]}: getKeyType(String)
	{GET [/redis/zset/{key}]}: getZSet(String)
	{GET [/redis/list/{key}]}: getList(String)
	{GET [/redis/keys]}: getAllKeys()
	{GET [/redis/keys/{pattern}]}: getKeysByPattern(String)
	{GET [/redis/ttl/{key}]}: getTTL(String)
	{DELETE [/redis/keys]}: deleteAllKeys()
	{GET [/redis/info]}: getRedisInfo()
	{DELETE [/redis/key/{key}]}: deleteKey(String)
	{GET [/redis/set/{key}]}: getSet(String)
2026-04-13 13:37:26 [restartedMain] DEBUG [Mappings] - 
	c.c.Q.c.TeacherController:
	{GET [/teachers]}: get(String,UserDto)
	{PUT [/teachers/{id}]}: update(Integer,UpdateEntityModel,String,UserDto)
	{GET [/teachers/filter]}: filter(Integer,String,String,Integer,Gender,String,String,String,String,String,UserDto)
	{DELETE [/teachers]}: delete(List,String,UserDto)
	{DELETE [/teachers/cache]}: clearCache(String,UserDto)
	{GET [/teachers/{userId}]}: getByUserId(Integer,String,UserDto)
	{GET [/teachers/paged]}: getPaged(int,int,String,String,String,UserDto)
	{GET [/teachers/{classManaging}/students]}: getStudentsByClassManaging(String,String,String,UserDto)
2026-04-13 13:37:26 [restartedMain] DEBUG [Mappings] - 
	o.s.b.a.w.s.e.BasicErrorController:
	{ [/error]}: error(HttpServletRequest)
	{ [/error], produces [text/html]}: errorHtml(HttpServletRequest,HttpServletResponse)
2026-04-13 13:37:26 [restartedMain] DEBUG [Mappings] - 'beanNameHandlerMapping' {}
2026-04-13 13:37:26 [restartedMain] DEBUG [Mappings] - 'resourceHandlerMapping' {/webjars/**=ResourceHttpRequestHandler [classpath [META-INF/resources/webjars/]], /**=ResourceHttpRequestHandler [classpath [META-INF/resources/], classpath [resources/], classpath [static/], classpath [public/], ServletContext [/]]}
2026-04-13 13:37:26 [restartedMain] WARN  [ThymeleafAutoConfiguration$DefaultTemplateResolverConfiguration] - Cannot find template location: classpath:/templates/ (please add some templates, check your Thymeleaf configuration, or set spring.thymeleaf.check-template-location=false)
2026-04-13 13:37:28 [restartedMain] WARN  [OptionalLiveReloadServer] - Unable to start LiveReload server
2026-04-13 13:37:28 [restartedMain] INFO  [QlgvApplication] - Started QlgvApplication in 4.145 seconds (process running for 724.331)
2026-04-13 13:37:30 [restartedMain] INFO  [QlgvApplication] - Starting QlgvApplication using Java 17.0.12 with PID 18484 (D:\project IntelliJ Ultimate\modules-parent\qlgv\target\classes started by tranhuy in D:\project IntelliJ Ultimate\modules-parent\qlgv)
2026-04-13 13:37:30 [restartedMain] DEBUG [QlgvApplication] - Running with Spring Boot v3.5.0, Spring v6.2.7
2026-04-13 13:37:30 [restartedMain] INFO  [QlgvApplication] - No active profile set, falling back to 1 default profile: "default"
2026-04-13 13:37:30 [restartedMain] DEBUG [RxJava2OnClasspathCondition] - RxJava2 related Aspect extensions are not activated, because RxJava2 is not on the classpath.
2026-04-13 13:37:30 [restartedMain] DEBUG [ReactorOnClasspathCondition] - Reactor related Aspect extensions are not activated because Resilience4j Reactor module is not on the classpath.
2026-04-13 13:37:30 [restartedMain] DEBUG [RxJava2OnClasspathCondition] - RxJava2 related Aspect extensions are not activated, because RxJava2 is not on the classpath.
2026-04-13 13:37:30 [restartedMain] DEBUG [ReactorOnClasspathCondition] - Reactor related Aspect extensions are not activated because Resilience4j Reactor module is not on the classpath.
2026-04-13 13:37:30 [restartedMain] DEBUG [RxJava2OnClasspathCondition] - RxJava2 related Aspect extensions are not activated, because RxJava2 is not on the classpath.
2026-04-13 13:37:30 [restartedMain] DEBUG [ReactorOnClasspathCondition] - Reactor related Aspect extensions are not activated because Resilience4j Reactor module is not on the classpath.
2026-04-13 13:37:30 [restartedMain] DEBUG [RxJava2OnClasspathCondition] - RxJava2 related Aspect extensions are not activated, because RxJava2 is not on the classpath.
2026-04-13 13:37:30 [restartedMain] DEBUG [ReactorOnClasspathCondition] - Reactor related Aspect extensions are not activated because Resilience4j Reactor module is not on the classpath.
2026-04-13 13:37:30 [restartedMain] DEBUG [RxJava2OnClasspathCondition] - RxJava2 related Aspect extensions are not activated, because RxJava2 is not on the classpath.
2026-04-13 13:37:30 [restartedMain] DEBUG [ReactorOnClasspathCondition] - Reactor related Aspect extensions are not activated because Resilience4j Reactor module is not on the classpath.
2026-04-13 13:37:30 [restartedMain] DEBUG [RxJava2OnClasspathCondition] - RxJava2 related Aspect extensions are not activated, because RxJava2 is not on the classpath.
2026-04-13 13:37:30 [restartedMain] DEBUG [ReactorOnClasspathCondition] - Reactor related Aspect extensions are not activated because Resilience4j Reactor module is not on the classpath.
2026-04-13 13:37:31 [restartedMain] WARN  [deprecation] - HHH90000025: MySQL8Dialect does not need to be specified explicitly using 'hibernate.dialect' (remove the property setting and it will be selected by default)
2026-04-13 13:37:31 [restartedMain] WARN  [deprecation] - HHH90000026: MySQL8Dialect has been deprecated; use org.hibernate.dialect.MySQLDialect instead
2026-04-13 13:37:32 [restartedMain] WARN  [JpaBaseConfiguration$JpaWebConfiguration] - spring.jpa.open-in-view is enabled by default. Therefore, database queries may be performed during view rendering. Explicitly configure spring.jpa.open-in-view to disable this warning
2026-04-13 13:37:32 [restartedMain] DEBUG [Mappings] - 
	c.c.Q.c.RedisController:
	{GET [/redis/value/{key}]}: getValue(String)
	{GET [/redis/hash/{key}]}: getHash(String)
	{GET [/redis/type/{key}]}: getKeyType(String)
	{GET [/redis/zset/{key}]}: getZSet(String)
	{GET [/redis/list/{key}]}: getList(String)
	{GET [/redis/keys]}: getAllKeys()
	{GET [/redis/keys/{pattern}]}: getKeysByPattern(String)
	{GET [/redis/ttl/{key}]}: getTTL(String)
	{DELETE [/redis/keys]}: deleteAllKeys()
	{GET [/redis/info]}: getRedisInfo()
	{DELETE [/redis/key/{key}]}: deleteKey(String)
	{GET [/redis/set/{key}]}: getSet(String)
2026-04-13 13:37:32 [restartedMain] DEBUG [Mappings] - 
	c.c.Q.c.TeacherController:
	{GET [/teachers]}: get(String,UserDto)
	{PUT [/teachers/{id}]}: update(Integer,UpdateEntityModel,String,UserDto)
	{GET [/teachers/filter]}: filter(Integer,String,String,Integer,Gender,String,String,String,String,String,UserDto)
	{DELETE [/teachers]}: delete(List,String,UserDto)
	{DELETE [/teachers/cache]}: clearCache(String,UserDto)
	{GET [/teachers/{userId}]}: getByUserId(Integer,String,UserDto)
	{GET [/teachers/paged]}: getPaged(int,int,String,String,String,UserDto)
	{GET [/teachers/{classManaging}/students]}: getStudentsByClassManaging(String,String,String,UserDto)
2026-04-13 13:37:32 [restartedMain] DEBUG [Mappings] - 
	o.s.b.a.w.s.e.BasicErrorController:
	{ [/error]}: error(HttpServletRequest)
	{ [/error], produces [text/html]}: errorHtml(HttpServletRequest,HttpServletResponse)
2026-04-13 13:37:32 [restartedMain] DEBUG [Mappings] - 'beanNameHandlerMapping' {}
2026-04-13 13:37:32 [restartedMain] DEBUG [Mappings] - 'resourceHandlerMapping' {/webjars/**=ResourceHttpRequestHandler [classpath [META-INF/resources/webjars/]], /**=ResourceHttpRequestHandler [classpath [META-INF/resources/], classpath [resources/], classpath [static/], classpath [public/], ServletContext [/]]}
2026-04-13 13:37:32 [restartedMain] WARN  [ThymeleafAutoConfiguration$DefaultTemplateResolverConfiguration] - Cannot find template location: classpath:/templates/ (please add some templates, check your Thymeleaf configuration, or set spring.thymeleaf.check-template-location=false)
2026-04-13 13:37:33 [restartedMain] WARN  [OptionalLiveReloadServer] - Unable to start LiveReload server
2026-04-13 13:37:33 [restartedMain] INFO  [QlgvApplication] - Started QlgvApplication in 3.111 seconds (process running for 729.531)
2026-04-13 13:38:09 [restartedMain] INFO  [QlgvApplication] - Starting QlgvApplication using Java 17.0.12 with PID 18484 (D:\project IntelliJ Ultimate\modules-parent\qlgv\target\classes started by tranhuy in D:\project IntelliJ Ultimate\modules-parent\qlgv)
2026-04-13 13:38:09 [restartedMain] DEBUG [QlgvApplication] - Running with Spring Boot v3.5.0, Spring v6.2.7
2026-04-13 13:38:09 [restartedMain] INFO  [QlgvApplication] - No active profile set, falling back to 1 default profile: "default"
2026-04-13 13:38:09 [restartedMain] DEBUG [RxJava2OnClasspathCondition] - RxJava2 related Aspect extensions are not activated, because RxJava2 is not on the classpath.
2026-04-13 13:38:09 [restartedMain] DEBUG [ReactorOnClasspathCondition] - Reactor related Aspect extensions are not activated because Resilience4j Reactor module is not on the classpath.
2026-04-13 13:38:09 [restartedMain] DEBUG [RxJava2OnClasspathCondition] - RxJava2 related Aspect extensions are not activated, because RxJava2 is not on the classpath.
2026-04-13 13:38:09 [restartedMain] DEBUG [ReactorOnClasspathCondition] - Reactor related Aspect extensions are not activated because Resilience4j Reactor module is not on the classpath.
2026-04-13 13:38:09 [restartedMain] DEBUG [RxJava2OnClasspathCondition] - RxJava2 related Aspect extensions are not activated, because RxJava2 is not on the classpath.
2026-04-13 13:38:09 [restartedMain] DEBUG [ReactorOnClasspathCondition] - Reactor related Aspect extensions are not activated because Resilience4j Reactor module is not on the classpath.
2026-04-13 13:38:09 [restartedMain] DEBUG [RxJava2OnClasspathCondition] - RxJava2 related Aspect extensions are not activated, because RxJava2 is not on the classpath.
2026-04-13 13:38:09 [restartedMain] DEBUG [ReactorOnClasspathCondition] - Reactor related Aspect extensions are not activated because Resilience4j Reactor module is not on the classpath.
2026-04-13 13:38:09 [restartedMain] DEBUG [RxJava2OnClasspathCondition] - RxJava2 related Aspect extensions are not activated, because RxJava2 is not on the classpath.
2026-04-13 13:38:09 [restartedMain] DEBUG [ReactorOnClasspathCondition] - Reactor related Aspect extensions are not activated because Resilience4j Reactor module is not on the classpath.
2026-04-13 13:38:09 [restartedMain] DEBUG [RxJava2OnClasspathCondition] - RxJava2 related Aspect extensions are not activated, because RxJava2 is not on the classpath.
2026-04-13 13:38:09 [restartedMain] DEBUG [ReactorOnClasspathCondition] - Reactor related Aspect extensions are not activated because Resilience4j Reactor module is not on the classpath.
2026-04-13 13:38:10 [restartedMain] WARN  [deprecation] - HHH90000025: MySQL8Dialect does not need to be specified explicitly using 'hibernate.dialect' (remove the property setting and it will be selected by default)
2026-04-13 13:38:10 [restartedMain] WARN  [deprecation] - HHH90000026: MySQL8Dialect has been deprecated; use org.hibernate.dialect.MySQLDialect instead
2026-04-13 13:38:11 [restartedMain] WARN  [JpaBaseConfiguration$JpaWebConfiguration] - spring.jpa.open-in-view is enabled by default. Therefore, database queries may be performed during view rendering. Explicitly configure spring.jpa.open-in-view to disable this warning
2026-04-13 13:38:11 [restartedMain] DEBUG [Mappings] - 
	c.c.Q.c.RedisController:
	{GET [/redis/value/{key}]}: getValue(String)
	{GET [/redis/hash/{key}]}: getHash(String)
	{GET [/redis/type/{key}]}: getKeyType(String)
	{GET [/redis/zset/{key}]}: getZSet(String)
	{GET [/redis/list/{key}]}: getList(String)
	{GET [/redis/keys]}: getAllKeys()
	{GET [/redis/keys/{pattern}]}: getKeysByPattern(String)
	{GET [/redis/ttl/{key}]}: getTTL(String)
	{DELETE [/redis/keys]}: deleteAllKeys()
	{GET [/redis/info]}: getRedisInfo()
	{DELETE [/redis/key/{key}]}: deleteKey(String)
	{GET [/redis/set/{key}]}: getSet(String)
2026-04-13 13:38:11 [restartedMain] DEBUG [Mappings] - 
	c.c.Q.c.TeacherController:
	{GET [/teachers]}: get(String,UserDto)
	{PUT [/teachers/{id}]}: update(Integer,UpdateEntityModel,String,UserDto)
	{GET [/teachers/filter]}: filter(Integer,String,String,Integer,Gender,String,String,String,String,String,UserDto)
	{DELETE [/teachers]}: delete(List,String,UserDto)
	{DELETE [/teachers/cache]}: clearCache(String,UserDto)
	{GET [/teachers/{userId}]}: getByUserId(Integer,String,UserDto)
	{GET [/teachers/paged]}: getPaged(int,int,String,String,String,UserDto)
	{GET [/teachers/{classManaging}/students]}: getStudentsByClassManaging(String,String,String,UserDto)
2026-04-13 13:38:11 [restartedMain] DEBUG [Mappings] - 
	o.s.b.a.w.s.e.BasicErrorController:
	{ [/error]}: error(HttpServletRequest)
	{ [/error], produces [text/html]}: errorHtml(HttpServletRequest,HttpServletResponse)
2026-04-13 13:38:11 [restartedMain] DEBUG [Mappings] - 'beanNameHandlerMapping' {}
2026-04-13 13:38:11 [restartedMain] DEBUG [Mappings] - 'resourceHandlerMapping' {/webjars/**=ResourceHttpRequestHandler [classpath [META-INF/resources/webjars/]], /**=ResourceHttpRequestHandler [classpath [META-INF/resources/], classpath [resources/], classpath [static/], classpath [public/], ServletContext [/]]}
2026-04-13 13:38:11 [restartedMain] WARN  [ThymeleafAutoConfiguration$DefaultTemplateResolverConfiguration] - Cannot find template location: classpath:/templates/ (please add some templates, check your Thymeleaf configuration, or set spring.thymeleaf.check-template-location=false)
2026-04-13 13:38:12 [restartedMain] WARN  [OptionalLiveReloadServer] - Unable to start LiveReload server
2026-04-13 13:38:12 [restartedMain] INFO  [QlgvApplication] - Started QlgvApplication in 3.252 seconds (process running for 768.676)
2026-04-13 13:41:24 [restartedMain] INFO  [QlgvApplication] - Starting QlgvApplication using Java 17.0.12 with PID 18484 (D:\project IntelliJ Ultimate\modules-parent\qlgv\target\classes started by tranhuy in D:\project IntelliJ Ultimate\modules-parent\qlgv)
2026-04-13 13:41:24 [restartedMain] DEBUG [QlgvApplication] - Running with Spring Boot v3.5.0, Spring v6.2.7
2026-04-13 13:41:24 [restartedMain] INFO  [QlgvApplication] - No active profile set, falling back to 1 default profile: "default"
2026-04-13 13:41:25 [restartedMain] DEBUG [RxJava2OnClasspathCondition] - RxJava2 related Aspect extensions are not activated, because RxJava2 is not on the classpath.
2026-04-13 13:41:25 [restartedMain] DEBUG [ReactorOnClasspathCondition] - Reactor related Aspect extensions are not activated because Resilience4j Reactor module is not on the classpath.
2026-04-13 13:41:25 [restartedMain] DEBUG [RxJava2OnClasspathCondition] - RxJava2 related Aspect extensions are not activated, because RxJava2 is not on the classpath.
2026-04-13 13:41:25 [restartedMain] DEBUG [ReactorOnClasspathCondition] - Reactor related Aspect extensions are not activated because Resilience4j Reactor module is not on the classpath.
2026-04-13 13:41:25 [restartedMain] DEBUG [RxJava2OnClasspathCondition] - RxJava2 related Aspect extensions are not activated, because RxJava2 is not on the classpath.
2026-04-13 13:41:25 [restartedMain] DEBUG [ReactorOnClasspathCondition] - Reactor related Aspect extensions are not activated because Resilience4j Reactor module is not on the classpath.
2026-04-13 13:41:25 [restartedMain] DEBUG [RxJava2OnClasspathCondition] - RxJava2 related Aspect extensions are not activated, because RxJava2 is not on the classpath.
2026-04-13 13:41:25 [restartedMain] DEBUG [ReactorOnClasspathCondition] - Reactor related Aspect extensions are not activated because Resilience4j Reactor module is not on the classpath.
2026-04-13 13:41:25 [restartedMain] DEBUG [RxJava2OnClasspathCondition] - RxJava2 related Aspect extensions are not activated, because RxJava2 is not on the classpath.
2026-04-13 13:41:25 [restartedMain] DEBUG [ReactorOnClasspathCondition] - Reactor related Aspect extensions are not activated because Resilience4j Reactor module is not on the classpath.
2026-04-13 13:41:25 [restartedMain] DEBUG [RxJava2OnClasspathCondition] - RxJava2 related Aspect extensions are not activated, because RxJava2 is not on the classpath.
2026-04-13 13:41:25 [restartedMain] DEBUG [ReactorOnClasspathCondition] - Reactor related Aspect extensions are not activated because Resilience4j Reactor module is not on the classpath.
2026-04-13 13:41:26 [restartedMain] WARN  [deprecation] - HHH90000025: MySQL8Dialect does not need to be specified explicitly using 'hibernate.dialect' (remove the property setting and it will be selected by default)
2026-04-13 13:41:26 [restartedMain] WARN  [deprecation] - HHH90000026: MySQL8Dialect has been deprecated; use org.hibernate.dialect.MySQLDialect instead
2026-04-13 13:41:28 [restartedMain] WARN  [JpaBaseConfiguration$JpaWebConfiguration] - spring.jpa.open-in-view is enabled by default. Therefore, database queries may be performed during view rendering. Explicitly configure spring.jpa.open-in-view to disable this warning
2026-04-13 13:41:28 [restartedMain] DEBUG [Mappings] - 
	c.c.Q.c.RedisController:
	{GET [/redis/value/{key}]}: getValue(String)
	{GET [/redis/hash/{key}]}: getHash(String)
	{GET [/redis/type/{key}]}: getKeyType(String)
	{GET [/redis/zset/{key}]}: getZSet(String)
	{GET [/redis/list/{key}]}: getList(String)
	{GET [/redis/keys]}: getAllKeys()
	{GET [/redis/keys/{pattern}]}: getKeysByPattern(String)
	{GET [/redis/ttl/{key}]}: getTTL(String)
	{DELETE [/redis/keys]}: deleteAllKeys()
	{GET [/redis/info]}: getRedisInfo()
	{DELETE [/redis/key/{key}]}: deleteKey(String)
	{GET [/redis/set/{key}]}: getSet(String)
2026-04-13 13:41:28 [restartedMain] DEBUG [Mappings] - 
	c.c.Q.c.TeacherController:
	{GET [/teachers]}: get(String,UserDto)
	{PUT [/teachers/{id}]}: update(Integer,UpdateEntityModel,String,UserDto)
	{GET [/teachers/filter]}: filter(Integer,String,String,Integer,Gender,String,String,String,String,String,UserDto)
	{DELETE [/teachers]}: delete(List,String,UserDto)
	{DELETE [/teachers/cache]}: clearCache(String,UserDto)
	{GET [/teachers/{userId}]}: getByUserId(Integer,String,UserDto)
	{GET [/teachers/paged]}: getPaged(int,int,String,String,String,UserDto)
	{GET [/teachers/{classManaging}/students]}: getStudentsByClassManaging(String,String,String,UserDto)
2026-04-13 13:41:28 [restartedMain] DEBUG [Mappings] - 
	o.s.b.a.w.s.e.BasicErrorController:
	{ [/error]}: error(HttpServletRequest)
	{ [/error], produces [text/html]}: errorHtml(HttpServletRequest,HttpServletResponse)
2026-04-13 13:41:28 [restartedMain] DEBUG [Mappings] - 'beanNameHandlerMapping' {}
2026-04-13 13:41:28 [restartedMain] DEBUG [Mappings] - 'resourceHandlerMapping' {/webjars/**=ResourceHttpRequestHandler [classpath [META-INF/resources/webjars/]], /**=ResourceHttpRequestHandler [classpath [META-INF/resources/], classpath [resources/], classpath [static/], classpath [public/], ServletContext [/]]}
2026-04-13 13:41:28 [restartedMain] WARN  [ThymeleafAutoConfiguration$DefaultTemplateResolverConfiguration] - Cannot find template location: classpath:/templates/ (please add some templates, check your Thymeleaf configuration, or set spring.thymeleaf.check-template-location=false)
2026-04-13 13:41:30 [restartedMain] WARN  [OptionalLiveReloadServer] - Unable to start LiveReload server
2026-04-13 13:41:30 [restartedMain] INFO  [QlgvApplication] - Started QlgvApplication in 5.531 seconds (process running for 966.406)
2026-04-13 13:41:32 [restartedMain] INFO  [QlgvApplication] - Starting QlgvApplication using Java 17.0.12 with PID 18484 (D:\project IntelliJ Ultimate\modules-parent\qlgv\target\classes started by tranhuy in D:\project IntelliJ Ultimate\modules-parent\qlgv)
2026-04-13 13:41:32 [restartedMain] DEBUG [QlgvApplication] - Running with Spring Boot v3.5.0, Spring v6.2.7
2026-04-13 13:41:32 [restartedMain] INFO  [QlgvApplication] - No active profile set, falling back to 1 default profile: "default"
2026-04-13 13:41:32 [restartedMain] DEBUG [RxJava2OnClasspathCondition] - RxJava2 related Aspect extensions are not activated, because RxJava2 is not on the classpath.
2026-04-13 13:41:32 [restartedMain] DEBUG [ReactorOnClasspathCondition] - Reactor related Aspect extensions are not activated because Resilience4j Reactor module is not on the classpath.
2026-04-13 13:41:32 [restartedMain] DEBUG [RxJava2OnClasspathCondition] - RxJava2 related Aspect extensions are not activated, because RxJava2 is not on the classpath.
2026-04-13 13:41:32 [restartedMain] DEBUG [ReactorOnClasspathCondition] - Reactor related Aspect extensions are not activated because Resilience4j Reactor module is not on the classpath.
2026-04-13 13:41:32 [restartedMain] DEBUG [RxJava2OnClasspathCondition] - RxJava2 related Aspect extensions are not activated, because RxJava2 is not on the classpath.
2026-04-13 13:41:32 [restartedMain] DEBUG [ReactorOnClasspathCondition] - Reactor related Aspect extensions are not activated because Resilience4j Reactor module is not on the classpath.
2026-04-13 13:41:32 [restartedMain] DEBUG [RxJava2OnClasspathCondition] - RxJava2 related Aspect extensions are not activated, because RxJava2 is not on the classpath.
2026-04-13 13:41:32 [restartedMain] DEBUG [ReactorOnClasspathCondition] - Reactor related Aspect extensions are not activated because Resilience4j Reactor module is not on the classpath.
2026-04-13 13:41:32 [restartedMain] DEBUG [RxJava2OnClasspathCondition] - RxJava2 related Aspect extensions are not activated, because RxJava2 is not on the classpath.
2026-04-13 13:41:32 [restartedMain] DEBUG [ReactorOnClasspathCondition] - Reactor related Aspect extensions are not activated because Resilience4j Reactor module is not on the classpath.
2026-04-13 13:41:32 [restartedMain] DEBUG [RxJava2OnClasspathCondition] - RxJava2 related Aspect extensions are not activated, because RxJava2 is not on the classpath.
2026-04-13 13:41:32 [restartedMain] DEBUG [ReactorOnClasspathCondition] - Reactor related Aspect extensions are not activated because Resilience4j Reactor module is not on the classpath.
2026-04-13 13:41:34 [restartedMain] WARN  [deprecation] - HHH90000025: MySQL8Dialect does not need to be specified explicitly using 'hibernate.dialect' (remove the property setting and it will be selected by default)
2026-04-13 13:41:34 [restartedMain] WARN  [deprecation] - HHH90000026: MySQL8Dialect has been deprecated; use org.hibernate.dialect.MySQLDialect instead
2026-04-13 13:41:35 [restartedMain] WARN  [JpaBaseConfiguration$JpaWebConfiguration] - spring.jpa.open-in-view is enabled by default. Therefore, database queries may be performed during view rendering. Explicitly configure spring.jpa.open-in-view to disable this warning
2026-04-13 13:41:35 [restartedMain] DEBUG [Mappings] - 
	c.c.Q.c.RedisController:
	{GET [/redis/value/{key}]}: getValue(String)
	{GET [/redis/hash/{key}]}: getHash(String)
	{GET [/redis/type/{key}]}: getKeyType(String)
	{GET [/redis/zset/{key}]}: getZSet(String)
	{GET [/redis/list/{key}]}: getList(String)
	{GET [/redis/keys]}: getAllKeys()
	{GET [/redis/keys/{pattern}]}: getKeysByPattern(String)
	{GET [/redis/ttl/{key}]}: getTTL(String)
	{DELETE [/redis/keys]}: deleteAllKeys()
	{GET [/redis/info]}: getRedisInfo()
	{DELETE [/redis/key/{key}]}: deleteKey(String)
	{GET [/redis/set/{key}]}: getSet(String)
2026-04-13 13:41:35 [restartedMain] DEBUG [Mappings] - 
	c.c.Q.c.TeacherController:
	{GET [/teachers]}: get(String,UserDto)
	{PUT [/teachers/{id}]}: update(Integer,UpdateEntityModel,String,UserDto)
	{GET [/teachers/filter]}: filter(Integer,String,String,Integer,Gender,String,String,String,String,String,UserDto)
	{DELETE [/teachers]}: delete(List,String,UserDto)
	{DELETE [/teachers/cache]}: clearCache(String,UserDto)
	{GET [/teachers/{userId}]}: getByUserId(Integer,String,UserDto)
	{GET [/teachers/paged]}: getPaged(int,int,String,String,String,UserDto)
	{GET [/teachers/{classManaging}/students]}: getStudentsByClassManaging(String,String,String,UserDto)
2026-04-13 13:41:35 [restartedMain] DEBUG [Mappings] - 
	o.s.b.a.w.s.e.BasicErrorController:
	{ [/error]}: error(HttpServletRequest)
	{ [/error], produces [text/html]}: errorHtml(HttpServletRequest,HttpServletResponse)
2026-04-13 13:41:35 [restartedMain] DEBUG [Mappings] - 'beanNameHandlerMapping' {}
2026-04-13 13:41:35 [restartedMain] DEBUG [Mappings] - 'resourceHandlerMapping' {/webjars/**=ResourceHttpRequestHandler [classpath [META-INF/resources/webjars/]], /**=ResourceHttpRequestHandler [classpath [META-INF/resources/], classpath [resources/], classpath [static/], classpath [public/], ServletContext [/]]}
2026-04-13 13:41:35 [restartedMain] WARN  [ThymeleafAutoConfiguration$DefaultTemplateResolverConfiguration] - Cannot find template location: classpath:/templates/ (please add some templates, check your Thymeleaf configuration, or set spring.thymeleaf.check-template-location=false)
2026-04-13 13:41:36 [restartedMain] WARN  [OptionalLiveReloadServer] - Unable to start LiveReload server
2026-04-13 13:41:36 [restartedMain] INFO  [QlgvApplication] - Started QlgvApplication in 4.037 seconds (process running for 972.579)
2026-04-13 13:41:48 [restartedMain] INFO  [QlgvApplication] - Starting QlgvApplication using Java 17.0.12 with PID 18484 (D:\project IntelliJ Ultimate\modules-parent\qlgv\target\classes started by tranhuy in D:\project IntelliJ Ultimate\modules-parent\qlgv)
2026-04-13 13:41:48 [restartedMain] DEBUG [QlgvApplication] - Running with Spring Boot v3.5.0, Spring v6.2.7
2026-04-13 13:41:48 [restartedMain] INFO  [QlgvApplication] - No active profile set, falling back to 1 default profile: "default"
2026-04-13 13:41:49 [restartedMain] DEBUG [RxJava2OnClasspathCondition] - RxJava2 related Aspect extensions are not activated, because RxJava2 is not on the classpath.
2026-04-13 13:41:49 [restartedMain] DEBUG [ReactorOnClasspathCondition] - Reactor related Aspect extensions are not activated because Resilience4j Reactor module is not on the classpath.
2026-04-13 13:41:49 [restartedMain] DEBUG [RxJava2OnClasspathCondition] - RxJava2 related Aspect extensions are not activated, because RxJava2 is not on the classpath.
2026-04-13 13:41:49 [restartedMain] DEBUG [ReactorOnClasspathCondition] - Reactor related Aspect extensions are not activated because Resilience4j Reactor module is not on the classpath.
2026-04-13 13:41:49 [restartedMain] DEBUG [RxJava2OnClasspathCondition] - RxJava2 related Aspect extensions are not activated, because RxJava2 is not on the classpath.
2026-04-13 13:41:49 [restartedMain] DEBUG [ReactorOnClasspathCondition] - Reactor related Aspect extensions are not activated because Resilience4j Reactor module is not on the classpath.
2026-04-13 13:41:49 [restartedMain] DEBUG [RxJava2OnClasspathCondition] - RxJava2 related Aspect extensions are not activated, because RxJava2 is not on the classpath.
2026-04-13 13:41:49 [restartedMain] DEBUG [ReactorOnClasspathCondition] - Reactor related Aspect extensions are not activated because Resilience4j Reactor module is not on the classpath.
2026-04-13 13:41:49 [restartedMain] DEBUG [RxJava2OnClasspathCondition] - RxJava2 related Aspect extensions are not activated, because RxJava2 is not on the classpath.
2026-04-13 13:41:49 [restartedMain] DEBUG [ReactorOnClasspathCondition] - Reactor related Aspect extensions are not activated because Resilience4j Reactor module is not on the classpath.
2026-04-13 13:41:49 [restartedMain] DEBUG [RxJava2OnClasspathCondition] - RxJava2 related Aspect extensions are not activated, because RxJava2 is not on the classpath.
2026-04-13 13:41:49 [restartedMain] DEBUG [ReactorOnClasspathCondition] - Reactor related Aspect extensions are not activated because Resilience4j Reactor module is not on the classpath.
2026-04-13 13:41:50 [restartedMain] WARN  [deprecation] - HHH90000025: MySQL8Dialect does not need to be specified explicitly using 'hibernate.dialect' (remove the property setting and it will be selected by default)
2026-04-13 13:41:50 [restartedMain] WARN  [deprecation] - HHH90000026: MySQL8Dialect has been deprecated; use org.hibernate.dialect.MySQLDialect instead
2026-04-13 13:41:50 [restartedMain] WARN  [AnnotationConfigServletWebServerApplicationContext] - Exception encountered during context initialization - cancelling refresh attempt: org.springframework.beans.factory.UnsatisfiedDependencyException: Error creating bean with name 'redisController': Unsatisfied dependency expressed through field 'redisTemplate': No qualifying bean of type 'org.springframework.data.redis.core.RedisTemplate<java.lang.String, java.lang.Object>' available: expected at least 1 bean which qualifies as autowire candidate. Dependency annotations: {@org.springframework.beans.factory.annotation.Autowired(required=true)}
2026-04-13 13:41:50 [restartedMain] ERROR [LoggingFailureAnalysisReporter] - 

***************************
APPLICATION FAILED TO START
***************************

Description:

Field redisTemplate in com.common.QLGV.controllers.RedisController required a bean of type 'org.springframework.data.redis.core.RedisTemplate' that could not be found.

The injection point has the following annotations:
	- @org.springframework.beans.factory.annotation.Autowired(required=true)


Action:

Consider defining a bean of type 'org.springframework.data.redis.core.RedisTemplate' in your configuration.

2026-04-13 13:41:52 [restartedMain] INFO  [QlgvApplication] - Starting QlgvApplication using Java 17.0.12 with PID 18484 (D:\project IntelliJ Ultimate\modules-parent\qlgv\target\classes started by tranhuy in D:\project IntelliJ Ultimate\modules-parent\qlgv)
2026-04-13 13:41:52 [restartedMain] DEBUG [QlgvApplication] - Running with Spring Boot v3.5.0, Spring v6.2.7
2026-04-13 13:41:52 [restartedMain] INFO  [QlgvApplication] - No active profile set, falling back to 1 default profile: "default"
2026-04-13 13:41:52 [restartedMain] WARN  [AnnotationConfigServletWebServerApplicationContext] - Exception encountered during context initialization - cancelling refresh attempt: org.springframework.beans.factory.BeanDefinitionStoreException: I/O failure while processing configuration class [com.common.QLGV.services.StudentConsumerService]
2026-04-13 13:41:52 [restartedMain] ERROR [SpringApplication] - Application run failed
org.springframework.beans.factory.BeanDefinitionStoreException: I/O failure while processing configuration class [com.common.QLGV.services.StudentConsumerService]
	at org.springframework.context.annotation.ConfigurationClassParser.processConfigurationClass(ConfigurationClassParser.java:286) ~[spring-context-6.2.7.jar:6.2.7]
	at org.springframework.context.annotation.ConfigurationClassParser.parse(ConfigurationClassParser.java:218) ~[spring-context-6.2.7.jar:6.2.7]
	at org.springframework.context.annotation.ConfigurationClassParser.doProcessConfigurationClass(ConfigurationClassParser.java:354) ~[spring-context-6.2.7.jar:6.2.7]
	at org.springframework.context.annotation.ConfigurationClassParser.processConfigurationClass(ConfigurationClassParser.java:281) ~[spring-context-6.2.7.jar:6.2.7]
	at org.springframework.context.annotation.ConfigurationClassParser.parse(ConfigurationClassParser.java:204) ~[spring-context-6.2.7.jar:6.2.7]
	at org.springframework.context.annotation.ConfigurationClassParser.parse(ConfigurationClassParser.java:172) ~[spring-context-6.2.7.jar:6.2.7]
	at org.springframework.context.annotation.ConfigurationClassPostProcessor.processConfigBeanDefinitions(ConfigurationClassPostProcessor.java:418) ~[spring-context-6.2.7.jar:6.2.7]
	at org.springframework.context.annotation.ConfigurationClassPostProcessor.postProcessBeanDefinitionRegistry(ConfigurationClassPostProcessor.java:290) ~[spring-context-6.2.7.jar:6.2.7]
	at org.springframework.context.support.PostProcessorRegistrationDelegate.invokeBeanDefinitionRegistryPostProcessors(PostProcessorRegistrationDelegate.java:349) ~[spring-context-6.2.7.jar:6.2.7]
	at org.springframework.context.support.PostProcessorRegistrationDelegate.invokeBeanFactoryPostProcessors(PostProcessorRegistrationDelegate.java:118) ~[spring-context-6.2.7.jar:6.2.7]
	at org.springframework.context.support.AbstractApplicationContext.invokeBeanFactoryPostProcessors(AbstractApplicationContext.java:791) ~[spring-context-6.2.7.jar:6.2.7]
	at org.springframework.context.support.AbstractApplicationContext.refresh(AbstractApplicationContext.java:609) ~[spring-context-6.2.7.jar:6.2.7]
	at org.springframework.boot.web.servlet.context.ServletWebServerApplicationContext.refresh(ServletWebServerApplicationContext.java:146) ~[spring-boot-3.5.0.jar:3.5.0]
	at org.springframework.boot.SpringApplication.refresh(SpringApplication.java:753) ~[spring-boot-3.5.0.jar:3.5.0]
	at org.springframework.boot.SpringApplication.refreshContext(SpringApplication.java:439) ~[spring-boot-3.5.0.jar:3.5.0]
	at org.springframework.boot.SpringApplication.run(SpringApplication.java:318) ~[spring-boot-3.5.0.jar:3.5.0]
	at org.springframework.boot.SpringApplication.run(SpringApplication.java:1362) ~[spring-boot-3.5.0.jar:3.5.0]
	at org.springframework.boot.SpringApplication.run(SpringApplication.java:1351) ~[spring-boot-3.5.0.jar:3.5.0]
	at com.common.QLGV.QlgvApplication.main(QlgvApplication.java:20) ~[classes/:na]
	at java.base/jdk.internal.reflect.NativeMethodAccessorImpl.invoke0(Native Method) ~[na:na]
	at java.base/jdk.internal.reflect.NativeMethodAccessorImpl.invoke(NativeMethodAccessorImpl.java:77) ~[na:na]
	at java.base/jdk.internal.reflect.DelegatingMethodAccessorImpl.invoke(DelegatingMethodAccessorImpl.java:43) ~[na:na]
	at java.base/java.lang.reflect.Method.invoke(Method.java:568) ~[na:na]
	at org.springframework.boot.devtools.restart.RestartLauncher.run(RestartLauncher.java:50) ~[spring-boot-devtools-3.5.0.jar:3.5.0]
Caused by: java.io.FileNotFoundException: class path resource [com/kafka_shared/services/KafkaConsumerService.class] cannot be opened because it does not exist
	at org.springframework.core.io.ClassPathResource.getInputStream(ClassPathResource.java:215) ~[spring-core-6.2.7.jar:6.2.7]
	at org.springframework.core.type.classreading.SimpleMetadataReader.getClassReader(SimpleMetadataReader.java:54) ~[spring-core-6.2.7.jar:6.2.7]
	at org.springframework.core.type.classreading.SimpleMetadataReader.<init>(SimpleMetadataReader.java:48) ~[spring-core-6.2.7.jar:6.2.7]
	at org.springframework.core.type.classreading.SimpleMetadataReaderFactory.getMetadataReader(SimpleMetadataReaderFactory.java:103) ~[spring-core-6.2.7.jar:6.2.7]
	at org.springframework.boot.type.classreading.ConcurrentReferenceCachingMetadataReaderFactory.createMetadataReader(ConcurrentReferenceCachingMetadataReaderFactory.java:98) ~[spring-boot-3.5.0.jar:3.5.0]
	at org.springframework.boot.type.classreading.ConcurrentReferenceCachingMetadataReaderFactory.getMetadataReader(ConcurrentReferenceCachingMetadataReaderFactory.java:85) ~[spring-boot-3.5.0.jar:3.5.0]
	at org.springframework.core.type.classreading.SimpleMetadataReaderFactory.getMetadataReader(SimpleMetadataReaderFactory.java:81) ~[spring-core-6.2.7.jar:6.2.7]
	at org.springframework.boot.type.classreading.ConcurrentReferenceCachingMetadataReaderFactory.getMetadataReader(ConcurrentReferenceCachingMetadataReaderFactory.java:75) ~[spring-boot-3.5.0.jar:3.5.0]
	at org.springframework.context.annotation.ConfigurationClassParser.asSourceClass(ConfigurationClassParser.java:711) ~[spring-context-6.2.7.jar:6.2.7]
	at org.springframework.context.annotation.ConfigurationClassParser$SourceClass.getSuperClass(ConfigurationClassParser.java:1047) ~[spring-context-6.2.7.jar:6.2.7]
	at org.springframework.context.annotation.ConfigurationClassParser.doProcessConfigurationClass(ConfigurationClassParser.java:395) ~[spring-context-6.2.7.jar:6.2.7]
	at org.springframework.context.annotation.ConfigurationClassParser.processConfigurationClass(ConfigurationClassParser.java:281) ~[spring-context-6.2.7.jar:6.2.7]
	... 23 common frames omitted
2026-04-13 13:41:54 [restartedMain] INFO  [QlgvApplication] - Starting QlgvApplication using Java 17.0.12 with PID 18484 (D:\project IntelliJ Ultimate\modules-parent\qlgv\target\classes started by tranhuy in D:\project IntelliJ Ultimate\modules-parent\qlgv)
2026-04-13 13:41:54 [restartedMain] DEBUG [QlgvApplication] - Running with Spring Boot v3.5.0, Spring v6.2.7
2026-04-13 13:41:54 [restartedMain] INFO  [QlgvApplication] - No active profile set, falling back to 1 default profile: "default"
2026-04-13 13:41:55 [restartedMain] DEBUG [RxJava2OnClasspathCondition] - RxJava2 related Aspect extensions are not activated, because RxJava2 is not on the classpath.
2026-04-13 13:41:55 [restartedMain] DEBUG [ReactorOnClasspathCondition] - Reactor related Aspect extensions are not activated because Resilience4j Reactor module is not on the classpath.
2026-04-13 13:41:55 [restartedMain] DEBUG [RxJava2OnClasspathCondition] - RxJava2 related Aspect extensions are not activated, because RxJava2 is not on the classpath.
2026-04-13 13:41:55 [restartedMain] DEBUG [ReactorOnClasspathCondition] - Reactor related Aspect extensions are not activated because Resilience4j Reactor module is not on the classpath.
2026-04-13 13:41:55 [restartedMain] DEBUG [RxJava2OnClasspathCondition] - RxJava2 related Aspect extensions are not activated, because RxJava2 is not on the classpath.
2026-04-13 13:41:55 [restartedMain] DEBUG [ReactorOnClasspathCondition] - Reactor related Aspect extensions are not activated because Resilience4j Reactor module is not on the classpath.
2026-04-13 13:41:55 [restartedMain] DEBUG [RxJava2OnClasspathCondition] - RxJava2 related Aspect extensions are not activated, because RxJava2 is not on the classpath.
2026-04-13 13:41:55 [restartedMain] DEBUG [ReactorOnClasspathCondition] - Reactor related Aspect extensions are not activated because Resilience4j Reactor module is not on the classpath.
2026-04-13 13:41:55 [restartedMain] DEBUG [RxJava2OnClasspathCondition] - RxJava2 related Aspect extensions are not activated, because RxJava2 is not on the classpath.
2026-04-13 13:41:55 [restartedMain] DEBUG [ReactorOnClasspathCondition] - Reactor related Aspect extensions are not activated because Resilience4j Reactor module is not on the classpath.
2026-04-13 13:41:55 [restartedMain] DEBUG [RxJava2OnClasspathCondition] - RxJava2 related Aspect extensions are not activated, because RxJava2 is not on the classpath.
2026-04-13 13:41:55 [restartedMain] DEBUG [ReactorOnClasspathCondition] - Reactor related Aspect extensions are not activated because Resilience4j Reactor module is not on the classpath.
2026-04-13 13:41:57 [restartedMain] WARN  [deprecation] - HHH90000025: MySQL8Dialect does not need to be specified explicitly using 'hibernate.dialect' (remove the property setting and it will be selected by default)
2026-04-13 13:41:57 [restartedMain] WARN  [deprecation] - HHH90000026: MySQL8Dialect has been deprecated; use org.hibernate.dialect.MySQLDialect instead
2026-04-13 13:41:58 [restartedMain] WARN  [AnnotationConfigServletWebServerApplicationContext] - Exception encountered during context initialization - cancelling refresh attempt: org.springframework.beans.factory.UnsatisfiedDependencyException: Error creating bean with name 'teacherController': Unsatisfied dependency expressed through field 'teacherServiceImp': Error creating bean with name 'teacherServiceImp': Unsatisfied dependency expressed through field 'securityService': No qualifying bean of type 'com.security_shared.services.SecurityService' available: expected at least 1 bean which qualifies as autowire candidate. Dependency annotations: {@org.springframework.beans.factory.annotation.Autowired(required=true)}
2026-04-13 13:41:58 [restartedMain] ERROR [LoggingFailureAnalysisReporter] - 

***************************
APPLICATION FAILED TO START
***************************

Description:

Field securityService in com.common.QLGV.services.imp.TeacherServiceImp required a bean of type 'com.security_shared.services.SecurityService' that could not be found.

The injection point has the following annotations:
	- @org.springframework.beans.factory.annotation.Autowired(required=true)


Action:

Consider defining a bean of type 'com.security_shared.services.SecurityService' in your configuration.

2026-04-13 13:41:59 [restartedMain] INFO  [QlgvApplication] - Starting QlgvApplication using Java 17.0.12 with PID 18484 (D:\project IntelliJ Ultimate\modules-parent\qlgv\target\classes started by tranhuy in D:\project IntelliJ Ultimate\modules-parent\qlgv)
2026-04-13 13:41:59 [restartedMain] DEBUG [QlgvApplication] - Running with Spring Boot v3.5.0, Spring v6.2.7
2026-04-13 13:41:59 [restartedMain] INFO  [QlgvApplication] - No active profile set, falling back to 1 default profile: "default"
2026-04-13 13:42:01 [restartedMain] DEBUG [RxJava2OnClasspathCondition] - RxJava2 related Aspect extensions are not activated, because RxJava2 is not on the classpath.
2026-04-13 13:42:01 [restartedMain] DEBUG [ReactorOnClasspathCondition] - Reactor related Aspect extensions are not activated because Resilience4j Reactor module is not on the classpath.
2026-04-13 13:42:01 [restartedMain] DEBUG [RxJava2OnClasspathCondition] - RxJava2 related Aspect extensions are not activated, because RxJava2 is not on the classpath.
2026-04-13 13:42:01 [restartedMain] DEBUG [ReactorOnClasspathCondition] - Reactor related Aspect extensions are not activated because Resilience4j Reactor module is not on the classpath.
2026-04-13 13:42:01 [restartedMain] DEBUG [RxJava2OnClasspathCondition] - RxJava2 related Aspect extensions are not activated, because RxJava2 is not on the classpath.
2026-04-13 13:42:01 [restartedMain] DEBUG [ReactorOnClasspathCondition] - Reactor related Aspect extensions are not activated because Resilience4j Reactor module is not on the classpath.
2026-04-13 13:42:01 [restartedMain] DEBUG [RxJava2OnClasspathCondition] - RxJava2 related Aspect extensions are not activated, because RxJava2 is not on the classpath.
2026-04-13 13:42:01 [restartedMain] DEBUG [ReactorOnClasspathCondition] - Reactor related Aspect extensions are not activated because Resilience4j Reactor module is not on the classpath.
2026-04-13 13:42:01 [restartedMain] DEBUG [RxJava2OnClasspathCondition] - RxJava2 related Aspect extensions are not activated, because RxJava2 is not on the classpath.
2026-04-13 13:42:01 [restartedMain] DEBUG [ReactorOnClasspathCondition] - Reactor related Aspect extensions are not activated because Resilience4j Reactor module is not on the classpath.
2026-04-13 13:42:01 [restartedMain] DEBUG [RxJava2OnClasspathCondition] - RxJava2 related Aspect extensions are not activated, because RxJava2 is not on the classpath.
2026-04-13 13:42:01 [restartedMain] DEBUG [ReactorOnClasspathCondition] - Reactor related Aspect extensions are not activated because Resilience4j Reactor module is not on the classpath.
2026-04-13 13:42:02 [restartedMain] WARN  [deprecation] - HHH90000025: MySQL8Dialect does not need to be specified explicitly using 'hibernate.dialect' (remove the property setting and it will be selected by default)
2026-04-13 13:42:02 [restartedMain] WARN  [deprecation] - HHH90000026: MySQL8Dialect has been deprecated; use org.hibernate.dialect.MySQLDialect instead
2026-04-13 13:42:03 [restartedMain] WARN  [AnnotationConfigServletWebServerApplicationContext] - Exception encountered during context initialization - cancelling refresh attempt: org.springframework.beans.factory.UnsatisfiedDependencyException: Error creating bean with name 'teacherController': Unsatisfied dependency expressed through field 'teacherServiceImp': Error creating bean with name 'teacherServiceImp': Lookup method resolution failed
2026-04-13 13:42:03 [restartedMain] ERROR [SpringApplication] - Application run failed
org.springframework.beans.factory.UnsatisfiedDependencyException: Error creating bean with name 'teacherController': Unsatisfied dependency expressed through field 'teacherServiceImp': Error creating bean with name 'teacherServiceImp': Lookup method resolution failed
	at org.springframework.beans.factory.annotation.AutowiredAnnotationBeanPostProcessor$AutowiredFieldElement.resolveFieldValue(AutowiredAnnotationBeanPostProcessor.java:788) ~[spring-beans-6.2.7.jar:6.2.7]
	at org.springframework.beans.factory.annotation.AutowiredAnnotationBeanPostProcessor$AutowiredFieldElement.inject(AutowiredAnnotationBeanPostProcessor.java:768) ~[spring-beans-6.2.7.jar:6.2.7]
	at org.springframework.beans.factory.annotation.InjectionMetadata.inject(InjectionMetadata.java:146) ~[spring-beans-6.2.7.jar:6.2.7]
	at org.springframework.beans.factory.annotation.AutowiredAnnotationBeanPostProcessor.postProcessProperties(AutowiredAnnotationBeanPostProcessor.java:509) ~[spring-beans-6.2.7.jar:6.2.7]
	at org.springframework.beans.factory.support.AbstractAutowireCapableBeanFactory.populateBean(AbstractAutowireCapableBeanFactory.java:1459) ~[spring-beans-6.2.7.jar:6.2.7]
	at org.springframework.beans.factory.support.AbstractAutowireCapableBeanFactory.doCreateBean(AbstractAutowireCapableBeanFactory.java:606) ~[spring-beans-6.2.7.jar:6.2.7]
	at org.springframework.beans.factory.support.AbstractAutowireCapableBeanFactory.createBean(AbstractAutowireCapableBeanFactory.java:529) ~[spring-beans-6.2.7.jar:6.2.7]
	at org.springframework.beans.factory.support.AbstractBeanFactory.lambda$doGetBean$0(AbstractBeanFactory.java:339) ~[spring-beans-6.2.7.jar:6.2.7]
	at org.springframework.beans.factory.support.DefaultSingletonBeanRegistry.getSingleton(DefaultSingletonBeanRegistry.java:373) ~[spring-beans-6.2.7.jar:6.2.7]
	at org.springframework.beans.factory.support.AbstractBeanFactory.doGetBean(AbstractBeanFactory.java:337) ~[spring-beans-6.2.7.jar:6.2.7]
	at org.springframework.beans.factory.support.AbstractBeanFactory.getBean(AbstractBeanFactory.java:202) ~[spring-beans-6.2.7.jar:6.2.7]
	at org.springframework.beans.factory.support.DefaultListableBeanFactory.instantiateSingleton(DefaultListableBeanFactory.java:1222) ~[spring-beans-6.2.7.jar:6.2.7]
	at org.springframework.beans.factory.support.DefaultListableBeanFactory.preInstantiateSingleton(DefaultListableBeanFactory.java:1188) ~[spring-beans-6.2.7.jar:6.2.7]
	at org.springframework.beans.factory.support.DefaultListableBeanFactory.preInstantiateSingletons(DefaultListableBeanFactory.java:1123) ~[spring-beans-6.2.7.jar:6.2.7]
	at org.springframework.context.support.AbstractApplicationContext.finishBeanFactoryInitialization(AbstractApplicationContext.java:987) ~[spring-context-6.2.7.jar:6.2.7]
	at org.springframework.context.support.AbstractApplicationContext.refresh(AbstractApplicationContext.java:627) ~[spring-context-6.2.7.jar:6.2.7]
	at org.springframework.boot.web.servlet.context.ServletWebServerApplicationContext.refresh(ServletWebServerApplicationContext.java:146) ~[spring-boot-3.5.0.jar:3.5.0]
	at org.springframework.boot.SpringApplication.refresh(SpringApplication.java:753) ~[spring-boot-3.5.0.jar:3.5.0]
	at org.springframework.boot.SpringApplication.refreshContext(SpringApplication.java:439) ~[spring-boot-3.5.0.jar:3.5.0]
	at org.springframework.boot.SpringApplication.run(SpringApplication.java:318) ~[spring-boot-3.5.0.jar:3.5.0]
	at org.springframework.boot.SpringApplication.run(SpringApplication.java:1362) ~[spring-boot-3.5.0.jar:3.5.0]
	at org.springframework.boot.SpringApplication.run(SpringApplication.java:1351) ~[spring-boot-3.5.0.jar:3.5.0]
	at com.common.QLGV.QlgvApplication.main(QlgvApplication.java:20) ~[classes/:na]
	at java.base/jdk.internal.reflect.NativeMethodAccessorImpl.invoke0(Native Method) ~[na:na]
	at java.base/jdk.internal.reflect.NativeMethodAccessorImpl.invoke(NativeMethodAccessorImpl.java:77) ~[na:na]
	at java.base/jdk.internal.reflect.DelegatingMethodAccessorImpl.invoke(DelegatingMethodAccessorImpl.java:43) ~[na:na]
	at java.base/java.lang.reflect.Method.invoke(Method.java:568) ~[na:na]
	at org.springframework.boot.devtools.restart.RestartLauncher.run(RestartLauncher.java:50) ~[spring-boot-devtools-3.5.0.jar:3.5.0]
Caused by: org.springframework.beans.factory.BeanCreationException: Error creating bean with name 'teacherServiceImp': Lookup method resolution failed
	at org.springframework.beans.factory.annotation.AutowiredAnnotationBeanPostProcessor.checkLookupMethods(AutowiredAnnotationBeanPostProcessor.java:498) ~[spring-beans-6.2.7.jar:6.2.7]
	at org.springframework.beans.factory.annotation.AutowiredAnnotationBeanPostProcessor.determineCandidateConstructors(AutowiredAnnotationBeanPostProcessor.java:368) ~[spring-beans-6.2.7.jar:6.2.7]
	at org.springframework.beans.factory.support.AbstractAutowireCapableBeanFactory.determineConstructorsFromBeanPostProcessors(AbstractAutowireCapableBeanFactory.java:1334) ~[spring-beans-6.2.7.jar:6.2.7]
	at org.springframework.beans.factory.support.AbstractAutowireCapableBeanFactory.createBeanInstance(AbstractAutowireCapableBeanFactory.java:1229) ~[spring-beans-6.2.7.jar:6.2.7]
	at org.springframework.beans.factory.support.AbstractAutowireCapableBeanFactory.doCreateBean(AbstractAutowireCapableBeanFactory.java:569) ~[spring-beans-6.2.7.jar:6.2.7]
	at org.springframework.beans.factory.support.AbstractAutowireCapableBeanFactory.createBean(AbstractAutowireCapableBeanFactory.java:529) ~[spring-beans-6.2.7.jar:6.2.7]
	at org.springframework.beans.factory.support.AbstractBeanFactory.lambda$doGetBean$0(AbstractBeanFactory.java:339) ~[spring-beans-6.2.7.jar:6.2.7]
	at org.springframework.beans.factory.support.DefaultSingletonBeanRegistry.getSingleton(DefaultSingletonBeanRegistry.java:373) ~[spring-beans-6.2.7.jar:6.2.7]
	at org.springframework.beans.factory.support.AbstractBeanFactory.doGetBean(AbstractBeanFactory.java:337) ~[spring-beans-6.2.7.jar:6.2.7]
	at org.springframework.beans.factory.support.AbstractBeanFactory.getBean(AbstractBeanFactory.java:202) ~[spring-beans-6.2.7.jar:6.2.7]
	at org.springframework.beans.factory.support.DefaultListableBeanFactory.doResolveDependency(DefaultListableBeanFactory.java:1682) ~[spring-beans-6.2.7.jar:6.2.7]
	at org.springframework.beans.factory.support.DefaultListableBeanFactory.resolveDependency(DefaultListableBeanFactory.java:1628) ~[spring-beans-6.2.7.jar:6.2.7]
	at org.springframework.beans.factory.annotation.AutowiredAnnotationBeanPostProcessor$AutowiredFieldElement.resolveFieldValue(AutowiredAnnotationBeanPostProcessor.java:785) ~[spring-beans-6.2.7.jar:6.2.7]
	... 27 common frames omitted
Caused by: java.lang.IllegalStateException: Failed to introspect Class [com.common.QLGV.services.imp.TeacherServiceImp] from ClassLoader [org.springframework.boot.devtools.restart.classloader.RestartClassLoader@6aee6aeb]
	at org.springframework.util.ReflectionUtils.getDeclaredMethods(ReflectionUtils.java:483) ~[spring-core-6.2.7.jar:6.2.7]
	at org.springframework.util.ReflectionUtils.doWithLocalMethods(ReflectionUtils.java:320) ~[spring-core-6.2.7.jar:6.2.7]
	at org.springframework.beans.factory.annotation.AutowiredAnnotationBeanPostProcessor.checkLookupMethods(AutowiredAnnotationBeanPostProcessor.java:476) ~[spring-beans-6.2.7.jar:6.2.7]
	... 39 common frames omitted
Caused by: java.lang.NoClassDefFoundError: com/common/QLGV/services/imp/TeacherServiceImp$4
	at java.base/java.lang.Class.getDeclaredMethods0(Native Method) ~[na:na]
	at java.base/java.lang.Class.privateGetDeclaredMethods(Class.java:3402) ~[na:na]
	at java.base/java.lang.Class.getDeclaredMethods(Class.java:2504) ~[na:na]
	at org.springframework.util.ReflectionUtils.getDeclaredMethods(ReflectionUtils.java:465) ~[spring-core-6.2.7.jar:6.2.7]
	... 41 common frames omitted
Caused by: java.lang.ClassNotFoundException: com.common.QLGV.services.imp.TeacherServiceImp$4
	at java.base/jdk.internal.loader.BuiltinClassLoader.loadClass(BuiltinClassLoader.java:641) ~[na:na]
	at java.base/jdk.internal.loader.ClassLoaders$AppClassLoader.loadClass(ClassLoaders.java:188) ~[na:na]
	at java.base/java.lang.ClassLoader.loadClass(ClassLoader.java:525) ~[na:na]
	at java.base/java.lang.Class.forName0(Native Method) ~[na:na]
	at java.base/java.lang.Class.forName(Class.java:467) ~[na:na]
	at org.springframework.boot.devtools.restart.classloader.RestartClassLoader.loadClass(RestartClassLoader.java:121) ~[spring-boot-devtools-3.5.0.jar:3.5.0]
	at java.base/java.lang.ClassLoader.loadClass(ClassLoader.java:525) ~[na:na]
	... 45 common frames omitted
2026-04-13 13:42:04 [restartedMain] INFO  [QlgvApplication] - Starting QlgvApplication using Java 17.0.12 with PID 18484 (D:\project IntelliJ Ultimate\modules-parent\qlgv\target\classes started by tranhuy in D:\project IntelliJ Ultimate\modules-parent\qlgv)
2026-04-13 13:42:04 [restartedMain] DEBUG [QlgvApplication] - Running with Spring Boot v3.5.0, Spring v6.2.7
2026-04-13 13:42:04 [restartedMain] INFO  [QlgvApplication] - No active profile set, falling back to 1 default profile: "default"
2026-04-13 13:42:05 [restartedMain] DEBUG [RxJava2OnClasspathCondition] - RxJava2 related Aspect extensions are not activated, because RxJava2 is not on the classpath.
2026-04-13 13:42:05 [restartedMain] DEBUG [ReactorOnClasspathCondition] - Reactor related Aspect extensions are not activated because Resilience4j Reactor module is not on the classpath.
2026-04-13 13:42:05 [restartedMain] DEBUG [RxJava2OnClasspathCondition] - RxJava2 related Aspect extensions are not activated, because RxJava2 is not on the classpath.
2026-04-13 13:42:05 [restartedMain] DEBUG [ReactorOnClasspathCondition] - Reactor related Aspect extensions are not activated because Resilience4j Reactor module is not on the classpath.
2026-04-13 13:42:05 [restartedMain] DEBUG [RxJava2OnClasspathCondition] - RxJava2 related Aspect extensions are not activated, because RxJava2 is not on the classpath.
2026-04-13 13:42:05 [restartedMain] DEBUG [ReactorOnClasspathCondition] - Reactor related Aspect extensions are not activated because Resilience4j Reactor module is not on the classpath.
2026-04-13 13:42:05 [restartedMain] DEBUG [RxJava2OnClasspathCondition] - RxJava2 related Aspect extensions are not activated, because RxJava2 is not on the classpath.
2026-04-13 13:42:05 [restartedMain] DEBUG [ReactorOnClasspathCondition] - Reactor related Aspect extensions are not activated because Resilience4j Reactor module is not on the classpath.
2026-04-13 13:42:05 [restartedMain] DEBUG [RxJava2OnClasspathCondition] - RxJava2 related Aspect extensions are not activated, because RxJava2 is not on the classpath.
2026-04-13 13:42:05 [restartedMain] DEBUG [ReactorOnClasspathCondition] - Reactor related Aspect extensions are not activated because Resilience4j Reactor module is not on the classpath.
2026-04-13 13:42:05 [restartedMain] DEBUG [RxJava2OnClasspathCondition] - RxJava2 related Aspect extensions are not activated, because RxJava2 is not on the classpath.
2026-04-13 13:42:05 [restartedMain] DEBUG [ReactorOnClasspathCondition] - Reactor related Aspect extensions are not activated because Resilience4j Reactor module is not on the classpath.
2026-04-13 13:42:06 [restartedMain] WARN  [deprecation] - HHH90000025: MySQL8Dialect does not need to be specified explicitly using 'hibernate.dialect' (remove the property setting and it will be selected by default)
2026-04-13 13:42:06 [restartedMain] WARN  [deprecation] - HHH90000026: MySQL8Dialect has been deprecated; use org.hibernate.dialect.MySQLDialect instead
2026-04-13 13:42:07 [restartedMain] WARN  [JpaBaseConfiguration$JpaWebConfiguration] - spring.jpa.open-in-view is enabled by default. Therefore, database queries may be performed during view rendering. Explicitly configure spring.jpa.open-in-view to disable this warning
2026-04-13 13:42:07 [restartedMain] DEBUG [Mappings] - 
	c.c.Q.c.RedisController:
	{GET [/redis/value/{key}]}: getValue(String)
	{GET [/redis/hash/{key}]}: getHash(String)
	{GET [/redis/type/{key}]}: getKeyType(String)
	{GET [/redis/zset/{key}]}: getZSet(String)
	{GET [/redis/list/{key}]}: getList(String)
	{GET [/redis/keys]}: getAllKeys()
	{GET [/redis/keys/{pattern}]}: getKeysByPattern(String)
	{GET [/redis/ttl/{key}]}: getTTL(String)
	{DELETE [/redis/keys]}: deleteAllKeys()
	{GET [/redis/info]}: getRedisInfo()
	{DELETE [/redis/key/{key}]}: deleteKey(String)
	{GET [/redis/set/{key}]}: getSet(String)
2026-04-13 13:42:07 [restartedMain] DEBUG [Mappings] - 
	c.c.Q.c.TeacherController:
	{GET [/teachers]}: get(String,UserDto)
	{PUT [/teachers/{id}]}: update(Integer,UpdateEntityModel,String,UserDto)
	{GET [/teachers/filter]}: filter(Integer,String,String,Integer,Gender,String,String,String,String,String,UserDto)
	{DELETE [/teachers]}: delete(List,String,UserDto)
	{DELETE [/teachers/cache]}: clearCache(String,UserDto)
	{GET [/teachers/{userId}]}: getByUserId(Integer,String,UserDto)
	{GET [/teachers/paged]}: getPaged(int,int,String,String,String,UserDto)
	{GET [/teachers/{classManaging}/students]}: getStudentsByClassManaging(String,String,String,UserDto)
2026-04-13 13:42:07 [restartedMain] DEBUG [Mappings] - 
	o.s.b.a.w.s.e.BasicErrorController:
	{ [/error]}: error(HttpServletRequest)
	{ [/error], produces [text/html]}: errorHtml(HttpServletRequest,HttpServletResponse)
2026-04-13 13:42:07 [restartedMain] DEBUG [Mappings] - 'beanNameHandlerMapping' {}
2026-04-13 13:42:07 [restartedMain] DEBUG [Mappings] - 'resourceHandlerMapping' {/webjars/**=ResourceHttpRequestHandler [classpath [META-INF/resources/webjars/]], /**=ResourceHttpRequestHandler [classpath [META-INF/resources/], classpath [resources/], classpath [static/], classpath [public/], ServletContext [/]]}
2026-04-13 13:42:07 [restartedMain] WARN  [ThymeleafAutoConfiguration$DefaultTemplateResolverConfiguration] - Cannot find template location: classpath:/templates/ (please add some templates, check your Thymeleaf configuration, or set spring.thymeleaf.check-template-location=false)
2026-04-13 13:42:08 [restartedMain] WARN  [OptionalLiveReloadServer] - Unable to start LiveReload server
2026-04-13 13:42:09 [restartedMain] INFO  [QlgvApplication] - Started QlgvApplication in 4.32 seconds (process running for 1005.182)
2026-04-13 14:06:15 [background-preinit] DEBUG [logging] - Logging Provider: org.jboss.logging.Slf4jLoggerProvider found via system property
2026-04-13 14:06:15 [restartedMain] INFO  [QlgvApplication] - Starting QlgvApplication using Java 17.0.12 with PID 8544 (D:\project IntelliJ Ultimate\modules-parent\qlgv\target\classes started by tranhuy in D:\project IntelliJ Ultimate\modules-parent\qlgv)
2026-04-13 14:06:15 [restartedMain] DEBUG [QlgvApplication] - Running with Spring Boot v3.5.0, Spring v6.2.7
2026-04-13 14:06:15 [restartedMain] INFO  [QlgvApplication] - No active profile set, falling back to 1 default profile: "default"
2026-04-13 14:06:18 [restartedMain] DEBUG [RxJava2OnClasspathCondition] - RxJava2 related Aspect extensions are not activated, because RxJava2 is not on the classpath.
2026-04-13 14:06:18 [restartedMain] DEBUG [ReactorOnClasspathCondition] - Reactor related Aspect extensions are not activated because Resilience4j Reactor module is not on the classpath.
2026-04-13 14:06:18 [restartedMain] DEBUG [RxJava2OnClasspathCondition] - RxJava2 related Aspect extensions are not activated, because RxJava2 is not on the classpath.
2026-04-13 14:06:18 [restartedMain] DEBUG [ReactorOnClasspathCondition] - Reactor related Aspect extensions are not activated because Resilience4j Reactor module is not on the classpath.
2026-04-13 14:06:18 [restartedMain] DEBUG [RxJava2OnClasspathCondition] - RxJava2 related Aspect extensions are not activated, because RxJava2 is not on the classpath.
2026-04-13 14:06:18 [restartedMain] DEBUG [ReactorOnClasspathCondition] - Reactor related Aspect extensions are not activated because Resilience4j Reactor module is not on the classpath.
2026-04-13 14:06:18 [restartedMain] DEBUG [RxJava2OnClasspathCondition] - RxJava2 related Aspect extensions are not activated, because RxJava2 is not on the classpath.
2026-04-13 14:06:18 [restartedMain] DEBUG [ReactorOnClasspathCondition] - Reactor related Aspect extensions are not activated because Resilience4j Reactor module is not on the classpath.
2026-04-13 14:06:18 [restartedMain] DEBUG [RxJava2OnClasspathCondition] - RxJava2 related Aspect extensions are not activated, because RxJava2 is not on the classpath.
2026-04-13 14:06:18 [restartedMain] DEBUG [ReactorOnClasspathCondition] - Reactor related Aspect extensions are not activated because Resilience4j Reactor module is not on the classpath.
2026-04-13 14:06:18 [restartedMain] DEBUG [RxJava2OnClasspathCondition] - RxJava2 related Aspect extensions are not activated, because RxJava2 is not on the classpath.
2026-04-13 14:06:18 [restartedMain] DEBUG [ReactorOnClasspathCondition] - Reactor related Aspect extensions are not activated because Resilience4j Reactor module is not on the classpath.
2026-04-13 14:06:23 [restartedMain] DEBUG [InternalLoggerFactory] - Using SLF4J as the default logging framework
2026-04-13 14:06:27 [restartedMain] WARN  [deprecation] - HHH90000025: MySQL8Dialect does not need to be specified explicitly using 'hibernate.dialect' (remove the property setting and it will be selected by default)
2026-04-13 14:06:27 [restartedMain] WARN  [deprecation] - HHH90000026: MySQL8Dialect has been deprecated; use org.hibernate.dialect.MySQLDialect instead
2026-04-13 14:06:36 [restartedMain] WARN  [JpaBaseConfiguration$JpaWebConfiguration] - spring.jpa.open-in-view is enabled by default. Therefore, database queries may be performed during view rendering. Explicitly configure spring.jpa.open-in-view to disable this warning
2026-04-13 14:06:36 [restartedMain] DEBUG [Mappings] - 
	c.c.Q.c.RedisController:
	{GET [/redis/value/{key}]}: getValue(String)
	{GET [/redis/hash/{key}]}: getHash(String)
	{GET [/redis/type/{key}]}: getKeyType(String)
	{GET [/redis/set/{key}]}: getSet(String)
	{GET [/redis/keys]}: getAllKeys()
	{DELETE [/redis/key/{key}]}: deleteKey(String)
	{GET [/redis/info]}: getRedisInfo()
	{GET [/redis/zset/{key}]}: getZSet(String)
	{GET [/redis/list/{key}]}: getList(String)
	{DELETE [/redis/keys]}: deleteAllKeys()
	{GET [/redis/keys/{pattern}]}: getKeysByPattern(String)
	{GET [/redis/ttl/{key}]}: getTTL(String)
2026-04-13 14:06:36 [restartedMain] DEBUG [Mappings] - 
	c.c.Q.c.TeacherController:
	{GET [/teachers]}: get(String,UserDto)
	{PUT [/teachers/{id}]}: update(Integer,UpdateEntityModel,String,UserDto)
	{GET [/teachers/filter]}: filter(Integer,String,String,Integer,Gender,String,String,String,String,String,UserDto)
	{DELETE [/teachers]}: delete(List,String,UserDto)
	{DELETE [/teachers/cache]}: clearCache(String,UserDto)
	{GET [/teachers/{classManaging}/students]}: getStudentsByClassManaging(String,String,String,UserDto)
	{GET [/teachers/{userId}]}: getByUserId(Integer,String,UserDto)
	{GET [/teachers/paged]}: getPaged(int,int,String,String,String,UserDto)
2026-04-13 14:06:37 [restartedMain] DEBUG [Mappings] - 
	o.s.b.a.w.s.e.BasicErrorController:
	{ [/error]}: error(HttpServletRequest)
	{ [/error], produces [text/html]}: errorHtml(HttpServletRequest,HttpServletResponse)
2026-04-13 14:06:37 [restartedMain] DEBUG [Mappings] - 'beanNameHandlerMapping' {}
2026-04-13 14:06:37 [restartedMain] DEBUG [Mappings] - 'resourceHandlerMapping' {/webjars/**=ResourceHttpRequestHandler [classpath [META-INF/resources/webjars/]], /**=ResourceHttpRequestHandler [classpath [META-INF/resources/], classpath [resources/], classpath [static/], classpath [public/], ServletContext [/]]}
2026-04-13 14:06:37 [restartedMain] WARN  [ThymeleafAutoConfiguration$DefaultTemplateResolverConfiguration] - Cannot find template location: classpath:/templates/ (please add some templates, check your Thymeleaf configuration, or set spring.thymeleaf.check-template-location=false)
2026-04-13 14:06:38 [restartedMain] DEBUG [Loggers] - Using Slf4j logging framework
2026-04-13 14:06:40 [restartedMain] WARN  [OptionalLiveReloadServer] - Unable to start LiveReload server
2026-04-13 14:06:40 [restartedMain] INFO  [QlgvApplication] - Started QlgvApplication in 26.508 seconds (process running for 27.361)
2026-04-13 14:08:15 [org.springframework.kafka.KafkaListenerEndpointContainer#1-0-C-1] WARN  [LoggingServiceImp] - [qlgv] UserConsumerService - user event is not a teacher
2026-04-13 14:09:45 [org.springframework.kafka.KafkaListenerEndpointContainer#1-0-C-1] WARN  [LoggingServiceImp] - [qlgv] UserConsumerService - User or user type is null in event. Skipping.
2026-04-13 14:13:50 [org.springframework.kafka.KafkaListenerEndpointContainer#1-0-C-1] WARN  [LoggingServiceImp] - [qlgv] UserConsumerService - user event is not a teacher
2026-04-13 14:15:19 [restartedMain] INFO  [QlgvApplication] - Starting QlgvApplication using Java 17.0.12 with PID 8544 (D:\project IntelliJ Ultimate\modules-parent\qlgv\target\classes started by tranhuy in D:\project IntelliJ Ultimate\modules-parent\qlgv)
2026-04-13 14:15:19 [restartedMain] DEBUG [QlgvApplication] - Running with Spring Boot v3.5.0, Spring v6.2.7
2026-04-13 14:15:19 [restartedMain] INFO  [QlgvApplication] - No active profile set, falling back to 1 default profile: "default"
2026-04-13 14:15:21 [restartedMain] DEBUG [RxJava2OnClasspathCondition] - RxJava2 related Aspect extensions are not activated, because RxJava2 is not on the classpath.
2026-04-13 14:15:21 [restartedMain] DEBUG [ReactorOnClasspathCondition] - Reactor related Aspect extensions are not activated because Resilience4j Reactor module is not on the classpath.
2026-04-13 14:15:21 [restartedMain] DEBUG [RxJava2OnClasspathCondition] - RxJava2 related Aspect extensions are not activated, because RxJava2 is not on the classpath.
2026-04-13 14:15:21 [restartedMain] DEBUG [ReactorOnClasspathCondition] - Reactor related Aspect extensions are not activated because Resilience4j Reactor module is not on the classpath.
2026-04-13 14:15:21 [restartedMain] DEBUG [RxJava2OnClasspathCondition] - RxJava2 related Aspect extensions are not activated, because RxJava2 is not on the classpath.
2026-04-13 14:15:21 [restartedMain] DEBUG [ReactorOnClasspathCondition] - Reactor related Aspect extensions are not activated because Resilience4j Reactor module is not on the classpath.
2026-04-13 14:15:21 [restartedMain] DEBUG [RxJava2OnClasspathCondition] - RxJava2 related Aspect extensions are not activated, because RxJava2 is not on the classpath.
2026-04-13 14:15:21 [restartedMain] DEBUG [ReactorOnClasspathCondition] - Reactor related Aspect extensions are not activated because Resilience4j Reactor module is not on the classpath.
2026-04-13 14:15:21 [restartedMain] DEBUG [RxJava2OnClasspathCondition] - RxJava2 related Aspect extensions are not activated, because RxJava2 is not on the classpath.
2026-04-13 14:15:21 [restartedMain] DEBUG [ReactorOnClasspathCondition] - Reactor related Aspect extensions are not activated because Resilience4j Reactor module is not on the classpath.
2026-04-13 14:15:21 [restartedMain] DEBUG [RxJava2OnClasspathCondition] - RxJava2 related Aspect extensions are not activated, because RxJava2 is not on the classpath.
2026-04-13 14:15:21 [restartedMain] DEBUG [ReactorOnClasspathCondition] - Reactor related Aspect extensions are not activated because Resilience4j Reactor module is not on the classpath.
2026-04-13 14:34:32 [restartedMain] INFO  [QlgvApplication] - Starting QlgvApplication using Java 17.0.12 with PID 17772 (D:\project IntelliJ Ultimate\modules-parent\qlgv\target\classes started by tranhuy in D:\project IntelliJ Ultimate\modules-parent\qlgv)
2026-04-13 14:34:32 [restartedMain] DEBUG [QlgvApplication] - Running with Spring Boot v3.5.0, Spring v6.2.7
2026-04-13 14:34:32 [restartedMain] INFO  [QlgvApplication] - No active profile set, falling back to 1 default profile: "default"
2026-04-13 14:34:32 [background-preinit] DEBUG [logging] - Logging Provider: org.jboss.logging.Slf4jLoggerProvider found via system property
2026-04-13 14:34:37 [restartedMain] DEBUG [RxJava2OnClasspathCondition] - RxJava2 related Aspect extensions are not activated, because RxJava2 is not on the classpath.
2026-04-13 14:34:37 [restartedMain] DEBUG [ReactorOnClasspathCondition] - Reactor related Aspect extensions are not activated because Resilience4j Reactor module is not on the classpath.
2026-04-13 14:34:37 [restartedMain] DEBUG [RxJava2OnClasspathCondition] - RxJava2 related Aspect extensions are not activated, because RxJava2 is not on the classpath.
2026-04-13 14:34:37 [restartedMain] DEBUG [ReactorOnClasspathCondition] - Reactor related Aspect extensions are not activated because Resilience4j Reactor module is not on the classpath.
2026-04-13 14:34:38 [restartedMain] DEBUG [RxJava2OnClasspathCondition] - RxJava2 related Aspect extensions are not activated, because RxJava2 is not on the classpath.
2026-04-13 14:34:38 [restartedMain] DEBUG [ReactorOnClasspathCondition] - Reactor related Aspect extensions are not activated because Resilience4j Reactor module is not on the classpath.
2026-04-13 14:34:38 [restartedMain] DEBUG [RxJava2OnClasspathCondition] - RxJava2 related Aspect extensions are not activated, because RxJava2 is not on the classpath.
2026-04-13 14:34:38 [restartedMain] DEBUG [ReactorOnClasspathCondition] - Reactor related Aspect extensions are not activated because Resilience4j Reactor module is not on the classpath.
2026-04-13 14:34:38 [restartedMain] DEBUG [RxJava2OnClasspathCondition] - RxJava2 related Aspect extensions are not activated, because RxJava2 is not on the classpath.
2026-04-13 14:34:38 [restartedMain] DEBUG [ReactorOnClasspathCondition] - Reactor related Aspect extensions are not activated because Resilience4j Reactor module is not on the classpath.
2026-04-13 14:34:38 [restartedMain] DEBUG [RxJava2OnClasspathCondition] - RxJava2 related Aspect extensions are not activated, because RxJava2 is not on the classpath.
2026-04-13 14:34:38 [restartedMain] DEBUG [ReactorOnClasspathCondition] - Reactor related Aspect extensions are not activated because Resilience4j Reactor module is not on the classpath.
2026-04-13 14:34:45 [restartedMain] DEBUG [InternalLoggerFactory] - Using SLF4J as the default logging framework
2026-04-13 14:34:47 [restartedMain] WARN  [deprecation] - HHH90000025: MySQL8Dialect does not need to be specified explicitly using 'hibernate.dialect' (remove the property setting and it will be selected by default)
2026-04-13 14:34:47 [restartedMain] WARN  [deprecation] - HHH90000026: MySQL8Dialect has been deprecated; use org.hibernate.dialect.MySQLDialect instead
2026-04-13 14:34:55 [restartedMain] WARN  [JpaBaseConfiguration$JpaWebConfiguration] - spring.jpa.open-in-view is enabled by default. Therefore, database queries may be performed during view rendering. Explicitly configure spring.jpa.open-in-view to disable this warning
2026-04-13 14:34:55 [restartedMain] DEBUG [Mappings] - 
	c.c.Q.c.RedisController:
	{GET [/redis/value/{key}]}: getValue(String)
	{GET [/redis/hash/{key}]}: getHash(String)
	{GET [/redis/set/{key}]}: getSet(String)
	{GET [/redis/type/{key}]}: getKeyType(String)
	{GET [/redis/ttl/{key}]}: getTTL(String)
	{GET [/redis/info]}: getRedisInfo()
	{DELETE [/redis/key/{key}]}: deleteKey(String)
	{DELETE [/redis/keys]}: deleteAllKeys()
	{GET [/redis/keys/{pattern}]}: getKeysByPattern(String)
	{GET [/redis/list/{key}]}: getList(String)
	{GET [/redis/keys]}: getAllKeys()
	{GET [/redis/zset/{key}]}: getZSet(String)
2026-04-13 14:34:55 [restartedMain] DEBUG [Mappings] - 
	c.c.Q.c.TeacherController:
	{GET [/teachers]}: get(String,UserDto)
	{PUT [/teachers/{id}]}: update(Integer,UpdateEntityModel,String,UserDto)
	{GET [/teachers/filter]}: filter(Integer,String,String,Integer,Gender,String,String,String,String,String,UserDto)
	{DELETE [/teachers]}: delete(List,String,UserDto)
	{DELETE [/teachers/cache]}: clearCache(String,UserDto)
	{GET [/teachers/paged]}: getPaged(int,int,String,String,String,UserDto)
	{GET [/teachers/{userId}]}: getByUserId(Integer,String,UserDto)
	{GET [/teachers/{classManaging}/students]}: getStudentsByClassManaging(String,String,String,UserDto)
2026-04-13 14:34:55 [restartedMain] DEBUG [Mappings] - 
	o.s.b.a.w.s.e.BasicErrorController:
	{ [/error]}: error(HttpServletRequest)
	{ [/error], produces [text/html]}: errorHtml(HttpServletRequest,HttpServletResponse)
2026-04-13 14:34:55 [restartedMain] DEBUG [Mappings] - 'beanNameHandlerMapping' {}
2026-04-13 14:34:55 [restartedMain] DEBUG [Mappings] - 'resourceHandlerMapping' {/webjars/**=ResourceHttpRequestHandler [classpath [META-INF/resources/webjars/]], /**=ResourceHttpRequestHandler [classpath [META-INF/resources/], classpath [resources/], classpath [static/], classpath [public/], ServletContext [/]]}
2026-04-13 14:34:56 [restartedMain] WARN  [ThymeleafAutoConfiguration$DefaultTemplateResolverConfiguration] - Cannot find template location: classpath:/templates/ (please add some templates, check your Thymeleaf configuration, or set spring.thymeleaf.check-template-location=false)
2026-04-13 14:34:57 [restartedMain] DEBUG [Loggers] - Using Slf4j logging framework
2026-04-13 14:34:59 [restartedMain] WARN  [OptionalLiveReloadServer] - Unable to start LiveReload server
2026-04-13 14:34:59 [restartedMain] INFO  [QlgvApplication] - Started QlgvApplication in 27.929 seconds (process running for 29.48)
2026-04-13 14:35:22 [restartedMain] INFO  [QlgvApplication] - Starting QlgvApplication using Java 17.0.12 with PID 17772 (D:\project IntelliJ Ultimate\modules-parent\qlgv\target\classes started by tranhuy in D:\project IntelliJ Ultimate\modules-parent\qlgv)
2026-04-13 14:35:22 [restartedMain] DEBUG [QlgvApplication] - Running with Spring Boot v3.5.0, Spring v6.2.7
2026-04-13 14:35:22 [restartedMain] INFO  [QlgvApplication] - No active profile set, falling back to 1 default profile: "default"
2026-04-13 14:35:24 [restartedMain] DEBUG [RxJava2OnClasspathCondition] - RxJava2 related Aspect extensions are not activated, because RxJava2 is not on the classpath.
2026-04-13 14:35:24 [restartedMain] DEBUG [ReactorOnClasspathCondition] - Reactor related Aspect extensions are not activated because Resilience4j Reactor module is not on the classpath.
2026-04-13 14:35:24 [restartedMain] DEBUG [RxJava2OnClasspathCondition] - RxJava2 related Aspect extensions are not activated, because RxJava2 is not on the classpath.
2026-04-13 14:35:24 [restartedMain] DEBUG [ReactorOnClasspathCondition] - Reactor related Aspect extensions are not activated because Resilience4j Reactor module is not on the classpath.
2026-04-13 14:35:24 [restartedMain] DEBUG [RxJava2OnClasspathCondition] - RxJava2 related Aspect extensions are not activated, because RxJava2 is not on the classpath.
2026-04-13 14:35:24 [restartedMain] DEBUG [ReactorOnClasspathCondition] - Reactor related Aspect extensions are not activated because Resilience4j Reactor module is not on the classpath.
2026-04-13 14:35:24 [restartedMain] DEBUG [RxJava2OnClasspathCondition] - RxJava2 related Aspect extensions are not activated, because RxJava2 is not on the classpath.
2026-04-13 14:35:24 [restartedMain] DEBUG [ReactorOnClasspathCondition] - Reactor related Aspect extensions are not activated because Resilience4j Reactor module is not on the classpath.
2026-04-13 14:35:24 [restartedMain] DEBUG [RxJava2OnClasspathCondition] - RxJava2 related Aspect extensions are not activated, because RxJava2 is not on the classpath.
2026-04-13 14:35:24 [restartedMain] DEBUG [ReactorOnClasspathCondition] - Reactor related Aspect extensions are not activated because Resilience4j Reactor module is not on the classpath.
2026-04-13 14:35:24 [restartedMain] DEBUG [RxJava2OnClasspathCondition] - RxJava2 related Aspect extensions are not activated, because RxJava2 is not on the classpath.
2026-04-13 14:35:24 [restartedMain] DEBUG [ReactorOnClasspathCondition] - Reactor related Aspect extensions are not activated because Resilience4j Reactor module is not on the classpath.
2026-04-13 14:35:26 [restartedMain] WARN  [deprecation] - HHH90000025: MySQL8Dialect does not need to be specified explicitly using 'hibernate.dialect' (remove the property setting and it will be selected by default)
2026-04-13 14:35:26 [restartedMain] WARN  [deprecation] - HHH90000026: MySQL8Dialect has been deprecated; use org.hibernate.dialect.MySQLDialect instead
2026-04-13 14:35:28 [restartedMain] WARN  [JpaBaseConfiguration$JpaWebConfiguration] - spring.jpa.open-in-view is enabled by default. Therefore, database queries may be performed during view rendering. Explicitly configure spring.jpa.open-in-view to disable this warning
2026-04-13 14:35:28 [restartedMain] DEBUG [Mappings] - 
	c.c.Q.c.RedisController:
	{GET [/redis/value/{key}]}: getValue(String)
	{GET [/redis/hash/{key}]}: getHash(String)
	{GET [/redis/set/{key}]}: getSet(String)
	{GET [/redis/type/{key}]}: getKeyType(String)
	{GET [/redis/ttl/{key}]}: getTTL(String)
	{GET [/redis/info]}: getRedisInfo()
	{DELETE [/redis/key/{key}]}: deleteKey(String)
	{DELETE [/redis/keys]}: deleteAllKeys()
	{GET [/redis/keys/{pattern}]}: getKeysByPattern(String)
	{GET [/redis/list/{key}]}: getList(String)
	{GET [/redis/keys]}: getAllKeys()
	{GET [/redis/zset/{key}]}: getZSet(String)
2026-04-13 14:35:28 [restartedMain] DEBUG [Mappings] - 
	c.c.Q.c.TeacherController:
	{GET [/teachers]}: get(String,UserDto)
	{PUT [/teachers/{id}]}: update(Integer,UpdateEntityModel,String,UserDto)
	{GET [/teachers/filter]}: filter(Integer,String,String,Integer,Gender,String,String,String,String,String,UserDto)
	{DELETE [/teachers]}: delete(List,String,UserDto)
	{DELETE [/teachers/cache]}: clearCache(String,UserDto)
	{GET [/teachers/paged]}: getPaged(int,int,String,String,String,UserDto)
	{GET [/teachers/{userId}]}: getByUserId(Integer,String,UserDto)
	{GET [/teachers/{classManaging}/students]}: getStudentsByClassManaging(String,String,String,UserDto)
2026-04-13 14:35:29 [restartedMain] DEBUG [Mappings] - 
	o.s.b.a.w.s.e.BasicErrorController:
	{ [/error]}: error(HttpServletRequest)
	{ [/error], produces [text/html]}: errorHtml(HttpServletRequest,HttpServletResponse)
2026-04-13 14:35:29 [restartedMain] DEBUG [Mappings] - 'beanNameHandlerMapping' {}
2026-04-13 14:35:29 [restartedMain] DEBUG [Mappings] - 'resourceHandlerMapping' {/webjars/**=ResourceHttpRequestHandler [classpath [META-INF/resources/webjars/]], /**=ResourceHttpRequestHandler [classpath [META-INF/resources/], classpath [resources/], classpath [static/], classpath [public/], ServletContext [/]]}
2026-04-13 14:35:29 [restartedMain] WARN  [ThymeleafAutoConfiguration$DefaultTemplateResolverConfiguration] - Cannot find template location: classpath:/templates/ (please add some templates, check your Thymeleaf configuration, or set spring.thymeleaf.check-template-location=false)
2026-04-13 14:35:31 [restartedMain] WARN  [OptionalLiveReloadServer] - Unable to start LiveReload server
2026-04-13 14:35:31 [restartedMain] INFO  [QlgvApplication] - Started QlgvApplication in 8.99 seconds (process running for 61.131)
2026-04-13 14:35:33 [restartedMain] INFO  [QlgvApplication] - Starting QlgvApplication using Java 17.0.12 with PID 17772 (D:\project IntelliJ Ultimate\modules-parent\qlgv\target\classes started by tranhuy in D:\project IntelliJ Ultimate\modules-parent\qlgv)
2026-04-13 14:35:33 [restartedMain] DEBUG [QlgvApplication] - Running with Spring Boot v3.5.0, Spring v6.2.7
2026-04-13 14:35:33 [restartedMain] INFO  [QlgvApplication] - No active profile set, falling back to 1 default profile: "default"
2026-04-13 14:35:34 [restartedMain] DEBUG [RxJava2OnClasspathCondition] - RxJava2 related Aspect extensions are not activated, because RxJava2 is not on the classpath.
2026-04-13 14:35:34 [restartedMain] DEBUG [ReactorOnClasspathCondition] - Reactor related Aspect extensions are not activated because Resilience4j Reactor module is not on the classpath.
2026-04-13 14:35:34 [restartedMain] DEBUG [RxJava2OnClasspathCondition] - RxJava2 related Aspect extensions are not activated, because RxJava2 is not on the classpath.
2026-04-13 14:35:34 [restartedMain] DEBUG [ReactorOnClasspathCondition] - Reactor related Aspect extensions are not activated because Resilience4j Reactor module is not on the classpath.
2026-04-13 14:35:34 [restartedMain] DEBUG [RxJava2OnClasspathCondition] - RxJava2 related Aspect extensions are not activated, because RxJava2 is not on the classpath.
2026-04-13 14:35:34 [restartedMain] DEBUG [ReactorOnClasspathCondition] - Reactor related Aspect extensions are not activated because Resilience4j Reactor module is not on the classpath.
2026-04-13 14:35:34 [restartedMain] DEBUG [RxJava2OnClasspathCondition] - RxJava2 related Aspect extensions are not activated, because RxJava2 is not on the classpath.
2026-04-13 14:35:34 [restartedMain] DEBUG [ReactorOnClasspathCondition] - Reactor related Aspect extensions are not activated because Resilience4j Reactor module is not on the classpath.
2026-04-13 14:35:34 [restartedMain] DEBUG [RxJava2OnClasspathCondition] - RxJava2 related Aspect extensions are not activated, because RxJava2 is not on the classpath.
2026-04-13 14:35:34 [restartedMain] DEBUG [ReactorOnClasspathCondition] - Reactor related Aspect extensions are not activated because Resilience4j Reactor module is not on the classpath.
2026-04-13 14:35:34 [restartedMain] DEBUG [RxJava2OnClasspathCondition] - RxJava2 related Aspect extensions are not activated, because RxJava2 is not on the classpath.
2026-04-13 14:35:34 [restartedMain] DEBUG [ReactorOnClasspathCondition] - Reactor related Aspect extensions are not activated because Resilience4j Reactor module is not on the classpath.
2026-04-13 14:35:35 [restartedMain] WARN  [deprecation] - HHH90000025: MySQL8Dialect does not need to be specified explicitly using 'hibernate.dialect' (remove the property setting and it will be selected by default)
2026-04-13 14:35:35 [restartedMain] WARN  [deprecation] - HHH90000026: MySQL8Dialect has been deprecated; use org.hibernate.dialect.MySQLDialect instead
2026-04-13 14:35:36 [restartedMain] WARN  [JpaBaseConfiguration$JpaWebConfiguration] - spring.jpa.open-in-view is enabled by default. Therefore, database queries may be performed during view rendering. Explicitly configure spring.jpa.open-in-view to disable this warning
2026-04-13 14:35:36 [restartedMain] DEBUG [Mappings] - 
	c.c.Q.c.RedisController:
	{GET [/redis/value/{key}]}: getValue(String)
	{GET [/redis/hash/{key}]}: getHash(String)
	{GET [/redis/set/{key}]}: getSet(String)
	{GET [/redis/type/{key}]}: getKeyType(String)
	{GET [/redis/ttl/{key}]}: getTTL(String)
	{GET [/redis/info]}: getRedisInfo()
	{DELETE [/redis/key/{key}]}: deleteKey(String)
	{DELETE [/redis/keys]}: deleteAllKeys()
	{GET [/redis/keys/{pattern}]}: getKeysByPattern(String)
	{GET [/redis/list/{key}]}: getList(String)
	{GET [/redis/keys]}: getAllKeys()
	{GET [/redis/zset/{key}]}: getZSet(String)
2026-04-13 14:35:36 [restartedMain] DEBUG [Mappings] - 
	c.c.Q.c.TeacherController:
	{GET [/teachers]}: get(String,UserDto)
	{PUT [/teachers/{id}]}: update(Integer,UpdateEntityModel,String,UserDto)
	{GET [/teachers/filter]}: filter(Integer,String,String,Integer,Gender,String,String,String,String,String,UserDto)
	{DELETE [/teachers]}: delete(List,String,UserDto)
	{DELETE [/teachers/cache]}: clearCache(String,UserDto)
	{GET [/teachers/paged]}: getPaged(int,int,String,String,String,UserDto)
	{GET [/teachers/{userId}]}: getByUserId(Integer,String,UserDto)
	{GET [/teachers/{classManaging}/students]}: getStudentsByClassManaging(String,String,String,UserDto)
2026-04-13 14:35:36 [restartedMain] DEBUG [Mappings] - 
	o.s.b.a.w.s.e.BasicErrorController:
	{ [/error]}: error(HttpServletRequest)
	{ [/error], produces [text/html]}: errorHtml(HttpServletRequest,HttpServletResponse)
2026-04-13 14:35:36 [restartedMain] DEBUG [Mappings] - 'beanNameHandlerMapping' {}
2026-04-13 14:35:36 [restartedMain] DEBUG [Mappings] - 'resourceHandlerMapping' {/webjars/**=ResourceHttpRequestHandler [classpath [META-INF/resources/webjars/]], /**=ResourceHttpRequestHandler [classpath [META-INF/resources/], classpath [resources/], classpath [static/], classpath [public/], ServletContext [/]]}
2026-04-13 14:35:36 [restartedMain] WARN  [ThymeleafAutoConfiguration$DefaultTemplateResolverConfiguration] - Cannot find template location: classpath:/templates/ (please add some templates, check your Thymeleaf configuration, or set spring.thymeleaf.check-template-location=false)
2026-04-13 14:35:38 [restartedMain] WARN  [OptionalLiveReloadServer] - Unable to start LiveReload server
2026-04-13 14:35:38 [restartedMain] INFO  [QlgvApplication] - Started QlgvApplication in 4.906 seconds (process running for 68.039)
2026-04-13 14:37:39 [restartedMain] INFO  [QlgvApplication] - Starting QlgvApplication using Java 17.0.12 with PID 17772 (D:\project IntelliJ Ultimate\modules-parent\qlgv\target\classes started by tranhuy in D:\project IntelliJ Ultimate\modules-parent\qlgv)
2026-04-13 14:37:39 [restartedMain] DEBUG [QlgvApplication] - Running with Spring Boot v3.5.0, Spring v6.2.7
2026-04-13 14:37:39 [restartedMain] INFO  [QlgvApplication] - No active profile set, falling back to 1 default profile: "default"
2026-04-13 14:37:40 [restartedMain] DEBUG [RxJava2OnClasspathCondition] - RxJava2 related Aspect extensions are not activated, because RxJava2 is not on the classpath.
2026-04-13 14:37:40 [restartedMain] DEBUG [ReactorOnClasspathCondition] - Reactor related Aspect extensions are not activated because Resilience4j Reactor module is not on the classpath.
2026-04-13 14:37:40 [restartedMain] DEBUG [RxJava2OnClasspathCondition] - RxJava2 related Aspect extensions are not activated, because RxJava2 is not on the classpath.
2026-04-13 14:37:40 [restartedMain] DEBUG [ReactorOnClasspathCondition] - Reactor related Aspect extensions are not activated because Resilience4j Reactor module is not on the classpath.
2026-04-13 14:37:40 [restartedMain] DEBUG [RxJava2OnClasspathCondition] - RxJava2 related Aspect extensions are not activated, because RxJava2 is not on the classpath.
2026-04-13 14:37:40 [restartedMain] DEBUG [ReactorOnClasspathCondition] - Reactor related Aspect extensions are not activated because Resilience4j Reactor module is not on the classpath.
2026-04-13 14:37:40 [restartedMain] DEBUG [RxJava2OnClasspathCondition] - RxJava2 related Aspect extensions are not activated, because RxJava2 is not on the classpath.
2026-04-13 14:37:40 [restartedMain] DEBUG [ReactorOnClasspathCondition] - Reactor related Aspect extensions are not activated because Resilience4j Reactor module is not on the classpath.
2026-04-13 14:37:40 [restartedMain] DEBUG [RxJava2OnClasspathCondition] - RxJava2 related Aspect extensions are not activated, because RxJava2 is not on the classpath.
2026-04-13 14:37:40 [restartedMain] DEBUG [ReactorOnClasspathCondition] - Reactor related Aspect extensions are not activated because Resilience4j Reactor module is not on the classpath.
2026-04-13 14:37:40 [restartedMain] DEBUG [RxJava2OnClasspathCondition] - RxJava2 related Aspect extensions are not activated, because RxJava2 is not on the classpath.
2026-04-13 14:37:40 [restartedMain] DEBUG [ReactorOnClasspathCondition] - Reactor related Aspect extensions are not activated because Resilience4j Reactor module is not on the classpath.
2026-04-13 14:37:40 [restartedMain] WARN  [deprecation] - HHH90000025: MySQL8Dialect does not need to be specified explicitly using 'hibernate.dialect' (remove the property setting and it will be selected by default)
2026-04-13 14:37:40 [restartedMain] WARN  [deprecation] - HHH90000026: MySQL8Dialect has been deprecated; use org.hibernate.dialect.MySQLDialect instead
2026-04-13 14:37:41 [restartedMain] WARN  [JpaBaseConfiguration$JpaWebConfiguration] - spring.jpa.open-in-view is enabled by default. Therefore, database queries may be performed during view rendering. Explicitly configure spring.jpa.open-in-view to disable this warning
2026-04-13 14:37:41 [restartedMain] DEBUG [Mappings] - 
	c.c.Q.c.RedisController:
	{GET [/redis/value/{key}]}: getValue(String)
	{GET [/redis/hash/{key}]}: getHash(String)
	{GET [/redis/set/{key}]}: getSet(String)
	{GET [/redis/type/{key}]}: getKeyType(String)
	{GET [/redis/ttl/{key}]}: getTTL(String)
	{GET [/redis/info]}: getRedisInfo()
	{DELETE [/redis/key/{key}]}: deleteKey(String)
	{DELETE [/redis/keys]}: deleteAllKeys()
	{GET [/redis/keys/{pattern}]}: getKeysByPattern(String)
	{GET [/redis/list/{key}]}: getList(String)
	{GET [/redis/keys]}: getAllKeys()
	{GET [/redis/zset/{key}]}: getZSet(String)
2026-04-13 14:37:41 [restartedMain] DEBUG [Mappings] - 
	c.c.Q.c.TeacherController:
	{GET [/teachers]}: get(String,UserDto)
	{PUT [/teachers/{id}]}: update(Integer,UpdateEntityModel,String,UserDto)
	{GET [/teachers/filter]}: filter(Integer,String,String,Integer,Gender,String,String,String,String,String,UserDto)
	{DELETE [/teachers]}: delete(List,String,UserDto)
	{DELETE [/teachers/cache]}: clearCache(String,UserDto)
	{GET [/teachers/paged]}: getPaged(int,int,String,String,String,UserDto)
	{GET [/teachers/{userId}]}: getByUserId(Integer,String,UserDto)
	{GET [/teachers/{classManaging}/students]}: getStudentsByClassManaging(String,String,String,UserDto)
2026-04-13 14:37:41 [restartedMain] DEBUG [Mappings] - 
	o.s.b.a.w.s.e.BasicErrorController:
	{ [/error]}: error(HttpServletRequest)
	{ [/error], produces [text/html]}: errorHtml(HttpServletRequest,HttpServletResponse)
2026-04-13 14:37:41 [restartedMain] DEBUG [Mappings] - 'beanNameHandlerMapping' {}
2026-04-13 14:37:41 [restartedMain] DEBUG [Mappings] - 'resourceHandlerMapping' {/webjars/**=ResourceHttpRequestHandler [classpath [META-INF/resources/webjars/]], /**=ResourceHttpRequestHandler [classpath [META-INF/resources/], classpath [resources/], classpath [static/], classpath [public/], ServletContext [/]]}
2026-04-13 14:37:42 [restartedMain] WARN  [ThymeleafAutoConfiguration$DefaultTemplateResolverConfiguration] - Cannot find template location: classpath:/templates/ (please add some templates, check your Thymeleaf configuration, or set spring.thymeleaf.check-template-location=false)
2026-04-13 14:37:43 [restartedMain] WARN  [OptionalLiveReloadServer] - Unable to start LiveReload server
2026-04-13 14:37:43 [restartedMain] INFO  [QlgvApplication] - Started QlgvApplication in 4.378 seconds (process running for 193.443)
2026-04-13 14:37:47 [restartedMain] INFO  [QlgvApplication] - Starting QlgvApplication using Java 17.0.12 with PID 17772 (D:\project IntelliJ Ultimate\modules-parent\qlgv\target\classes started by tranhuy in D:\project IntelliJ Ultimate\modules-parent\qlgv)
2026-04-13 14:37:47 [restartedMain] DEBUG [QlgvApplication] - Running with Spring Boot v3.5.0, Spring v6.2.7
2026-04-13 14:37:47 [restartedMain] INFO  [QlgvApplication] - No active profile set, falling back to 1 default profile: "default"
2026-04-13 14:37:48 [restartedMain] DEBUG [RxJava2OnClasspathCondition] - RxJava2 related Aspect extensions are not activated, because RxJava2 is not on the classpath.
2026-04-13 14:37:48 [restartedMain] DEBUG [ReactorOnClasspathCondition] - Reactor related Aspect extensions are not activated because Resilience4j Reactor module is not on the classpath.
2026-04-13 14:37:48 [restartedMain] DEBUG [RxJava2OnClasspathCondition] - RxJava2 related Aspect extensions are not activated, because RxJava2 is not on the classpath.
2026-04-13 14:37:48 [restartedMain] DEBUG [ReactorOnClasspathCondition] - Reactor related Aspect extensions are not activated because Resilience4j Reactor module is not on the classpath.
2026-04-13 14:37:48 [restartedMain] DEBUG [RxJava2OnClasspathCondition] - RxJava2 related Aspect extensions are not activated, because RxJava2 is not on the classpath.
2026-04-13 14:37:48 [restartedMain] DEBUG [ReactorOnClasspathCondition] - Reactor related Aspect extensions are not activated because Resilience4j Reactor module is not on the classpath.
2026-04-13 14:37:48 [restartedMain] DEBUG [RxJava2OnClasspathCondition] - RxJava2 related Aspect extensions are not activated, because RxJava2 is not on the classpath.
2026-04-13 14:37:48 [restartedMain] DEBUG [ReactorOnClasspathCondition] - Reactor related Aspect extensions are not activated because Resilience4j Reactor module is not on the classpath.
2026-04-13 14:37:48 [restartedMain] DEBUG [RxJava2OnClasspathCondition] - RxJava2 related Aspect extensions are not activated, because RxJava2 is not on the classpath.
2026-04-13 14:37:48 [restartedMain] DEBUG [ReactorOnClasspathCondition] - Reactor related Aspect extensions are not activated because Resilience4j Reactor module is not on the classpath.
2026-04-13 14:37:48 [restartedMain] DEBUG [RxJava2OnClasspathCondition] - RxJava2 related Aspect extensions are not activated, because RxJava2 is not on the classpath.
2026-04-13 14:37:48 [restartedMain] DEBUG [ReactorOnClasspathCondition] - Reactor related Aspect extensions are not activated because Resilience4j Reactor module is not on the classpath.
2026-04-13 14:37:49 [restartedMain] WARN  [deprecation] - HHH90000025: MySQL8Dialect does not need to be specified explicitly using 'hibernate.dialect' (remove the property setting and it will be selected by default)
2026-04-13 14:37:49 [restartedMain] WARN  [deprecation] - HHH90000026: MySQL8Dialect has been deprecated; use org.hibernate.dialect.MySQLDialect instead
2026-04-13 14:37:50 [restartedMain] WARN  [JpaBaseConfiguration$JpaWebConfiguration] - spring.jpa.open-in-view is enabled by default. Therefore, database queries may be performed during view rendering. Explicitly configure spring.jpa.open-in-view to disable this warning
2026-04-13 14:37:50 [restartedMain] DEBUG [Mappings] - 
	c.c.Q.c.RedisController:
	{GET [/redis/value/{key}]}: getValue(String)
	{GET [/redis/hash/{key}]}: getHash(String)
	{GET [/redis/set/{key}]}: getSet(String)
	{GET [/redis/type/{key}]}: getKeyType(String)
	{GET [/redis/ttl/{key}]}: getTTL(String)
	{GET [/redis/info]}: getRedisInfo()
	{DELETE [/redis/key/{key}]}: deleteKey(String)
	{DELETE [/redis/keys]}: deleteAllKeys()
	{GET [/redis/keys/{pattern}]}: getKeysByPattern(String)
	{GET [/redis/list/{key}]}: getList(String)
	{GET [/redis/keys]}: getAllKeys()
	{GET [/redis/zset/{key}]}: getZSet(String)
2026-04-13 14:37:50 [restartedMain] DEBUG [Mappings] - 
	c.c.Q.c.TeacherController:
	{GET [/teachers]}: get(String,UserDto)
	{PUT [/teachers/{id}]}: update(Integer,UpdateEntityModel,String,UserDto)
	{GET [/teachers/filter]}: filter(Integer,String,String,Integer,Gender,String,String,String,String,String,UserDto)
	{DELETE [/teachers]}: delete(List,String,UserDto)
	{DELETE [/teachers/cache]}: clearCache(String,UserDto)
	{GET [/teachers/paged]}: getPaged(int,int,String,String,String,UserDto)
	{GET [/teachers/{userId}]}: getByUserId(Integer,String,UserDto)
	{GET [/teachers/{classManaging}/students]}: getStudentsByClassManaging(String,String,String,UserDto)
2026-04-13 14:37:50 [restartedMain] DEBUG [Mappings] - 
	o.s.b.a.w.s.e.BasicErrorController:
	{ [/error]}: error(HttpServletRequest)
	{ [/error], produces [text/html]}: errorHtml(HttpServletRequest,HttpServletResponse)
2026-04-13 14:37:50 [restartedMain] DEBUG [Mappings] - 'beanNameHandlerMapping' {}
2026-04-13 14:37:50 [restartedMain] DEBUG [Mappings] - 'resourceHandlerMapping' {/webjars/**=ResourceHttpRequestHandler [classpath [META-INF/resources/webjars/]], /**=ResourceHttpRequestHandler [classpath [META-INF/resources/], classpath [resources/], classpath [static/], classpath [public/], ServletContext [/]]}
2026-04-13 14:37:50 [restartedMain] WARN  [ThymeleafAutoConfiguration$DefaultTemplateResolverConfiguration] - Cannot find template location: classpath:/templates/ (please add some templates, check your Thymeleaf configuration, or set spring.thymeleaf.check-template-location=false)
2026-04-13 14:37:52 [restartedMain] WARN  [OptionalLiveReloadServer] - Unable to start LiveReload server
2026-04-13 14:37:52 [restartedMain] INFO  [QlgvApplication] - Started QlgvApplication in 4.687 seconds (process running for 202.103)
2026-04-13 14:38:25 [restartedMain] INFO  [QlgvApplication] - Starting QlgvApplication using Java 17.0.12 with PID 17772 (D:\project IntelliJ Ultimate\modules-parent\qlgv\target\classes started by tranhuy in D:\project IntelliJ Ultimate\modules-parent\qlgv)
2026-04-13 14:38:25 [restartedMain] DEBUG [QlgvApplication] - Running with Spring Boot v3.5.0, Spring v6.2.7
2026-04-13 14:38:25 [restartedMain] INFO  [QlgvApplication] - No active profile set, falling back to 1 default profile: "default"
2026-04-13 14:38:25 [restartedMain] DEBUG [RxJava2OnClasspathCondition] - RxJava2 related Aspect extensions are not activated, because RxJava2 is not on the classpath.
2026-04-13 14:38:25 [restartedMain] DEBUG [ReactorOnClasspathCondition] - Reactor related Aspect extensions are not activated because Resilience4j Reactor module is not on the classpath.
2026-04-13 14:38:25 [restartedMain] DEBUG [RxJava2OnClasspathCondition] - RxJava2 related Aspect extensions are not activated, because RxJava2 is not on the classpath.
2026-04-13 14:38:25 [restartedMain] DEBUG [ReactorOnClasspathCondition] - Reactor related Aspect extensions are not activated because Resilience4j Reactor module is not on the classpath.
2026-04-13 14:38:25 [restartedMain] DEBUG [RxJava2OnClasspathCondition] - RxJava2 related Aspect extensions are not activated, because RxJava2 is not on the classpath.
2026-04-13 14:38:25 [restartedMain] DEBUG [ReactorOnClasspathCondition] - Reactor related Aspect extensions are not activated because Resilience4j Reactor module is not on the classpath.
2026-04-13 14:38:25 [restartedMain] DEBUG [RxJava2OnClasspathCondition] - RxJava2 related Aspect extensions are not activated, because RxJava2 is not on the classpath.
2026-04-13 14:38:25 [restartedMain] DEBUG [ReactorOnClasspathCondition] - Reactor related Aspect extensions are not activated because Resilience4j Reactor module is not on the classpath.
2026-04-13 14:38:25 [restartedMain] DEBUG [RxJava2OnClasspathCondition] - RxJava2 related Aspect extensions are not activated, because RxJava2 is not on the classpath.
2026-04-13 14:38:25 [restartedMain] DEBUG [ReactorOnClasspathCondition] - Reactor related Aspect extensions are not activated because Resilience4j Reactor module is not on the classpath.
2026-04-13 14:38:25 [restartedMain] DEBUG [RxJava2OnClasspathCondition] - RxJava2 related Aspect extensions are not activated, because RxJava2 is not on the classpath.
2026-04-13 14:38:25 [restartedMain] DEBUG [ReactorOnClasspathCondition] - Reactor related Aspect extensions are not activated because Resilience4j Reactor module is not on the classpath.
2026-04-13 14:38:26 [restartedMain] WARN  [deprecation] - HHH90000025: MySQL8Dialect does not need to be specified explicitly using 'hibernate.dialect' (remove the property setting and it will be selected by default)
2026-04-13 14:38:26 [restartedMain] WARN  [deprecation] - HHH90000026: MySQL8Dialect has been deprecated; use org.hibernate.dialect.MySQLDialect instead
2026-04-13 14:38:27 [restartedMain] WARN  [JpaBaseConfiguration$JpaWebConfiguration] - spring.jpa.open-in-view is enabled by default. Therefore, database queries may be performed during view rendering. Explicitly configure spring.jpa.open-in-view to disable this warning
2026-04-13 14:38:27 [restartedMain] DEBUG [Mappings] - 
	c.c.Q.c.RedisController:
	{GET [/redis/value/{key}]}: getValue(String)
	{GET [/redis/hash/{key}]}: getHash(String)
	{GET [/redis/set/{key}]}: getSet(String)
	{GET [/redis/type/{key}]}: getKeyType(String)
	{GET [/redis/ttl/{key}]}: getTTL(String)
	{GET [/redis/info]}: getRedisInfo()
	{DELETE [/redis/key/{key}]}: deleteKey(String)
	{DELETE [/redis/keys]}: deleteAllKeys()
	{GET [/redis/keys/{pattern}]}: getKeysByPattern(String)
	{GET [/redis/list/{key}]}: getList(String)
	{GET [/redis/keys]}: getAllKeys()
	{GET [/redis/zset/{key}]}: getZSet(String)
2026-04-13 14:38:27 [restartedMain] DEBUG [Mappings] - 
	c.c.Q.c.TeacherController:
	{GET [/teachers]}: get(String,UserDto)
	{PUT [/teachers/{id}]}: update(Integer,UpdateEntityModel,String,UserDto)
	{GET [/teachers/filter]}: filter(Integer,String,String,Integer,Gender,String,String,String,String,String,UserDto)
	{DELETE [/teachers]}: delete(List,String,UserDto)
	{DELETE [/teachers/cache]}: clearCache(String,UserDto)
	{GET [/teachers/paged]}: getPaged(int,int,String,String,String,UserDto)
	{GET [/teachers/{userId}]}: getByUserId(Integer,String,UserDto)
	{GET [/teachers/{classManaging}/students]}: getStudentsByClassManaging(String,String,String,UserDto)
2026-04-13 14:38:27 [restartedMain] DEBUG [Mappings] - 
	o.s.b.a.w.s.e.BasicErrorController:
	{ [/error]}: error(HttpServletRequest)
	{ [/error], produces [text/html]}: errorHtml(HttpServletRequest,HttpServletResponse)
2026-04-13 14:38:27 [restartedMain] DEBUG [Mappings] - 'beanNameHandlerMapping' {}
2026-04-13 14:38:27 [restartedMain] DEBUG [Mappings] - 'resourceHandlerMapping' {/webjars/**=ResourceHttpRequestHandler [classpath [META-INF/resources/webjars/]], /**=ResourceHttpRequestHandler [classpath [META-INF/resources/], classpath [resources/], classpath [static/], classpath [public/], ServletContext [/]]}
2026-04-13 14:38:27 [restartedMain] WARN  [ThymeleafAutoConfiguration$DefaultTemplateResolverConfiguration] - Cannot find template location: classpath:/templates/ (please add some templates, check your Thymeleaf configuration, or set spring.thymeleaf.check-template-location=false)
2026-04-13 14:38:29 [restartedMain] WARN  [OptionalLiveReloadServer] - Unable to start LiveReload server
2026-04-13 14:38:29 [restartedMain] INFO  [QlgvApplication] - Started QlgvApplication in 4.031 seconds (process running for 238.938)
2026-04-13 14:38:52 [restartedMain] INFO  [QlgvApplication] - Starting QlgvApplication using Java 17.0.12 with PID 17772 (D:\project IntelliJ Ultimate\modules-parent\qlgv\target\classes started by tranhuy in D:\project IntelliJ Ultimate\modules-parent\qlgv)
2026-04-13 14:38:52 [restartedMain] DEBUG [QlgvApplication] - Running with Spring Boot v3.5.0, Spring v6.2.7
2026-04-13 14:38:52 [restartedMain] INFO  [QlgvApplication] - No active profile set, falling back to 1 default profile: "default"
2026-04-13 14:38:53 [restartedMain] DEBUG [RxJava2OnClasspathCondition] - RxJava2 related Aspect extensions are not activated, because RxJava2 is not on the classpath.
2026-04-13 14:38:53 [restartedMain] DEBUG [ReactorOnClasspathCondition] - Reactor related Aspect extensions are not activated because Resilience4j Reactor module is not on the classpath.
2026-04-13 14:38:53 [restartedMain] DEBUG [RxJava2OnClasspathCondition] - RxJava2 related Aspect extensions are not activated, because RxJava2 is not on the classpath.
2026-04-13 14:38:53 [restartedMain] DEBUG [ReactorOnClasspathCondition] - Reactor related Aspect extensions are not activated because Resilience4j Reactor module is not on the classpath.
2026-04-13 14:38:53 [restartedMain] DEBUG [RxJava2OnClasspathCondition] - RxJava2 related Aspect extensions are not activated, because RxJava2 is not on the classpath.
2026-04-13 14:38:53 [restartedMain] DEBUG [ReactorOnClasspathCondition] - Reactor related Aspect extensions are not activated because Resilience4j Reactor module is not on the classpath.
2026-04-13 14:38:53 [restartedMain] DEBUG [RxJava2OnClasspathCondition] - RxJava2 related Aspect extensions are not activated, because RxJava2 is not on the classpath.
2026-04-13 14:38:53 [restartedMain] DEBUG [ReactorOnClasspathCondition] - Reactor related Aspect extensions are not activated because Resilience4j Reactor module is not on the classpath.
2026-04-13 14:38:53 [restartedMain] DEBUG [RxJava2OnClasspathCondition] - RxJava2 related Aspect extensions are not activated, because RxJava2 is not on the classpath.
2026-04-13 14:38:53 [restartedMain] DEBUG [ReactorOnClasspathCondition] - Reactor related Aspect extensions are not activated because Resilience4j Reactor module is not on the classpath.
2026-04-13 14:38:53 [restartedMain] DEBUG [RxJava2OnClasspathCondition] - RxJava2 related Aspect extensions are not activated, because RxJava2 is not on the classpath.
2026-04-13 14:38:53 [restartedMain] DEBUG [ReactorOnClasspathCondition] - Reactor related Aspect extensions are not activated because Resilience4j Reactor module is not on the classpath.
2026-04-13 14:38:54 [restartedMain] WARN  [deprecation] - HHH90000025: MySQL8Dialect does not need to be specified explicitly using 'hibernate.dialect' (remove the property setting and it will be selected by default)
2026-04-13 14:38:54 [restartedMain] WARN  [deprecation] - HHH90000026: MySQL8Dialect has been deprecated; use org.hibernate.dialect.MySQLDialect instead
2026-04-13 14:38:56 [restartedMain] WARN  [JpaBaseConfiguration$JpaWebConfiguration] - spring.jpa.open-in-view is enabled by default. Therefore, database queries may be performed during view rendering. Explicitly configure spring.jpa.open-in-view to disable this warning
2026-04-13 14:38:56 [restartedMain] DEBUG [Mappings] - 
	c.c.Q.c.RedisController:
	{GET [/redis/value/{key}]}: getValue(String)
	{GET [/redis/hash/{key}]}: getHash(String)
	{GET [/redis/set/{key}]}: getSet(String)
	{GET [/redis/type/{key}]}: getKeyType(String)
	{GET [/redis/ttl/{key}]}: getTTL(String)
	{GET [/redis/info]}: getRedisInfo()
	{DELETE [/redis/key/{key}]}: deleteKey(String)
	{DELETE [/redis/keys]}: deleteAllKeys()
	{GET [/redis/keys/{pattern}]}: getKeysByPattern(String)
	{GET [/redis/list/{key}]}: getList(String)
	{GET [/redis/keys]}: getAllKeys()
	{GET [/redis/zset/{key}]}: getZSet(String)
2026-04-13 14:38:56 [restartedMain] DEBUG [Mappings] - 
	c.c.Q.c.TeacherController:
	{GET [/teachers]}: get(String,UserDto)
	{PUT [/teachers/{id}]}: update(Integer,UpdateEntityModel,String,UserDto)
	{GET [/teachers/filter]}: filter(Integer,String,String,Integer,Gender,String,String,String,String,String,UserDto)
	{DELETE [/teachers]}: delete(List,String,UserDto)
	{DELETE [/teachers/cache]}: clearCache(String,UserDto)
	{GET [/teachers/paged]}: getPaged(int,int,String,String,String,UserDto)
	{GET [/teachers/{userId}]}: getByUserId(Integer,String,UserDto)
	{GET [/teachers/{classManaging}/students]}: getStudentsByClassManaging(String,String,String,UserDto)
2026-04-13 14:38:56 [restartedMain] DEBUG [Mappings] - 
	o.s.b.a.w.s.e.BasicErrorController:
	{ [/error]}: error(HttpServletRequest)
	{ [/error], produces [text/html]}: errorHtml(HttpServletRequest,HttpServletResponse)
2026-04-13 14:38:56 [restartedMain] DEBUG [Mappings] - 'beanNameHandlerMapping' {}
2026-04-13 14:38:56 [restartedMain] DEBUG [Mappings] - 'resourceHandlerMapping' {/webjars/**=ResourceHttpRequestHandler [classpath [META-INF/resources/webjars/]], /**=ResourceHttpRequestHandler [classpath [META-INF/resources/], classpath [resources/], classpath [static/], classpath [public/], ServletContext [/]]}
2026-04-13 14:38:56 [restartedMain] WARN  [ThymeleafAutoConfiguration$DefaultTemplateResolverConfiguration] - Cannot find template location: classpath:/templates/ (please add some templates, check your Thymeleaf configuration, or set spring.thymeleaf.check-template-location=false)
2026-04-13 14:38:58 [restartedMain] WARN  [OptionalLiveReloadServer] - Unable to start LiveReload server
2026-04-13 14:38:58 [restartedMain] INFO  [QlgvApplication] - Started QlgvApplication in 5.983 seconds (process running for 268.582)
2026-04-13 14:41:05 [restartedMain] INFO  [QlgvApplication] - Starting QlgvApplication using Java 17.0.12 with PID 17772 (D:\project IntelliJ Ultimate\modules-parent\qlgv\target\classes started by tranhuy in D:\project IntelliJ Ultimate\modules-parent\qlgv)
2026-04-13 14:41:05 [restartedMain] DEBUG [QlgvApplication] - Running with Spring Boot v3.5.0, Spring v6.2.7
2026-04-13 14:41:05 [restartedMain] INFO  [QlgvApplication] - No active profile set, falling back to 1 default profile: "default"
2026-04-13 14:41:06 [restartedMain] DEBUG [RxJava2OnClasspathCondition] - RxJava2 related Aspect extensions are not activated, because RxJava2 is not on the classpath.
2026-04-13 14:41:06 [restartedMain] DEBUG [ReactorOnClasspathCondition] - Reactor related Aspect extensions are not activated because Resilience4j Reactor module is not on the classpath.
2026-04-13 14:41:06 [restartedMain] DEBUG [RxJava2OnClasspathCondition] - RxJava2 related Aspect extensions are not activated, because RxJava2 is not on the classpath.
2026-04-13 14:41:06 [restartedMain] DEBUG [ReactorOnClasspathCondition] - Reactor related Aspect extensions are not activated because Resilience4j Reactor module is not on the classpath.
2026-04-13 14:41:06 [restartedMain] DEBUG [RxJava2OnClasspathCondition] - RxJava2 related Aspect extensions are not activated, because RxJava2 is not on the classpath.
2026-04-13 14:41:06 [restartedMain] DEBUG [ReactorOnClasspathCondition] - Reactor related Aspect extensions are not activated because Resilience4j Reactor module is not on the classpath.
2026-04-13 14:41:06 [restartedMain] DEBUG [RxJava2OnClasspathCondition] - RxJava2 related Aspect extensions are not activated, because RxJava2 is not on the classpath.
2026-04-13 14:41:06 [restartedMain] DEBUG [ReactorOnClasspathCondition] - Reactor related Aspect extensions are not activated because Resilience4j Reactor module is not on the classpath.
2026-04-13 14:41:06 [restartedMain] DEBUG [RxJava2OnClasspathCondition] - RxJava2 related Aspect extensions are not activated, because RxJava2 is not on the classpath.
2026-04-13 14:41:06 [restartedMain] DEBUG [ReactorOnClasspathCondition] - Reactor related Aspect extensions are not activated because Resilience4j Reactor module is not on the classpath.
2026-04-13 14:41:06 [restartedMain] DEBUG [RxJava2OnClasspathCondition] - RxJava2 related Aspect extensions are not activated, because RxJava2 is not on the classpath.
2026-04-13 14:41:06 [restartedMain] DEBUG [ReactorOnClasspathCondition] - Reactor related Aspect extensions are not activated because Resilience4j Reactor module is not on the classpath.
2026-04-13 14:41:07 [restartedMain] WARN  [deprecation] - HHH90000025: MySQL8Dialect does not need to be specified explicitly using 'hibernate.dialect' (remove the property setting and it will be selected by default)
2026-04-13 14:41:07 [restartedMain] WARN  [deprecation] - HHH90000026: MySQL8Dialect has been deprecated; use org.hibernate.dialect.MySQLDialect instead
2026-04-13 14:41:10 [restartedMain] WARN  [JpaBaseConfiguration$JpaWebConfiguration] - spring.jpa.open-in-view is enabled by default. Therefore, database queries may be performed during view rendering. Explicitly configure spring.jpa.open-in-view to disable this warning
2026-04-13 14:41:10 [restartedMain] DEBUG [Mappings] - 
	c.c.Q.c.RedisController:
	{GET [/redis/value/{key}]}: getValue(String)
	{GET [/redis/hash/{key}]}: getHash(String)
	{GET [/redis/set/{key}]}: getSet(String)
	{GET [/redis/type/{key}]}: getKeyType(String)
	{GET [/redis/ttl/{key}]}: getTTL(String)
	{GET [/redis/info]}: getRedisInfo()
	{DELETE [/redis/key/{key}]}: deleteKey(String)
	{DELETE [/redis/keys]}: deleteAllKeys()
	{GET [/redis/keys/{pattern}]}: getKeysByPattern(String)
	{GET [/redis/list/{key}]}: getList(String)
	{GET [/redis/keys]}: getAllKeys()
	{GET [/redis/zset/{key}]}: getZSet(String)
2026-04-13 14:41:10 [restartedMain] DEBUG [Mappings] - 
	c.c.Q.c.TeacherController:
	{GET [/teachers]}: get(String,UserDto)
	{PUT [/teachers/{id}]}: update(Integer,UpdateEntityModel,String,UserDto)
	{GET [/teachers/filter]}: filter(Integer,String,String,Integer,Gender,String,String,String,String,String,UserDto)
	{DELETE [/teachers]}: delete(List,String,UserDto)
	{DELETE [/teachers/cache]}: clearCache(String,UserDto)
	{GET [/teachers/paged]}: getPaged(int,int,String,String,String,UserDto)
	{GET [/teachers/{userId}]}: getByUserId(Integer,String,UserDto)
	{GET [/teachers/{classManaging}/students]}: getStudentsByClassManaging(String,String,String,UserDto)
2026-04-13 14:41:10 [restartedMain] DEBUG [Mappings] - 
	o.s.b.a.w.s.e.BasicErrorController:
	{ [/error]}: error(HttpServletRequest)
	{ [/error], produces [text/html]}: errorHtml(HttpServletRequest,HttpServletResponse)
2026-04-13 14:41:10 [restartedMain] DEBUG [Mappings] - 'beanNameHandlerMapping' {}
2026-04-13 14:41:10 [restartedMain] DEBUG [Mappings] - 'resourceHandlerMapping' {/webjars/**=ResourceHttpRequestHandler [classpath [META-INF/resources/webjars/]], /**=ResourceHttpRequestHandler [classpath [META-INF/resources/], classpath [resources/], classpath [static/], classpath [public/], ServletContext [/]]}
2026-04-13 14:41:10 [restartedMain] WARN  [ThymeleafAutoConfiguration$DefaultTemplateResolverConfiguration] - Cannot find template location: classpath:/templates/ (please add some templates, check your Thymeleaf configuration, or set spring.thymeleaf.check-template-location=false)
2026-04-13 14:41:12 [restartedMain] WARN  [OptionalLiveReloadServer] - Unable to start LiveReload server
2026-04-13 14:41:12 [restartedMain] INFO  [QlgvApplication] - Started QlgvApplication in 6.976 seconds (process running for 402.368)
2026-04-13 14:41:48 [restartedMain] INFO  [QlgvApplication] - Starting QlgvApplication using Java 17.0.12 with PID 17772 (D:\project IntelliJ Ultimate\modules-parent\qlgv\target\classes started by tranhuy in D:\project IntelliJ Ultimate\modules-parent\qlgv)
2026-04-13 14:41:48 [restartedMain] DEBUG [QlgvApplication] - Running with Spring Boot v3.5.0, Spring v6.2.7
2026-04-13 14:41:48 [restartedMain] INFO  [QlgvApplication] - No active profile set, falling back to 1 default profile: "default"
2026-04-13 14:41:49 [restartedMain] DEBUG [RxJava2OnClasspathCondition] - RxJava2 related Aspect extensions are not activated, because RxJava2 is not on the classpath.
2026-04-13 14:41:49 [restartedMain] DEBUG [ReactorOnClasspathCondition] - Reactor related Aspect extensions are not activated because Resilience4j Reactor module is not on the classpath.
2026-04-13 14:41:49 [restartedMain] DEBUG [RxJava2OnClasspathCondition] - RxJava2 related Aspect extensions are not activated, because RxJava2 is not on the classpath.
2026-04-13 14:41:49 [restartedMain] DEBUG [ReactorOnClasspathCondition] - Reactor related Aspect extensions are not activated because Resilience4j Reactor module is not on the classpath.
2026-04-13 14:41:49 [restartedMain] DEBUG [RxJava2OnClasspathCondition] - RxJava2 related Aspect extensions are not activated, because RxJava2 is not on the classpath.
2026-04-13 14:41:49 [restartedMain] DEBUG [ReactorOnClasspathCondition] - Reactor related Aspect extensions are not activated because Resilience4j Reactor module is not on the classpath.
2026-04-13 14:41:49 [restartedMain] DEBUG [RxJava2OnClasspathCondition] - RxJava2 related Aspect extensions are not activated, because RxJava2 is not on the classpath.
2026-04-13 14:41:49 [restartedMain] DEBUG [ReactorOnClasspathCondition] - Reactor related Aspect extensions are not activated because Resilience4j Reactor module is not on the classpath.
2026-04-13 14:41:49 [restartedMain] DEBUG [RxJava2OnClasspathCondition] - RxJava2 related Aspect extensions are not activated, because RxJava2 is not on the classpath.
2026-04-13 14:41:49 [restartedMain] DEBUG [ReactorOnClasspathCondition] - Reactor related Aspect extensions are not activated because Resilience4j Reactor module is not on the classpath.
2026-04-13 14:41:49 [restartedMain] DEBUG [RxJava2OnClasspathCondition] - RxJava2 related Aspect extensions are not activated, because RxJava2 is not on the classpath.
2026-04-13 14:41:49 [restartedMain] DEBUG [ReactorOnClasspathCondition] - Reactor related Aspect extensions are not activated because Resilience4j Reactor module is not on the classpath.
2026-04-13 14:41:50 [restartedMain] WARN  [deprecation] - HHH90000025: MySQL8Dialect does not need to be specified explicitly using 'hibernate.dialect' (remove the property setting and it will be selected by default)
2026-04-13 14:41:50 [restartedMain] WARN  [deprecation] - HHH90000026: MySQL8Dialect has been deprecated; use org.hibernate.dialect.MySQLDialect instead
2026-04-13 14:41:51 [restartedMain] WARN  [JpaBaseConfiguration$JpaWebConfiguration] - spring.jpa.open-in-view is enabled by default. Therefore, database queries may be performed during view rendering. Explicitly configure spring.jpa.open-in-view to disable this warning
2026-04-13 14:41:51 [restartedMain] DEBUG [Mappings] - 
	c.c.Q.c.RedisController:
	{GET [/redis/value/{key}]}: getValue(String)
	{GET [/redis/hash/{key}]}: getHash(String)
	{GET [/redis/set/{key}]}: getSet(String)
	{GET [/redis/type/{key}]}: getKeyType(String)
	{GET [/redis/ttl/{key}]}: getTTL(String)
	{GET [/redis/info]}: getRedisInfo()
	{DELETE [/redis/key/{key}]}: deleteKey(String)
	{DELETE [/redis/keys]}: deleteAllKeys()
	{GET [/redis/keys/{pattern}]}: getKeysByPattern(String)
	{GET [/redis/list/{key}]}: getList(String)
	{GET [/redis/keys]}: getAllKeys()
	{GET [/redis/zset/{key}]}: getZSet(String)
2026-04-13 14:41:51 [restartedMain] DEBUG [Mappings] - 
	c.c.Q.c.TeacherController:
	{GET [/teachers]}: get(String,UserDto)
	{PUT [/teachers/{id}]}: update(Integer,UpdateEntityModel,String,UserDto)
	{GET [/teachers/filter]}: filter(Integer,String,String,Integer,Gender,String,String,String,String,String,UserDto)
	{DELETE [/teachers]}: delete(List,String,UserDto)
	{DELETE [/teachers/cache]}: clearCache(String,UserDto)
	{GET [/teachers/paged]}: getPaged(int,int,String,String,String,UserDto)
	{GET [/teachers/{userId}]}: getByUserId(Integer,String,UserDto)
	{GET [/teachers/{classManaging}/students]}: getStudentsByClassManaging(String,String,String,UserDto)
2026-04-13 14:41:51 [restartedMain] DEBUG [Mappings] - 
	o.s.b.a.w.s.e.BasicErrorController:
	{ [/error]}: error(HttpServletRequest)
	{ [/error], produces [text/html]}: errorHtml(HttpServletRequest,HttpServletResponse)
2026-04-13 14:41:51 [restartedMain] DEBUG [Mappings] - 'beanNameHandlerMapping' {}
2026-04-13 14:41:51 [restartedMain] DEBUG [Mappings] - 'resourceHandlerMapping' {/webjars/**=ResourceHttpRequestHandler [classpath [META-INF/resources/webjars/]], /**=ResourceHttpRequestHandler [classpath [META-INF/resources/], classpath [resources/], classpath [static/], classpath [public/], ServletContext [/]]}
2026-04-13 14:41:51 [restartedMain] WARN  [ThymeleafAutoConfiguration$DefaultTemplateResolverConfiguration] - Cannot find template location: classpath:/templates/ (please add some templates, check your Thymeleaf configuration, or set spring.thymeleaf.check-template-location=false)
2026-04-13 14:41:52 [restartedMain] WARN  [OptionalLiveReloadServer] - Unable to start LiveReload server
2026-04-13 14:41:52 [restartedMain] INFO  [QlgvApplication] - Started QlgvApplication in 4.257 seconds (process running for 442.626)
2026-04-13 14:44:06 [org.springframework.kafka.KafkaListenerEndpointContainer#1-0-C-1] INFO  [LoggingServiceImp] - [qlgv] UserConsumerService - Processing user REGISTERED event: HuyT1 (ID: 3)
2026-04-13 14:44:06 [org.springframework.kafka.KafkaListenerEndpointContainer#1-0-C-1] DEBUG [CircuitBreakerAspect] - Created or retrieved circuit breaker 'qlgv-service' with failure rate '50.0' for method: 'com.common.QLGV.services.imp.TeacherServiceImp#createByUserId'
2026-04-13 14:44:07 [org.springframework.kafka.KafkaListenerEndpointContainer#1-0-C-1] INFO  [LoggingServiceImp] - [qlgv] TeacherServiceImp - Created teacher profile for userId: 3
2026-04-13 14:44:07 [org.springframework.kafka.KafkaListenerEndpointContainer#1-0-C-1] INFO  [LoggingServiceImp] - [qlgv] TeacherServiceImp - Del cache key: teachers:all after create teacher
2026-04-13 14:44:07 [org.springframework.kafka.KafkaListenerEndpointContainer#1-0-C-1] DEBUG [CircuitBreakerStateMachine] - CircuitBreaker 'qlgv-service' succeeded:
2026-04-13 14:44:07 [org.springframework.kafka.KafkaListenerEndpointContainer#1-0-C-1] INFO  [LoggingServiceImp] - [qlgv] UserConsumerService - Successfully processed user REGISTERED event
2026-04-13 14:44:07 [org.springframework.kafka.KafkaListenerEndpointContainer#1-0-C-1] INFO  [LoggingServiceImp] - [kafka_shared] KafkaProducerService - userEvent sent to topic: profile-events - with entity id: [3]
2026-04-13 14:44:07 [org.springframework.kafka.KafkaListenerEndpointContainer#1-0-C-1] INFO  [LoggingServiceImp] - [qlgv] UserConsumerService - Successfully sending PROFILE_CREATED event to profile-events topic
2026-04-13 14:44:07 [kafka-producer-network-thread | QLGV-producer-1] INFO  [LoggingServiceImp] - [kafka_shared] KafkaProducerService - Message sent successfully to topic: profile-events, partition: 0, offset: 2, key: [3]
2026-04-13 14:44:07 [org.springframework.kafka.KafkaListenerEndpointContainer#1-0-C-1] INFO  [LoggingServiceImp] - [kafka_shared] NotificationService - Success notification sent for userEvent with entity id : [3] to topic: notifications
2026-04-13 14:44:07 [org.springframework.kafka.KafkaListenerEndpointContainer#1-0-C-1] INFO  [LoggingServiceImp] - [kafka_shared] UserConsumerService - Event processed successfully: userEvent HuyT1 (ID: 3)
2026-04-13 14:44:07 [org.springframework.kafka.KafkaListenerEndpointContainer#1-0-C-1] INFO  [LoggingServiceImp] - [qlgv] UserConsumerService - Successfully handled user event
2026-04-13 14:44:07 [kafka-producer-network-thread | QLGV-producer-1] INFO  [LoggingServiceImp] - [kafka_shared] KafkaProducerService - Message sent successfully to topic: notifications, partition: 0, offset: 2, key: [3]
2026-04-13 14:44:20 [org.springframework.kafka.KafkaListenerEndpointContainer#1-0-C-1] WARN  [LoggingServiceImp] - [qlgv] UserConsumerService - User or user type is null in event. Skipping.
2026-04-13 14:44:27 [http-nio-8081-exec-5] DEBUG [LoggingServiceImp] - [security_shared] SecurityService - Calling security module with URL: http://localhost:8083/auth/validate to validate token
2026-04-13 14:44:27 [http-nio-8081-exec-5] DEBUG [LoggingServiceImp] - [security_shared] SecurityService - Successfully retrieved user from security module: HuyT1 and cached in Redis with key: user:token:eyJhbGciOiJIUzM4NCJ9.eyJyb2xlIjoiVEVBQ0hFUiIsInBlcm1pc3Npb25zIjpbIlRFQUNIRVJfV1JJVEUiLCJURUFDSEVSX1JFQUQiXSwic3ViIjoiSHV5VDEiLCJqdGkiOiJhN2RhZWEzNC02NzVjLTQ4YmMtYjZkZi01OWU2ZGYxYjVlOTMiLCJpYXQiOjE3NzYwNjYyNjAsImV4cCI6MTc3NjA2OTg2MH0.XengBxwrI9cqGFLOjeq07YaUuVl42cu_qys-w2GE2n3vUrX1UjJysp6BFaknCaLK
2026-04-13 14:44:27 [http-nio-8081-exec-5] DEBUG [LoggingServiceImp] - [security_shared] SecurityService - User HuyT1 successfully authorized
2026-04-13 14:44:27 [http-nio-8081-exec-5] DEBUG [LoggingServiceImp] - [security_shared] RequiresAuthAspect - User HuyT1 successfully authorized for method: getByUserId with roles: ADMIN, TEACHER and permissions: TEACHER_READ
2026-04-13 14:44:27 [http-nio-8081-exec-5] DEBUG [RateLimiterAspect] - Created or retrieved rate limiter 'teacher-controller' with period: 'PT1M'; limit for period: '100'; timeout: 'PT0S'; method: 'com.common.QLGV.controllers.TeacherController#getByUserId'
2026-04-13 14:44:27 [http-nio-8081-exec-5] INFO  [LoggingServiceImp] - [qlgv] TeacherController - Get teacher by userId: 3 called successfully by user: HuyT1
2026-04-13 14:44:27 [http-nio-8081-exec-5] DEBUG [CircuitBreakerAspect] - Created or retrieved circuit breaker 'qlgv-service' with failure rate '50.0' for method: 'com.common.QLGV.services.imp.TeacherServiceImp#getByUserId'
2026-04-13 14:44:27 [http-nio-8081-exec-5] WARN  [LoggingServiceImp] - [qlgv] TeacherServiceImp - Not found cache for userId: 3, query DB
2026-04-13 14:44:27 [http-nio-8081-exec-5] DEBUG [CircuitBreakerAspect] - Created or retrieved circuit breaker 'security-service' with failure rate '50.0' for method: 'com.security_shared.services.SecurityService#getUsersByIds'
2026-04-13 14:44:27 [http-nio-8081-exec-5] DEBUG [LoggingServiceImp] - [security_shared] SecurityService - Calling security internal API to batch get users, count: 1
2026-04-13 14:44:27 [http-nio-8081-exec-5] DEBUG [LoggingServiceImp] - [security_shared] SecurityService - Successfully retrieved 1 users
2026-04-13 14:44:27 [http-nio-8081-exec-5] DEBUG [CircuitBreakerStateMachine] - CircuitBreaker 'security-service' succeeded:
2026-04-13 14:44:27 [http-nio-8081-exec-5] INFO  [LoggingServiceImp] - [qlgv] TeacherServiceImp - Save cache to Redis : teachers:user:3
2026-04-13 14:44:27 [http-nio-8081-exec-5] INFO  [LoggingServiceImp] - [qlgv] TeacherServiceImp - Get teacher by userId: 3 Successfully
2026-04-13 14:44:27 [http-nio-8081-exec-5] DEBUG [CircuitBreakerStateMachine] - CircuitBreaker 'qlgv-service' succeeded:
2026-04-13 14:44:27 [http-nio-8081-exec-4] DEBUG [LoggingServiceImp] - [security_shared] SecurityService - Calling security module with URL: http://localhost:8083/auth/validate to validate token
2026-04-13 14:44:27 [http-nio-8081-exec-6] DEBUG [LoggingServiceImp] - [security_shared] SecurityService - Calling security module with URL: http://localhost:8083/auth/validate to validate token
2026-04-13 14:44:27 [http-nio-8081-exec-4] DEBUG [LoggingServiceImp] - [security_shared] SecurityService - Successfully retrieved user from security module: HuyT1 and cached in Redis with key: user:token:eyJhbGciOiJIUzM4NCJ9.eyJyb2xlIjoiVEVBQ0hFUiIsInBlcm1pc3Npb25zIjpbIlRFQUNIRVJfV1JJVEUiLCJURUFDSEVSX1JFQUQiXSwic3ViIjoiSHV5VDEiLCJqdGkiOiJhN2RhZWEzNC02NzVjLTQ4YmMtYjZkZi01OWU2ZGYxYjVlOTMiLCJpYXQiOjE3NzYwNjYyNjAsImV4cCI6MTc3NjA2OTg2MH0.XengBxwrI9cqGFLOjeq07YaUuVl42cu_qys-w2GE2n3vUrX1UjJysp6BFaknCaLK
2026-04-13 14:44:27 [http-nio-8081-exec-4] DEBUG [LoggingServiceImp] - [security_shared] SecurityService - User HuyT1 successfully authorized
2026-04-13 14:44:27 [http-nio-8081-exec-4] DEBUG [LoggingServiceImp] - [security_shared] RequiresAuthAspect - User HuyT1 successfully authorized for method: getByUserId with roles: ADMIN, TEACHER and permissions: TEACHER_READ
2026-04-13 14:44:27 [http-nio-8081-exec-4] DEBUG [RateLimiterAspect] - Created or retrieved rate limiter 'teacher-controller' with period: 'PT1M'; limit for period: '100'; timeout: 'PT0S'; method: 'com.common.QLGV.controllers.TeacherController#getByUserId'
2026-04-13 14:44:27 [http-nio-8081-exec-4] INFO  [LoggingServiceImp] - [qlgv] TeacherController - Get teacher by userId: 3 called successfully by user: HuyT1
2026-04-13 14:44:27 [http-nio-8081-exec-4] DEBUG [CircuitBreakerAspect] - Created or retrieved circuit breaker 'qlgv-service' with failure rate '50.0' for method: 'com.common.QLGV.services.imp.TeacherServiceImp#getByUserId'
2026-04-13 14:44:27 [http-nio-8081-exec-4] INFO  [LoggingServiceImp] - [qlgv] TeacherServiceImp - Get teacher by userId from cache: teachers:user:3
2026-04-13 14:44:27 [http-nio-8081-exec-4] DEBUG [CircuitBreakerStateMachine] - CircuitBreaker 'qlgv-service' succeeded:
2026-04-13 14:44:27 [http-nio-8081-exec-6] DEBUG [LoggingServiceImp] - [security_shared] SecurityService - Successfully retrieved user from security module: HuyT1 and cached in Redis with key: user:token:eyJhbGciOiJIUzM4NCJ9.eyJyb2xlIjoiVEVBQ0hFUiIsInBlcm1pc3Npb25zIjpbIlRFQUNIRVJfV1JJVEUiLCJURUFDSEVSX1JFQUQiXSwic3ViIjoiSHV5VDEiLCJqdGkiOiJhN2RhZWEzNC02NzVjLTQ4YmMtYjZkZi01OWU2ZGYxYjVlOTMiLCJpYXQiOjE3NzYwNjYyNjAsImV4cCI6MTc3NjA2OTg2MH0.XengBxwrI9cqGFLOjeq07YaUuVl42cu_qys-w2GE2n3vUrX1UjJysp6BFaknCaLK
2026-04-13 14:44:27 [http-nio-8081-exec-6] DEBUG [LoggingServiceImp] - [security_shared] SecurityService - User HuyT1 successfully authorized
2026-04-13 14:44:27 [http-nio-8081-exec-6] DEBUG [LoggingServiceImp] - [security_shared] RequiresAuthAspect - User HuyT1 successfully authorized for method: getStudentsByClassManaging with roles: ADMIN, TEACHER and permissions: TEACHER_READ
2026-04-13 14:44:27 [http-nio-8081-exec-6] DEBUG [RateLimiterAspect] - Created or retrieved rate limiter 'teacher-controller' with period: 'PT1M'; limit for period: '100'; timeout: 'PT0S'; method: 'com.common.QLGV.controllers.TeacherController#getStudentsByClassManaging'
2026-04-13 14:44:27 [http-nio-8081-exec-6] INFO  [LoggingServiceImp] - [qlgv] TeacherController - Get students by classManaging: A1 called successfully by user: HuyT1
2026-04-13 14:44:27 [http-nio-8081-exec-6] DEBUG [CircuitBreakerAspect] - Created or retrieved circuit breaker 'qlgv-service' with failure rate '50.0' for method: 'com.common.QLGV.services.imp.TeacherServiceImp#getStudentsByClassManaging'
2026-04-13 14:44:27 [http-nio-8081-exec-6] WARN  [LoggingServiceImp] - [qlgv] TeacherServiceImp - Not found cache for classManaging: A1query DB
2026-04-13 14:44:27 [http-nio-8081-exec-6] INFO  [LoggingServiceImp] - [qlgv] TeacherServiceImp - Getting students for classManaging: A1
2026-04-13 14:44:27 [http-nio-8081-exec-6] INFO  [LoggingServiceImp] - [qlgv] StudentServiceFromTeacher - Calling QLSV API: http://localhost:8080/students/by-class/A1 for schoolClass: A1
2026-04-13 14:44:29 [http-nio-8081-exec-6] INFO  [LoggingServiceImp] - [qlgv] StudentServiceFromTeacher - Successfully retrieved 1 students for schoolClass: A1
2026-04-13 14:44:29 [http-nio-8081-exec-6] INFO  [LoggingServiceImp] - [qlgv] TeacherServiceImp - Found 1 students for classManaging: A1
2026-04-13 14:44:29 [http-nio-8081-exec-6] INFO  [LoggingServiceImp] - [qlgv] TeacherServiceImp - Save cache to Redis : teachers:classManaging:A1
2026-04-13 14:44:29 [http-nio-8081-exec-6] INFO  [LoggingServiceImp] - [qlgv] TeacherServiceImp - Get students by classManaging: A1 From teacher Successfully
2026-04-13 14:44:29 [http-nio-8081-exec-6] DEBUG [CircuitBreakerStateMachine] - CircuitBreaker 'qlgv-service' succeeded:
2026-04-13 14:44:29 [http-nio-8081-exec-7] DEBUG [LoggingServiceImp] - [security_shared] SecurityService - Calling security module with URL: http://localhost:8083/auth/validate to validate token
2026-04-13 14:44:29 [http-nio-8081-exec-7] DEBUG [LoggingServiceImp] - [security_shared] SecurityService - Successfully retrieved user from security module: HuyT1 and cached in Redis with key: user:token:eyJhbGciOiJIUzM4NCJ9.eyJyb2xlIjoiVEVBQ0hFUiIsInBlcm1pc3Npb25zIjpbIlRFQUNIRVJfV1JJVEUiLCJURUFDSEVSX1JFQUQiXSwic3ViIjoiSHV5VDEiLCJqdGkiOiJhN2RhZWEzNC02NzVjLTQ4YmMtYjZkZi01OWU2ZGYxYjVlOTMiLCJpYXQiOjE3NzYwNjYyNjAsImV4cCI6MTc3NjA2OTg2MH0.XengBxwrI9cqGFLOjeq07YaUuVl42cu_qys-w2GE2n3vUrX1UjJysp6BFaknCaLK
2026-04-13 14:44:29 [http-nio-8081-exec-7] DEBUG [LoggingServiceImp] - [security_shared] SecurityService - User HuyT1 successfully authorized
2026-04-13 14:44:29 [http-nio-8081-exec-7] DEBUG [LoggingServiceImp] - [security_shared] RequiresAuthAspect - User HuyT1 successfully authorized for method: getStudentsByClassManaging with roles: ADMIN, TEACHER and permissions: TEACHER_READ
2026-04-13 14:44:29 [http-nio-8081-exec-7] DEBUG [RateLimiterAspect] - Created or retrieved rate limiter 'teacher-controller' with period: 'PT1M'; limit for period: '100'; timeout: 'PT0S'; method: 'com.common.QLGV.controllers.TeacherController#getStudentsByClassManaging'
2026-04-13 14:44:29 [http-nio-8081-exec-7] INFO  [LoggingServiceImp] - [qlgv] TeacherController - Get students by classManaging: A1 called successfully by user: HuyT1
2026-04-13 14:44:29 [http-nio-8081-exec-7] DEBUG [CircuitBreakerAspect] - Created or retrieved circuit breaker 'qlgv-service' with failure rate '50.0' for method: 'com.common.QLGV.services.imp.TeacherServiceImp#getStudentsByClassManaging'
2026-04-13 14:44:29 [http-nio-8081-exec-7] INFO  [LoggingServiceImp] - [qlgv] TeacherServiceImp - Get students by classManaging : A1 from cache: teachers:classManaging:A1
2026-04-13 14:44:29 [http-nio-8081-exec-7] DEBUG [CircuitBreakerStateMachine] - CircuitBreaker 'qlgv-service' succeeded:
2026-04-13 14:44:52 [http-nio-8081-exec-8] DEBUG [LoggingServiceImp] - [security_shared] SecurityService - Calling security module with URL: http://localhost:8083/auth/validate to validate token
2026-04-13 14:44:52 [http-nio-8081-exec-8] DEBUG [LoggingServiceImp] - [security_shared] SecurityService - Successfully retrieved user from security module: HuyT1 and cached in Redis with key: user:token:eyJhbGciOiJIUzM4NCJ9.eyJyb2xlIjoiVEVBQ0hFUiIsInBlcm1pc3Npb25zIjpbIlRFQUNIRVJfV1JJVEUiLCJURUFDSEVSX1JFQUQiXSwic3ViIjoiSHV5VDEiLCJqdGkiOiJhN2RhZWEzNC02NzVjLTQ4YmMtYjZkZi01OWU2ZGYxYjVlOTMiLCJpYXQiOjE3NzYwNjYyNjAsImV4cCI6MTc3NjA2OTg2MH0.XengBxwrI9cqGFLOjeq07YaUuVl42cu_qys-w2GE2n3vUrX1UjJysp6BFaknCaLK
2026-04-13 14:44:52 [http-nio-8081-exec-8] DEBUG [LoggingServiceImp] - [security_shared] SecurityService - User HuyT1 successfully authorized
2026-04-13 14:44:52 [http-nio-8081-exec-8] DEBUG [LoggingServiceImp] - [security_shared] RequiresAuthAspect - User HuyT1 successfully authorized for method: getByUserId with roles: ADMIN, TEACHER and permissions: TEACHER_READ
2026-04-13 14:44:52 [http-nio-8081-exec-8] DEBUG [RateLimiterAspect] - Created or retrieved rate limiter 'teacher-controller' with period: 'PT1M'; limit for period: '100'; timeout: 'PT0S'; method: 'com.common.QLGV.controllers.TeacherController#getByUserId'
2026-04-13 14:44:52 [http-nio-8081-exec-8] INFO  [LoggingServiceImp] - [qlgv] TeacherController - Get teacher by userId: 3 called successfully by user: HuyT1
2026-04-13 14:44:52 [http-nio-8081-exec-8] DEBUG [CircuitBreakerAspect] - Created or retrieved circuit breaker 'qlgv-service' with failure rate '50.0' for method: 'com.common.QLGV.services.imp.TeacherServiceImp#getByUserId'
2026-04-13 14:44:52 [http-nio-8081-exec-8] INFO  [LoggingServiceImp] - [qlgv] TeacherServiceImp - Get teacher by userId from cache: teachers:user:3
2026-04-13 14:44:52 [http-nio-8081-exec-8] DEBUG [CircuitBreakerStateMachine] - CircuitBreaker 'qlgv-service' succeeded:
2026-04-13 14:44:52 [http-nio-8081-exec-3] DEBUG [LoggingServiceImp] - [security_shared] SecurityService - Calling security module with URL: http://localhost:8083/auth/validate to validate token
2026-04-13 14:44:52 [http-nio-8081-exec-3] DEBUG [LoggingServiceImp] - [security_shared] SecurityService - Successfully retrieved user from security module: HuyT1 and cached in Redis with key: user:token:eyJhbGciOiJIUzM4NCJ9.eyJyb2xlIjoiVEVBQ0hFUiIsInBlcm1pc3Npb25zIjpbIlRFQUNIRVJfV1JJVEUiLCJURUFDSEVSX1JFQUQiXSwic3ViIjoiSHV5VDEiLCJqdGkiOiJhN2RhZWEzNC02NzVjLTQ4YmMtYjZkZi01OWU2ZGYxYjVlOTMiLCJpYXQiOjE3NzYwNjYyNjAsImV4cCI6MTc3NjA2OTg2MH0.XengBxwrI9cqGFLOjeq07YaUuVl42cu_qys-w2GE2n3vUrX1UjJysp6BFaknCaLK
2026-04-13 14:44:52 [http-nio-8081-exec-3] DEBUG [LoggingServiceImp] - [security_shared] SecurityService - User HuyT1 successfully authorized
2026-04-13 14:44:52 [http-nio-8081-exec-3] DEBUG [LoggingServiceImp] - [security_shared] RequiresAuthAspect - User HuyT1 successfully authorized for method: getByUserId with roles: ADMIN, TEACHER and permissions: TEACHER_READ
2026-04-13 14:44:52 [http-nio-8081-exec-3] DEBUG [RateLimiterAspect] - Created or retrieved rate limiter 'teacher-controller' with period: 'PT1M'; limit for period: '100'; timeout: 'PT0S'; method: 'com.common.QLGV.controllers.TeacherController#getByUserId'
2026-04-13 14:44:52 [http-nio-8081-exec-3] INFO  [LoggingServiceImp] - [qlgv] TeacherController - Get teacher by userId: 3 called successfully by user: HuyT1
2026-04-13 14:44:52 [http-nio-8081-exec-3] DEBUG [CircuitBreakerAspect] - Created or retrieved circuit breaker 'qlgv-service' with failure rate '50.0' for method: 'com.common.QLGV.services.imp.TeacherServiceImp#getByUserId'
2026-04-13 14:44:52 [http-nio-8081-exec-3] INFO  [LoggingServiceImp] - [qlgv] TeacherServiceImp - Get teacher by userId from cache: teachers:user:3
2026-04-13 14:44:52 [http-nio-8081-exec-3] DEBUG [CircuitBreakerStateMachine] - CircuitBreaker 'qlgv-service' succeeded:
2026-04-13 14:45:05 [http-nio-8081-exec-1] DEBUG [LoggingServiceImp] - [security_shared] SecurityService - Calling security module with URL: http://localhost:8083/auth/validate to validate token
2026-04-13 14:45:05 [http-nio-8081-exec-1] DEBUG [LoggingServiceImp] - [security_shared] SecurityService - Successfully retrieved user from security module: HuyT1 and cached in Redis with key: user:token:eyJhbGciOiJIUzM4NCJ9.eyJyb2xlIjoiVEVBQ0hFUiIsInBlcm1pc3Npb25zIjpbIlRFQUNIRVJfV1JJVEUiLCJURUFDSEVSX1JFQUQiXSwic3ViIjoiSHV5VDEiLCJqdGkiOiJhN2RhZWEzNC02NzVjLTQ4YmMtYjZkZi01OWU2ZGYxYjVlOTMiLCJpYXQiOjE3NzYwNjYyNjAsImV4cCI6MTc3NjA2OTg2MH0.XengBxwrI9cqGFLOjeq07YaUuVl42cu_qys-w2GE2n3vUrX1UjJysp6BFaknCaLK
2026-04-13 14:45:05 [http-nio-8081-exec-1] DEBUG [LoggingServiceImp] - [security_shared] SecurityService - User HuyT1 successfully authorized
2026-04-13 14:45:05 [http-nio-8081-exec-1] DEBUG [LoggingServiceImp] - [security_shared] RequiresAuthAspect - User HuyT1 successfully authorized for method: update with roles: ADMIN, TEACHER and permissions: TEACHER_WRITE
2026-04-13 14:45:05 [http-nio-8081-exec-1] DEBUG [RateLimiterAspect] - Created or retrieved rate limiter 'teacher-update-controller' with period: 'PT1M'; limit for period: '30'; timeout: 'PT0S'; method: 'com.common.QLGV.controllers.TeacherController#update'
2026-04-13 14:45:05 [http-nio-8081-exec-1] INFO  [LoggingServiceImp] - [qlgv] TeacherController - Update teachers API called successfully by user : HuyT1
2026-04-13 14:45:05 [http-nio-8081-exec-1] DEBUG [CircuitBreakerAspect] - Created or retrieved circuit breaker 'qlgv-service' with failure rate '50.0' for method: 'com.common.QLGV.services.imp.TeacherServiceImp#update'
2026-04-13 14:45:05 [http-nio-8081-exec-1] DEBUG [CircuitBreakerAspect] - Created or retrieved circuit breaker 'security-service' with failure rate '50.0' for method: 'com.security_shared.services.SecurityService#updateUser'
2026-04-13 14:45:05 [http-nio-8081-exec-1] DEBUG [LoggingServiceImp] - [security_shared] SecurityService - Calling security internal API to update user: 3
2026-04-13 14:45:05 [http-nio-8081-exec-1] DEBUG [LoggingServiceImp] - [security_shared] SecurityService - Successfully updated user: 3
2026-04-13 14:45:05 [http-nio-8081-exec-1] DEBUG [CircuitBreakerStateMachine] - CircuitBreaker 'security-service' succeeded:
2026-04-13 14:45:05 [http-nio-8081-exec-1] INFO  [LoggingServiceImp] - [qlgv] TeacherServiceImp - Updated user data for userId: 3
2026-04-13 14:45:05 [http-nio-8081-exec-1] INFO  [LoggingServiceImp] - [qlgv] TeacherServiceImp - Invalidated all teacher caches after update userId: 3
2026-04-13 14:45:05 [http-nio-8081-exec-1] DEBUG [CircuitBreakerStateMachine] - CircuitBreaker 'qlgv-service' succeeded:
2026-04-13 14:45:06 [http-nio-8081-exec-2] DEBUG [LoggingServiceImp] - [security_shared] SecurityService - Calling security module with URL: http://localhost:8083/auth/validate to validate token
2026-04-13 14:45:06 [http-nio-8081-exec-2] DEBUG [LoggingServiceImp] - [security_shared] SecurityService - Successfully retrieved user from security module: HuyT1 and cached in Redis with key: user:token:eyJhbGciOiJIUzM4NCJ9.eyJyb2xlIjoiVEVBQ0hFUiIsInBlcm1pc3Npb25zIjpbIlRFQUNIRVJfV1JJVEUiLCJURUFDSEVSX1JFQUQiXSwic3ViIjoiSHV5VDEiLCJqdGkiOiJhN2RhZWEzNC02NzVjLTQ4YmMtYjZkZi01OWU2ZGYxYjVlOTMiLCJpYXQiOjE3NzYwNjYyNjAsImV4cCI6MTc3NjA2OTg2MH0.XengBxwrI9cqGFLOjeq07YaUuVl42cu_qys-w2GE2n3vUrX1UjJysp6BFaknCaLK
2026-04-13 14:45:06 [http-nio-8081-exec-2] DEBUG [LoggingServiceImp] - [security_shared] SecurityService - User HuyT1 successfully authorized
2026-04-13 14:45:06 [http-nio-8081-exec-2] DEBUG [LoggingServiceImp] - [security_shared] RequiresAuthAspect - User HuyT1 successfully authorized for method: getByUserId with roles: ADMIN, TEACHER and permissions: TEACHER_READ
2026-04-13 14:45:06 [http-nio-8081-exec-2] DEBUG [RateLimiterAspect] - Created or retrieved rate limiter 'teacher-controller' with period: 'PT1M'; limit for period: '100'; timeout: 'PT0S'; method: 'com.common.QLGV.controllers.TeacherController#getByUserId'
2026-04-13 14:45:06 [http-nio-8081-exec-2] INFO  [LoggingServiceImp] - [qlgv] TeacherController - Get teacher by userId: 3 called successfully by user: HuyT1
2026-04-13 14:45:06 [http-nio-8081-exec-2] DEBUG [CircuitBreakerAspect] - Created or retrieved circuit breaker 'qlgv-service' with failure rate '50.0' for method: 'com.common.QLGV.services.imp.TeacherServiceImp#getByUserId'
2026-04-13 14:45:06 [http-nio-8081-exec-2] WARN  [LoggingServiceImp] - [qlgv] TeacherServiceImp - Not found cache for userId: 3, query DB
2026-04-13 14:45:06 [http-nio-8081-exec-2] DEBUG [CircuitBreakerAspect] - Created or retrieved circuit breaker 'security-service' with failure rate '50.0' for method: 'com.security_shared.services.SecurityService#getUsersByIds'
2026-04-13 14:45:06 [http-nio-8081-exec-2] DEBUG [LoggingServiceImp] - [security_shared] SecurityService - Calling security internal API to batch get users, count: 1
2026-04-13 14:45:06 [http-nio-8081-exec-2] DEBUG [LoggingServiceImp] - [security_shared] SecurityService - Successfully retrieved 1 users
2026-04-13 14:45:06 [http-nio-8081-exec-2] DEBUG [CircuitBreakerStateMachine] - CircuitBreaker 'security-service' succeeded:
2026-04-13 14:45:06 [http-nio-8081-exec-2] INFO  [LoggingServiceImp] - [qlgv] TeacherServiceImp - Save cache to Redis : teachers:user:3
2026-04-13 14:45:06 [http-nio-8081-exec-2] INFO  [LoggingServiceImp] - [qlgv] TeacherServiceImp - Get teacher by userId: 3 Successfully
2026-04-13 14:45:06 [http-nio-8081-exec-2] DEBUG [CircuitBreakerStateMachine] - CircuitBreaker 'qlgv-service' succeeded:
2026-04-13 14:45:08 [http-nio-8081-exec-5] DEBUG [LoggingServiceImp] - [security_shared] SecurityService - Calling security module with URL: http://localhost:8083/auth/validate to validate token
2026-04-13 14:45:08 [http-nio-8081-exec-5] DEBUG [LoggingServiceImp] - [security_shared] SecurityService - Successfully retrieved user from security module: HuyT1 and cached in Redis with key: user:token:eyJhbGciOiJIUzM4NCJ9.eyJyb2xlIjoiVEVBQ0hFUiIsInBlcm1pc3Npb25zIjpbIlRFQUNIRVJfV1JJVEUiLCJURUFDSEVSX1JFQUQiXSwic3ViIjoiSHV5VDEiLCJqdGkiOiJhN2RhZWEzNC02NzVjLTQ4YmMtYjZkZi01OWU2ZGYxYjVlOTMiLCJpYXQiOjE3NzYwNjYyNjAsImV4cCI6MTc3NjA2OTg2MH0.XengBxwrI9cqGFLOjeq07YaUuVl42cu_qys-w2GE2n3vUrX1UjJysp6BFaknCaLK
2026-04-13 14:45:08 [http-nio-8081-exec-5] DEBUG [LoggingServiceImp] - [security_shared] SecurityService - User HuyT1 successfully authorized
2026-04-13 14:45:08 [http-nio-8081-exec-5] DEBUG [LoggingServiceImp] - [security_shared] RequiresAuthAspect - User HuyT1 successfully authorized for method: getByUserId with roles: ADMIN, TEACHER and permissions: TEACHER_READ
2026-04-13 14:45:08 [http-nio-8081-exec-5] DEBUG [RateLimiterAspect] - Created or retrieved rate limiter 'teacher-controller' with period: 'PT1M'; limit for period: '100'; timeout: 'PT0S'; method: 'com.common.QLGV.controllers.TeacherController#getByUserId'
2026-04-13 14:45:08 [http-nio-8081-exec-5] INFO  [LoggingServiceImp] - [qlgv] TeacherController - Get teacher by userId: 3 called successfully by user: HuyT1
2026-04-13 14:45:08 [http-nio-8081-exec-5] DEBUG [CircuitBreakerAspect] - Created or retrieved circuit breaker 'qlgv-service' with failure rate '50.0' for method: 'com.common.QLGV.services.imp.TeacherServiceImp#getByUserId'
2026-04-13 14:45:08 [http-nio-8081-exec-5] INFO  [LoggingServiceImp] - [qlgv] TeacherServiceImp - Get teacher by userId from cache: teachers:user:3
2026-04-13 14:45:08 [http-nio-8081-exec-5] DEBUG [CircuitBreakerStateMachine] - CircuitBreaker 'qlgv-service' succeeded:
2026-04-13 14:45:08 [http-nio-8081-exec-9] DEBUG [LoggingServiceImp] - [security_shared] SecurityService - Calling security module with URL: http://localhost:8083/auth/validate to validate token
2026-04-13 14:45:08 [http-nio-8081-exec-4] DEBUG [LoggingServiceImp] - [security_shared] SecurityService - Calling security module with URL: http://localhost:8083/auth/validate to validate token
2026-04-13 14:45:08 [http-nio-8081-exec-9] DEBUG [LoggingServiceImp] - [security_shared] SecurityService - Successfully retrieved user from security module: HuyT1 and cached in Redis with key: user:token:eyJhbGciOiJIUzM4NCJ9.eyJyb2xlIjoiVEVBQ0hFUiIsInBlcm1pc3Npb25zIjpbIlRFQUNIRVJfV1JJVEUiLCJURUFDSEVSX1JFQUQiXSwic3ViIjoiSHV5VDEiLCJqdGkiOiJhN2RhZWEzNC02NzVjLTQ4YmMtYjZkZi01OWU2ZGYxYjVlOTMiLCJpYXQiOjE3NzYwNjYyNjAsImV4cCI6MTc3NjA2OTg2MH0.XengBxwrI9cqGFLOjeq07YaUuVl42cu_qys-w2GE2n3vUrX1UjJysp6BFaknCaLK
2026-04-13 14:45:08 [http-nio-8081-exec-9] DEBUG [LoggingServiceImp] - [security_shared] SecurityService - User HuyT1 successfully authorized
2026-04-13 14:45:08 [http-nio-8081-exec-9] DEBUG [LoggingServiceImp] - [security_shared] RequiresAuthAspect - User HuyT1 successfully authorized for method: getByUserId with roles: ADMIN, TEACHER and permissions: TEACHER_READ
2026-04-13 14:45:08 [http-nio-8081-exec-9] DEBUG [RateLimiterAspect] - Created or retrieved rate limiter 'teacher-controller' with period: 'PT1M'; limit for period: '100'; timeout: 'PT0S'; method: 'com.common.QLGV.controllers.TeacherController#getByUserId'
2026-04-13 14:45:08 [http-nio-8081-exec-9] INFO  [LoggingServiceImp] - [qlgv] TeacherController - Get teacher by userId: 3 called successfully by user: HuyT1
2026-04-13 14:45:08 [http-nio-8081-exec-9] DEBUG [CircuitBreakerAspect] - Created or retrieved circuit breaker 'qlgv-service' with failure rate '50.0' for method: 'com.common.QLGV.services.imp.TeacherServiceImp#getByUserId'
2026-04-13 14:45:08 [http-nio-8081-exec-9] INFO  [LoggingServiceImp] - [qlgv] TeacherServiceImp - Get teacher by userId from cache: teachers:user:3
2026-04-13 14:45:08 [http-nio-8081-exec-9] DEBUG [CircuitBreakerStateMachine] - CircuitBreaker 'qlgv-service' succeeded:
2026-04-13 14:45:08 [http-nio-8081-exec-4] DEBUG [LoggingServiceImp] - [security_shared] SecurityService - Successfully retrieved user from security module: HuyT1 and cached in Redis with key: user:token:eyJhbGciOiJIUzM4NCJ9.eyJyb2xlIjoiVEVBQ0hFUiIsInBlcm1pc3Npb25zIjpbIlRFQUNIRVJfV1JJVEUiLCJURUFDSEVSX1JFQUQiXSwic3ViIjoiSHV5VDEiLCJqdGkiOiJhN2RhZWEzNC02NzVjLTQ4YmMtYjZkZi01OWU2ZGYxYjVlOTMiLCJpYXQiOjE3NzYwNjYyNjAsImV4cCI6MTc3NjA2OTg2MH0.XengBxwrI9cqGFLOjeq07YaUuVl42cu_qys-w2GE2n3vUrX1UjJysp6BFaknCaLK
2026-04-13 14:45:08 [http-nio-8081-exec-4] DEBUG [LoggingServiceImp] - [security_shared] SecurityService - User HuyT1 successfully authorized
2026-04-13 14:45:08 [http-nio-8081-exec-4] DEBUG [LoggingServiceImp] - [security_shared] RequiresAuthAspect - User HuyT1 successfully authorized for method: getStudentsByClassManaging with roles: ADMIN, TEACHER and permissions: TEACHER_READ
2026-04-13 14:45:08 [http-nio-8081-exec-4] DEBUG [RateLimiterAspect] - Created or retrieved rate limiter 'teacher-controller' with period: 'PT1M'; limit for period: '100'; timeout: 'PT0S'; method: 'com.common.QLGV.controllers.TeacherController#getStudentsByClassManaging'
2026-04-13 14:45:08 [http-nio-8081-exec-4] INFO  [LoggingServiceImp] - [qlgv] TeacherController - Get students by classManaging: A1 called successfully by user: HuyT1
2026-04-13 14:45:08 [http-nio-8081-exec-4] DEBUG [CircuitBreakerAspect] - Created or retrieved circuit breaker 'qlgv-service' with failure rate '50.0' for method: 'com.common.QLGV.services.imp.TeacherServiceImp#getStudentsByClassManaging'
2026-04-13 14:45:08 [http-nio-8081-exec-4] WARN  [LoggingServiceImp] - [qlgv] TeacherServiceImp - Not found cache for classManaging: A1query DB
2026-04-13 14:45:08 [http-nio-8081-exec-4] INFO  [LoggingServiceImp] - [qlgv] TeacherServiceImp - Getting students for classManaging: A1
2026-04-13 14:45:08 [http-nio-8081-exec-4] INFO  [LoggingServiceImp] - [qlgv] StudentServiceFromTeacher - Calling QLSV API: http://localhost:8080/students/by-class/A1 for schoolClass: A1
2026-04-13 14:45:08 [http-nio-8081-exec-4] INFO  [LoggingServiceImp] - [qlgv] StudentServiceFromTeacher - Successfully retrieved 1 students for schoolClass: A1
2026-04-13 14:45:08 [http-nio-8081-exec-4] INFO  [LoggingServiceImp] - [qlgv] TeacherServiceImp - Found 1 students for classManaging: A1
2026-04-13 14:45:08 [http-nio-8081-exec-4] INFO  [LoggingServiceImp] - [qlgv] TeacherServiceImp - Save cache to Redis : teachers:classManaging:A1
2026-04-13 14:45:08 [http-nio-8081-exec-4] INFO  [LoggingServiceImp] - [qlgv] TeacherServiceImp - Get students by classManaging: A1 From teacher Successfully
2026-04-13 14:45:08 [http-nio-8081-exec-4] DEBUG [CircuitBreakerStateMachine] - CircuitBreaker 'qlgv-service' succeeded:
2026-04-13 14:45:08 [http-nio-8081-exec-6] DEBUG [LoggingServiceImp] - [security_shared] SecurityService - Calling security module with URL: http://localhost:8083/auth/validate to validate token
2026-04-13 14:45:08 [http-nio-8081-exec-6] DEBUG [LoggingServiceImp] - [security_shared] SecurityService - Successfully retrieved user from security module: HuyT1 and cached in Redis with key: user:token:eyJhbGciOiJIUzM4NCJ9.eyJyb2xlIjoiVEVBQ0hFUiIsInBlcm1pc3Npb25zIjpbIlRFQUNIRVJfV1JJVEUiLCJURUFDSEVSX1JFQUQiXSwic3ViIjoiSHV5VDEiLCJqdGkiOiJhN2RhZWEzNC02NzVjLTQ4YmMtYjZkZi01OWU2ZGYxYjVlOTMiLCJpYXQiOjE3NzYwNjYyNjAsImV4cCI6MTc3NjA2OTg2MH0.XengBxwrI9cqGFLOjeq07YaUuVl42cu_qys-w2GE2n3vUrX1UjJysp6BFaknCaLK
2026-04-13 14:45:08 [http-nio-8081-exec-6] DEBUG [LoggingServiceImp] - [security_shared] SecurityService - User HuyT1 successfully authorized
2026-04-13 14:45:08 [http-nio-8081-exec-6] DEBUG [LoggingServiceImp] - [security_shared] RequiresAuthAspect - User HuyT1 successfully authorized for method: getStudentsByClassManaging with roles: ADMIN, TEACHER and permissions: TEACHER_READ
2026-04-13 14:45:08 [http-nio-8081-exec-6] DEBUG [RateLimiterAspect] - Created or retrieved rate limiter 'teacher-controller' with period: 'PT1M'; limit for period: '100'; timeout: 'PT0S'; method: 'com.common.QLGV.controllers.TeacherController#getStudentsByClassManaging'
2026-04-13 14:45:08 [http-nio-8081-exec-6] INFO  [LoggingServiceImp] - [qlgv] TeacherController - Get students by classManaging: A1 called successfully by user: HuyT1
2026-04-13 14:45:08 [http-nio-8081-exec-6] DEBUG [CircuitBreakerAspect] - Created or retrieved circuit breaker 'qlgv-service' with failure rate '50.0' for method: 'com.common.QLGV.services.imp.TeacherServiceImp#getStudentsByClassManaging'
2026-04-13 14:45:08 [http-nio-8081-exec-6] INFO  [LoggingServiceImp] - [qlgv] TeacherServiceImp - Get students by classManaging : A1 from cache: teachers:classManaging:A1
2026-04-13 14:45:08 [http-nio-8081-exec-6] DEBUG [CircuitBreakerStateMachine] - CircuitBreaker 'qlgv-service' succeeded:
2026-04-13 14:47:15 [restartedMain] INFO  [QlgvApplication] - Starting QlgvApplication using Java 17.0.12 with PID 17772 (D:\project IntelliJ Ultimate\modules-parent\qlgv\target\classes started by tranhuy in D:\project IntelliJ Ultimate\modules-parent\qlgv)
2026-04-13 14:47:15 [restartedMain] DEBUG [QlgvApplication] - Running with Spring Boot v3.5.0, Spring v6.2.7
2026-04-13 14:47:15 [restartedMain] INFO  [QlgvApplication] - No active profile set, falling back to 1 default profile: "default"
2026-04-13 14:47:16 [restartedMain] DEBUG [RxJava2OnClasspathCondition] - RxJava2 related Aspect extensions are not activated, because RxJava2 is not on the classpath.
2026-04-13 14:47:16 [restartedMain] DEBUG [ReactorOnClasspathCondition] - Reactor related Aspect extensions are not activated because Resilience4j Reactor module is not on the classpath.
2026-04-13 14:47:16 [restartedMain] DEBUG [RxJava2OnClasspathCondition] - RxJava2 related Aspect extensions are not activated, because RxJava2 is not on the classpath.
2026-04-13 14:47:16 [restartedMain] DEBUG [ReactorOnClasspathCondition] - Reactor related Aspect extensions are not activated because Resilience4j Reactor module is not on the classpath.
2026-04-13 14:47:16 [restartedMain] DEBUG [RxJava2OnClasspathCondition] - RxJava2 related Aspect extensions are not activated, because RxJava2 is not on the classpath.
2026-04-13 14:47:16 [restartedMain] DEBUG [ReactorOnClasspathCondition] - Reactor related Aspect extensions are not activated because Resilience4j Reactor module is not on the classpath.
2026-04-13 14:47:16 [restartedMain] DEBUG [RxJava2OnClasspathCondition] - RxJava2 related Aspect extensions are not activated, because RxJava2 is not on the classpath.
2026-04-13 14:47:16 [restartedMain] DEBUG [ReactorOnClasspathCondition] - Reactor related Aspect extensions are not activated because Resilience4j Reactor module is not on the classpath.
2026-04-13 14:47:16 [restartedMain] DEBUG [RxJava2OnClasspathCondition] - RxJava2 related Aspect extensions are not activated, because RxJava2 is not on the classpath.
2026-04-13 14:47:16 [restartedMain] DEBUG [ReactorOnClasspathCondition] - Reactor related Aspect extensions are not activated because Resilience4j Reactor module is not on the classpath.
2026-04-13 14:47:16 [restartedMain] DEBUG [RxJava2OnClasspathCondition] - RxJava2 related Aspect extensions are not activated, because RxJava2 is not on the classpath.
2026-04-13 14:47:16 [restartedMain] DEBUG [ReactorOnClasspathCondition] - Reactor related Aspect extensions are not activated because Resilience4j Reactor module is not on the classpath.
2026-04-13 14:47:18 [restartedMain] WARN  [deprecation] - HHH90000025: MySQL8Dialect does not need to be specified explicitly using 'hibernate.dialect' (remove the property setting and it will be selected by default)
2026-04-13 14:47:18 [restartedMain] WARN  [deprecation] - HHH90000026: MySQL8Dialect has been deprecated; use org.hibernate.dialect.MySQLDialect instead
2026-04-13 14:47:20 [restartedMain] WARN  [JpaBaseConfiguration$JpaWebConfiguration] - spring.jpa.open-in-view is enabled by default. Therefore, database queries may be performed during view rendering. Explicitly configure spring.jpa.open-in-view to disable this warning
2026-04-13 14:47:20 [restartedMain] DEBUG [Mappings] - 
	c.c.Q.c.RedisController:
	{GET [/redis/value/{key}]}: getValue(String)
	{GET [/redis/hash/{key}]}: getHash(String)
	{GET [/redis/set/{key}]}: getSet(String)
	{GET [/redis/type/{key}]}: getKeyType(String)
	{GET [/redis/ttl/{key}]}: getTTL(String)
	{GET [/redis/info]}: getRedisInfo()
	{DELETE [/redis/key/{key}]}: deleteKey(String)
	{DELETE [/redis/keys]}: deleteAllKeys()
	{GET [/redis/keys/{pattern}]}: getKeysByPattern(String)
	{GET [/redis/list/{key}]}: getList(String)
	{GET [/redis/keys]}: getAllKeys()
	{GET [/redis/zset/{key}]}: getZSet(String)
2026-04-13 14:47:20 [restartedMain] DEBUG [Mappings] - 
	c.c.Q.c.TeacherController:
	{GET [/teachers]}: get(String,UserDto)
	{PUT [/teachers/{id}]}: update(Integer,UpdateEntityModel,String,UserDto)
	{GET [/teachers/filter]}: filter(Integer,String,String,Integer,Gender,String,String,String,String,String,UserDto)
	{DELETE [/teachers]}: delete(List,String,UserDto)
	{DELETE [/teachers/cache]}: clearCache(String,UserDto)
	{GET [/teachers/paged]}: getPaged(int,int,String,String,String,UserDto)
	{GET [/teachers/{userId}]}: getByUserId(Integer,String,UserDto)
	{GET [/teachers/{classManaging}/students]}: getStudentsByClassManaging(String,String,String,UserDto)
2026-04-13 14:47:20 [restartedMain] DEBUG [Mappings] - 
	o.s.b.a.w.s.e.BasicErrorController:
	{ [/error]}: error(HttpServletRequest)
	{ [/error], produces [text/html]}: errorHtml(HttpServletRequest,HttpServletResponse)
2026-04-13 14:47:20 [restartedMain] DEBUG [Mappings] - 'beanNameHandlerMapping' {}
2026-04-13 14:47:20 [restartedMain] DEBUG [Mappings] - 'resourceHandlerMapping' {/webjars/**=ResourceHttpRequestHandler [classpath [META-INF/resources/webjars/]], /**=ResourceHttpRequestHandler [classpath [META-INF/resources/], classpath [resources/], classpath [static/], classpath [public/], ServletContext [/]]}
2026-04-13 14:47:20 [restartedMain] WARN  [ThymeleafAutoConfiguration$DefaultTemplateResolverConfiguration] - Cannot find template location: classpath:/templates/ (please add some templates, check your Thymeleaf configuration, or set spring.thymeleaf.check-template-location=false)
2026-04-13 14:47:23 [restartedMain] WARN  [OptionalLiveReloadServer] - Unable to start LiveReload server
2026-04-13 14:47:23 [restartedMain] INFO  [QlgvApplication] - Started QlgvApplication in 8.361 seconds (process running for 773.417)
2026-04-13 14:47:50 [restartedMain] INFO  [QlgvApplication] - Starting QlgvApplication using Java 17.0.12 with PID 17772 (D:\project IntelliJ Ultimate\modules-parent\qlgv\target\classes started by tranhuy in D:\project IntelliJ Ultimate\modules-parent\qlgv)
2026-04-13 14:47:50 [restartedMain] DEBUG [QlgvApplication] - Running with Spring Boot v3.5.0, Spring v6.2.7
2026-04-13 14:47:50 [restartedMain] INFO  [QlgvApplication] - No active profile set, falling back to 1 default profile: "default"
2026-04-13 14:47:51 [restartedMain] DEBUG [RxJava2OnClasspathCondition] - RxJava2 related Aspect extensions are not activated, because RxJava2 is not on the classpath.
2026-04-13 14:47:51 [restartedMain] DEBUG [ReactorOnClasspathCondition] - Reactor related Aspect extensions are not activated because Resilience4j Reactor module is not on the classpath.
2026-04-13 14:47:51 [restartedMain] DEBUG [RxJava2OnClasspathCondition] - RxJava2 related Aspect extensions are not activated, because RxJava2 is not on the classpath.
2026-04-13 14:47:51 [restartedMain] DEBUG [ReactorOnClasspathCondition] - Reactor related Aspect extensions are not activated because Resilience4j Reactor module is not on the classpath.
2026-04-13 14:47:51 [restartedMain] DEBUG [RxJava2OnClasspathCondition] - RxJava2 related Aspect extensions are not activated, because RxJava2 is not on the classpath.
2026-04-13 14:47:51 [restartedMain] DEBUG [ReactorOnClasspathCondition] - Reactor related Aspect extensions are not activated because Resilience4j Reactor module is not on the classpath.
2026-04-13 14:47:51 [restartedMain] DEBUG [RxJava2OnClasspathCondition] - RxJava2 related Aspect extensions are not activated, because RxJava2 is not on the classpath.
2026-04-13 14:47:51 [restartedMain] DEBUG [ReactorOnClasspathCondition] - Reactor related Aspect extensions are not activated because Resilience4j Reactor module is not on the classpath.
2026-04-13 14:47:51 [restartedMain] DEBUG [RxJava2OnClasspathCondition] - RxJava2 related Aspect extensions are not activated, because RxJava2 is not on the classpath.
2026-04-13 14:47:51 [restartedMain] DEBUG [ReactorOnClasspathCondition] - Reactor related Aspect extensions are not activated because Resilience4j Reactor module is not on the classpath.
2026-04-13 14:47:51 [restartedMain] DEBUG [RxJava2OnClasspathCondition] - RxJava2 related Aspect extensions are not activated, because RxJava2 is not on the classpath.
2026-04-13 14:47:51 [restartedMain] DEBUG [ReactorOnClasspathCondition] - Reactor related Aspect extensions are not activated because Resilience4j Reactor module is not on the classpath.
2026-04-13 14:47:52 [restartedMain] WARN  [deprecation] - HHH90000025: MySQL8Dialect does not need to be specified explicitly using 'hibernate.dialect' (remove the property setting and it will be selected by default)
2026-04-13 14:47:52 [restartedMain] WARN  [deprecation] - HHH90000026: MySQL8Dialect has been deprecated; use org.hibernate.dialect.MySQLDialect instead
2026-04-13 14:47:53 [restartedMain] WARN  [JpaBaseConfiguration$JpaWebConfiguration] - spring.jpa.open-in-view is enabled by default. Therefore, database queries may be performed during view rendering. Explicitly configure spring.jpa.open-in-view to disable this warning
2026-04-13 14:47:53 [restartedMain] DEBUG [Mappings] - 
	c.c.Q.c.RedisController:
	{GET [/redis/value/{key}]}: getValue(String)
	{GET [/redis/hash/{key}]}: getHash(String)
	{GET [/redis/set/{key}]}: getSet(String)
	{GET [/redis/type/{key}]}: getKeyType(String)
	{GET [/redis/ttl/{key}]}: getTTL(String)
	{GET [/redis/info]}: getRedisInfo()
	{DELETE [/redis/key/{key}]}: deleteKey(String)
	{DELETE [/redis/keys]}: deleteAllKeys()
	{GET [/redis/keys/{pattern}]}: getKeysByPattern(String)
	{GET [/redis/list/{key}]}: getList(String)
	{GET [/redis/keys]}: getAllKeys()
	{GET [/redis/zset/{key}]}: getZSet(String)
2026-04-13 14:47:53 [restartedMain] DEBUG [Mappings] - 
	c.c.Q.c.TeacherController:
	{GET [/teachers]}: get(String,UserDto)
	{PUT [/teachers/{id}]}: update(Integer,UpdateEntityModel,String,UserDto)
	{GET [/teachers/filter]}: filter(Integer,String,String,Integer,Gender,String,String,String,String,String,UserDto)
	{DELETE [/teachers]}: delete(List,String,UserDto)
	{DELETE [/teachers/cache]}: clearCache(String,UserDto)
	{GET [/teachers/paged]}: getPaged(int,int,String,String,String,UserDto)
	{GET [/teachers/{userId}]}: getByUserId(Integer,String,UserDto)
	{GET [/teachers/{classManaging}/students]}: getStudentsByClassManaging(String,String,String,UserDto)
2026-04-13 14:47:53 [restartedMain] DEBUG [Mappings] - 
	o.s.b.a.w.s.e.BasicErrorController:
	{ [/error]}: error(HttpServletRequest)
	{ [/error], produces [text/html]}: errorHtml(HttpServletRequest,HttpServletResponse)
2026-04-13 14:47:53 [restartedMain] DEBUG [Mappings] - 'beanNameHandlerMapping' {}
2026-04-13 14:47:53 [restartedMain] DEBUG [Mappings] - 'resourceHandlerMapping' {/webjars/**=ResourceHttpRequestHandler [classpath [META-INF/resources/webjars/]], /**=ResourceHttpRequestHandler [classpath [META-INF/resources/], classpath [resources/], classpath [static/], classpath [public/], ServletContext [/]]}
2026-04-13 14:47:53 [restartedMain] WARN  [ThymeleafAutoConfiguration$DefaultTemplateResolverConfiguration] - Cannot find template location: classpath:/templates/ (please add some templates, check your Thymeleaf configuration, or set spring.thymeleaf.check-template-location=false)
2026-04-13 14:47:54 [restartedMain] WARN  [OptionalLiveReloadServer] - Unable to start LiveReload server
2026-04-13 14:47:55 [restartedMain] INFO  [QlgvApplication] - Started QlgvApplication in 4.457 seconds (process running for 804.854)
2026-04-13 14:48:47 [org.springframework.kafka.KafkaListenerEndpointContainer#1-0-C-1] WARN  [LoggingServiceImp] - [qlgv] UserConsumerService - User or user type is null in event. Skipping.
2026-04-13 14:49:13 [http-nio-8081-exec-4] DEBUG [LoggingServiceImp] - [security_shared] SecurityService - Calling security module with URL: http://localhost:8083/auth/validate to validate token
2026-04-13 14:49:13 [http-nio-8081-exec-4] DEBUG [LoggingServiceImp] - [security_shared] SecurityService - Successfully retrieved user from security module: admin and cached in Redis with key: user:token:eyJhbGciOiJIUzM4NCJ9.eyJyb2xlIjoiQURNSU4iLCJwZXJtaXNzaW9ucyI6WyJURUFDSEVSX1dSSVRFIiwiU1RVREVOVF9XUklURSIsIlNUVURFTlRfUkVBRCIsIlRFQUNIRVJfREVMRVRFIiwiU1RVREVOVF9ERUxFVEUiLCJURUFDSEVSX1JFQUQiXSwic3ViIjoiYWRtaW4iLCJqdGkiOiI5MTE5MmJiNi04YzQzLTQ2NzYtOWYwNi05N2M3ODlhODMyNDkiLCJpYXQiOjE3NzYwNjY1MjcsImV4cCI6MTc3NjA3MDEyN30.vcE_kqk_uunqs0u7D9uDQlWw5l-ftWAQ6b8jktfe0eVQ01X5320DaIhD_OrHMSom
2026-04-13 14:49:13 [http-nio-8081-exec-4] DEBUG [LoggingServiceImp] - [security_shared] SecurityService - User admin successfully authorized
2026-04-13 14:49:13 [http-nio-8081-exec-4] DEBUG [LoggingServiceImp] - [security_shared] RequiresAuthAspect - User admin successfully authorized for method: getPaged with roles: ADMIN, TEACHER and permissions: TEACHER_READ
2026-04-13 14:49:13 [http-nio-8081-exec-4] DEBUG [RateLimiterAspect] - Created or retrieved rate limiter 'teacher-paged-controller' with period: 'PT0.0000005S'; limit for period: '50'; timeout: 'PT5S'; method: 'com.common.QLGV.controllers.TeacherController#getPaged'
2026-04-13 14:49:13 [http-nio-8081-exec-4] INFO  [LoggingServiceImp] - [qlgv] TeacherController - Get paged teachers API called successfully by user: admin - Page: 0, Size: 10, Sort: id : asc
2026-04-13 14:49:13 [http-nio-8081-exec-4] DEBUG [CircuitBreakerAspect] - Created or retrieved circuit breaker 'qlgv-service' with failure rate '50.0' for method: 'com.common.QLGV.services.imp.TeacherServiceImp#getsPaged'
2026-04-13 14:49:13 [http-nio-8081-exec-4] WARN  [LoggingServiceImp] - [qlgv] TeacherServiceImp - Not found paged cache, query DB
2026-04-13 14:49:13 [http-nio-8081-exec-4] DEBUG [CircuitBreakerAspect] - Created or retrieved circuit breaker 'security-service' with failure rate '50.0' for method: 'com.security_shared.services.SecurityService#getUsersByIds'
2026-04-13 14:49:13 [http-nio-8081-exec-4] DEBUG [LoggingServiceImp] - [security_shared] SecurityService - Calling security internal API to batch get users, count: 1
2026-04-13 14:49:13 [http-nio-8081-exec-4] DEBUG [LoggingServiceImp] - [security_shared] SecurityService - Successfully retrieved 1 users
2026-04-13 14:49:13 [http-nio-8081-exec-4] DEBUG [CircuitBreakerStateMachine] - CircuitBreaker 'security-service' succeeded:
2026-04-13 14:49:13 [http-nio-8081-exec-4] INFO  [LoggingServiceImp] - [qlgv] TeacherServiceImp - Teacher ID: 1, Operation: GET_PAGED
2026-04-13 14:49:13 [http-nio-8081-exec-4] INFO  [LoggingServiceImp] - [qlgv] TeacherServiceImp - Save paged cache to Redis : teachers:paged:page=0:size=10:sort=id:asc
2026-04-13 14:49:13 [http-nio-8081-exec-4] INFO  [LoggingServiceImp] - [qlgv] TeacherServiceImp - Gets Paged Teachers Successfully
2026-04-13 14:49:13 [http-nio-8081-exec-4] DEBUG [CircuitBreakerStateMachine] - CircuitBreaker 'qlgv-service' succeeded:
2026-04-13 14:49:13 [http-nio-8081-exec-5] DEBUG [LoggingServiceImp] - [security_shared] SecurityService - Calling security module with URL: http://localhost:8083/auth/validate to validate token
2026-04-13 14:49:13 [http-nio-8081-exec-5] DEBUG [LoggingServiceImp] - [security_shared] SecurityService - Successfully retrieved user from security module: admin and cached in Redis with key: user:token:eyJhbGciOiJIUzM4NCJ9.eyJyb2xlIjoiQURNSU4iLCJwZXJtaXNzaW9ucyI6WyJURUFDSEVSX1dSSVRFIiwiU1RVREVOVF9XUklURSIsIlNUVURFTlRfUkVBRCIsIlRFQUNIRVJfREVMRVRFIiwiU1RVREVOVF9ERUxFVEUiLCJURUFDSEVSX1JFQUQiXSwic3ViIjoiYWRtaW4iLCJqdGkiOiI5MTE5MmJiNi04YzQzLTQ2NzYtOWYwNi05N2M3ODlhODMyNDkiLCJpYXQiOjE3NzYwNjY1MjcsImV4cCI6MTc3NjA3MDEyN30.vcE_kqk_uunqs0u7D9uDQlWw5l-ftWAQ6b8jktfe0eVQ01X5320DaIhD_OrHMSom
2026-04-13 14:49:13 [http-nio-8081-exec-5] DEBUG [LoggingServiceImp] - [security_shared] SecurityService - User admin successfully authorized
2026-04-13 14:49:13 [http-nio-8081-exec-5] DEBUG [LoggingServiceImp] - [security_shared] RequiresAuthAspect - User admin successfully authorized for method: getPaged with roles: ADMIN, TEACHER and permissions: TEACHER_READ
2026-04-13 14:49:13 [http-nio-8081-exec-5] DEBUG [RateLimiterAspect] - Created or retrieved rate limiter 'teacher-paged-controller' with period: 'PT0.0000005S'; limit for period: '50'; timeout: 'PT5S'; method: 'com.common.QLGV.controllers.TeacherController#getPaged'
2026-04-13 14:49:13 [http-nio-8081-exec-5] INFO  [LoggingServiceImp] - [qlgv] TeacherController - Get paged teachers API called successfully by user: admin - Page: 0, Size: 10, Sort: id : asc
2026-04-13 14:49:13 [http-nio-8081-exec-5] DEBUG [CircuitBreakerAspect] - Created or retrieved circuit breaker 'qlgv-service' with failure rate '50.0' for method: 'com.common.QLGV.services.imp.TeacherServiceImp#getsPaged'
2026-04-13 14:49:13 [http-nio-8081-exec-5] INFO  [LoggingServiceImp] - [qlgv] TeacherServiceImp - Get paged data from Redis cache : teachers:paged:page=0:size=10:sort=id:asc
2026-04-13 14:49:13 [http-nio-8081-exec-5] DEBUG [CircuitBreakerStateMachine] - CircuitBreaker 'qlgv-service' succeeded:
2026-04-13 14:50:53 [org.springframework.kafka.KafkaListenerEndpointContainer#1-0-C-1] WARN  [LoggingServiceImp] - [qlgv] UserConsumerService - user event is not a teacher
2026-04-13 14:51:05 [org.springframework.kafka.KafkaListenerEndpointContainer#1-0-C-1] WARN  [LoggingServiceImp] - [qlgv] UserConsumerService - user event is not a teacher
2026-04-13 14:51:11 [org.springframework.kafka.KafkaListenerEndpointContainer#1-0-C-1] WARN  [LoggingServiceImp] - [qlgv] UserConsumerService - user event is not a teacher
2026-04-13 14:51:19 [org.springframework.kafka.KafkaListenerEndpointContainer#1-0-C-1] WARN  [LoggingServiceImp] - [qlgv] UserConsumerService - user event is not a teacher
2026-04-13 14:51:26 [org.springframework.kafka.KafkaListenerEndpointContainer#1-0-C-1] WARN  [LoggingServiceImp] - [qlgv] UserConsumerService - user event is not a teacher
2026-04-13 14:51:50 [org.springframework.kafka.KafkaListenerEndpointContainer#1-0-C-1] WARN  [LoggingServiceImp] - [qlgv] UserConsumerService - user event is not a teacher
2026-04-13 14:51:55 [org.springframework.kafka.KafkaListenerEndpointContainer#1-0-C-1] WARN  [LoggingServiceImp] - [qlgv] UserConsumerService - user event is not a teacher
2026-04-13 14:52:00 [org.springframework.kafka.KafkaListenerEndpointContainer#1-0-C-1] WARN  [LoggingServiceImp] - [qlgv] UserConsumerService - user event is not a teacher
2026-04-13 14:52:16 [org.springframework.kafka.KafkaListenerEndpointContainer#1-0-C-1] WARN  [LoggingServiceImp] - [qlgv] UserConsumerService - user event is not a teacher
2026-04-13 14:52:21 [org.springframework.kafka.KafkaListenerEndpointContainer#1-0-C-1] WARN  [LoggingServiceImp] - [qlgv] UserConsumerService - user event is not a teacher
2026-04-13 14:52:31 [org.springframework.kafka.KafkaListenerEndpointContainer#1-0-C-1] WARN  [LoggingServiceImp] - [qlgv] UserConsumerService - user event is not a teacher
