2026-04-13 13:25:25 [background-preinit] DEBUG [logging] - Logging Provider: org.jboss.logging.Slf4jLoggerProvider found via system property
2026-04-13 13:25:25 [restartedMain] INFO  [QlsvApplication] - Starting QlsvApplication using Java 17.0.12 with PID 16964 (D:\project IntelliJ Ultimate\modules-parent\qlsv\target\classes started by tranhuy in D:\project IntelliJ Ultimate\modules-parent\qlsv)
2026-04-13 13:25:25 [restartedMain] DEBUG [QlsvApplication] - Running with Spring Boot v3.5.0, Spring v6.2.7
2026-04-13 13:25:25 [restartedMain] INFO  [QlsvApplication] - No active profile set, falling back to 1 default profile: "default"
2026-04-13 13:25:30 [restartedMain] DEBUG [RxJava2OnClasspathCondition] - RxJava2 related Aspect extensions are not activated, because RxJava2 is not on the classpath.
2026-04-13 13:25:30 [restartedMain] DEBUG [ReactorOnClasspathCondition] - Reactor related Aspect extensions are not activated because Resilience4j Reactor module is not on the classpath.
2026-04-13 13:25:30 [restartedMain] DEBUG [RxJava2OnClasspathCondition] - RxJava2 related Aspect extensions are not activated, because RxJava2 is not on the classpath.
2026-04-13 13:25:30 [restartedMain] DEBUG [ReactorOnClasspathCondition] - Reactor related Aspect extensions are not activated because Resilience4j Reactor module is not on the classpath.
2026-04-13 13:25:30 [restartedMain] DEBUG [RxJava2OnClasspathCondition] - RxJava2 related Aspect extensions are not activated, because RxJava2 is not on the classpath.
2026-04-13 13:25:30 [restartedMain] DEBUG [ReactorOnClasspathCondition] - Reactor related Aspect extensions are not activated because Resilience4j Reactor module is not on the classpath.
2026-04-13 13:25:30 [restartedMain] DEBUG [RxJava2OnClasspathCondition] - RxJava2 related Aspect extensions are not activated, because RxJava2 is not on the classpath.
2026-04-13 13:25:30 [restartedMain] DEBUG [ReactorOnClasspathCondition] - Reactor related Aspect extensions are not activated because Resilience4j Reactor module is not on the classpath.
2026-04-13 13:25:30 [restartedMain] DEBUG [RxJava2OnClasspathCondition] - RxJava2 related Aspect extensions are not activated, because RxJava2 is not on the classpath.
2026-04-13 13:25:30 [restartedMain] DEBUG [ReactorOnClasspathCondition] - Reactor related Aspect extensions are not activated because Resilience4j Reactor module is not on the classpath.
2026-04-13 13:25:30 [restartedMain] DEBUG [RxJava2OnClasspathCondition] - RxJava2 related Aspect extensions are not activated, because RxJava2 is not on the classpath.
2026-04-13 13:25:30 [restartedMain] DEBUG [ReactorOnClasspathCondition] - Reactor related Aspect extensions are not activated because Resilience4j Reactor module is not on the classpath.
2026-04-13 13:25:36 [restartedMain] DEBUG [InternalLoggerFactory] - Using SLF4J as the default logging framework
2026-04-13 13:25:41 [restartedMain] WARN  [deprecation] - HHH90000025: MySQL8Dialect does not need to be specified explicitly using 'hibernate.dialect' (remove the property setting and it will be selected by default)
2026-04-13 13:25:41 [restartedMain] WARN  [deprecation] - HHH90000026: MySQL8Dialect has been deprecated; use org.hibernate.dialect.MySQLDialect instead
2026-04-13 13:25:48 [restartedMain] WARN  [JpaBaseConfiguration$JpaWebConfiguration] - spring.jpa.open-in-view is enabled by default. Therefore, database queries may be performed during view rendering. Explicitly configure spring.jpa.open-in-view to disable this warning
2026-04-13 13:25:48 [restartedMain] DEBUG [Mappings] - 
	c.c.Q.c.StudentController:
	{GET [/students]}: get(String,UserDto)
	{PUT [/students/{id}]}: update(Integer,UpdateEntityModel,String,UserDto)
	{GET [/students/filter]}: filter(Integer,String,String,Integer,Gender,String,String,Double,String,String,Boolean,String,UserDto)
	{DELETE [/students]}: delete(List,String,UserDto)
	{DELETE [/students/cache]}: clearCache(String,UserDto)
	{GET [/students/{userId}]}: getByUserId(Integer,String,UserDto)
	{GET [/students/by-class/{schoolClass}]}: getBySchoolClass(String,String,UserDto)
	{GET [/students/paged]}: getPaged(int,int,String,String,String,UserDto)
2026-04-13 13:25:48 [restartedMain] DEBUG [Mappings] - 
	o.s.b.a.w.s.e.BasicErrorController:
	{ [/error]}: error(HttpServletRequest)
	{ [/error], produces [text/html]}: errorHtml(HttpServletRequest,HttpServletResponse)
2026-04-13 13:25:49 [restartedMain] DEBUG [Mappings] - 'beanNameHandlerMapping' {}
2026-04-13 13:25:49 [restartedMain] DEBUG [Mappings] - 'resourceHandlerMapping' {/webjars/**=ResourceHttpRequestHandler [classpath [META-INF/resources/webjars/]], /**=ResourceHttpRequestHandler [classpath [META-INF/resources/], classpath [resources/], classpath [static/], classpath [public/], ServletContext [/]]}
2026-04-13 13:25:49 [restartedMain] WARN  [ThymeleafAutoConfiguration$DefaultTemplateResolverConfiguration] - Cannot find template location: classpath:/templates/ (please add some templates, check your Thymeleaf configuration, or set spring.thymeleaf.check-template-location=false)
2026-04-13 13:25:50 [restartedMain] DEBUG [Loggers] - Using Slf4j logging framework
2026-04-13 13:25:53 [restartedMain] INFO  [QlsvApplication] - Started QlsvApplication in 29.293 seconds (process running for 30.258)
2026-04-13 13:25:54 [org.springframework.kafka.KafkaListenerEndpointContainer#0-0-C-1] WARN  [NetworkClient] - [Consumer clientId=consumer-qlsv-student-group-1, groupId=qlsv-student-group] Error while fetching metadata with correlation id 2 : {notifications=UNKNOWN_TOPIC_OR_PARTITION}
2026-04-13 13:25:54 [org.springframework.kafka.KafkaListenerEndpointContainer#1-0-C-1] WARN  [NetworkClient] - [Consumer clientId=consumer-qlsv-student-group-2, groupId=qlsv-student-group] Error while fetching metadata with correlation id 2 : {user-events=UNKNOWN_TOPIC_OR_PARTITION}
2026-04-13 13:26:03 [http-nio-8080-exec-6] DEBUG [LoggingServiceImp] - [security_shared] SecurityService - Calling security module with URL: http://localhost:8083/auth/validate to validate token
2026-04-13 13:26:03 [http-nio-8080-exec-6] DEBUG [LoggingServiceImp] - [security_shared] SecurityService - Successfully retrieved user from security module: HuyS1 and cached in Redis with key: user:token:eyJhbGciOiJIUzM4NCJ9.eyJyb2xlIjoiU1RVREVOVCIsInBlcm1pc3Npb25zIjpbIlNUVURFTlRfV1JJVEUiLCJTVFVERU5UX1JFQUQiXSwic3ViIjoiSHV5UzEiLCJqdGkiOiIwNzk3MzM1MS04OTYxLTRlMTYtOTI2Ny0xYzhkODY1ZDVhZmMiLCJpYXQiOjE3NzYwNjA5MTEsImV4cCI6MTc3NjA2NDUxMX0.DNESbLYFGkQeYlxlXXixsTfd6hWlVeAr4OJZjPh3VQUJXgSsyoLVdBwnevBokUyt
2026-04-13 13:26:03 [http-nio-8080-exec-6] DEBUG [LoggingServiceImp] - [security_shared] SecurityService - User HuyS1 successfully authorized
2026-04-13 13:26:03 [http-nio-8080-exec-6] DEBUG [LoggingServiceImp] - [security_shared] RequiresAuthAspect - User HuyS1 successfully authorized for method: getByUserId with roles: ADMIN, STUDENT, TEACHER and permissions: STUDENT_READ, TEACHER_READ
2026-04-13 13:26:03 [http-nio-8080-exec-6] DEBUG [RateLimiterAspect] - Created or retrieved rate limiter 'student-controller' with period: 'PT1M'; limit for period: '100'; timeout: 'PT0S'; method: 'com.common.QLSV.controllers.StudentController#getByUserId'
2026-04-13 13:26:03 [http-nio-8080-exec-6] INFO  [LoggingServiceImp] - [qlsv] StudentController - Get student by userId: 2 called successfully by user: HuyS1
2026-04-13 13:26:03 [http-nio-8080-exec-6] DEBUG [CircuitBreakerAspect] - Created or retrieved circuit breaker 'qlsv-service' with failure rate '50.0' for method: 'com.common.QLSV.services.imp.StudentServiceImp#getByUserId'
2026-04-13 13:26:03 [http-nio-8080-exec-6] WARN  [LoggingServiceImp] - [qlsv] StudentServiceImp - Not found cache for userId: 2, query DB
2026-04-13 13:26:03 [http-nio-8080-exec-6] DEBUG [CircuitBreakerAspect] - Created or retrieved circuit breaker 'security-service' with failure rate '50.0' for method: 'com.security_shared.services.SecurityService#getUsersByIds'
2026-04-13 13:26:03 [http-nio-8080-exec-6] DEBUG [LoggingServiceImp] - [security_shared] SecurityService - Calling security internal API to batch get users, count: 1
2026-04-13 13:26:03 [http-nio-8080-exec-6] DEBUG [LoggingServiceImp] - [security_shared] SecurityService - Successfully retrieved 1 users
2026-04-13 13:26:03 [http-nio-8080-exec-6] DEBUG [CircuitBreakerStateMachine] - CircuitBreaker 'security-service' succeeded:
2026-04-13 13:26:03 [http-nio-8080-exec-6] INFO  [LoggingServiceImp] - [qlsv] StudentServiceImp - Save student by userId cache to Redis : students:user:2
2026-04-13 13:26:03 [http-nio-8080-exec-6] INFO  [LoggingServiceImp] - [qlsv] StudentServiceImp - Get student by userId: 2 Successfully
2026-04-13 13:26:03 [http-nio-8080-exec-6] DEBUG [CircuitBreakerStateMachine] - CircuitBreaker 'qlsv-service' succeeded:
2026-04-13 13:26:04 [http-nio-8080-exec-3] DEBUG [LoggingServiceImp] - [security_shared] SecurityService - Calling security module with URL: http://localhost:8083/auth/validate to validate token
2026-04-13 13:26:04 [http-nio-8080-exec-3] DEBUG [LoggingServiceImp] - [security_shared] SecurityService - Successfully retrieved user from security module: HuyS1 and cached in Redis with key: user:token:eyJhbGciOiJIUzM4NCJ9.eyJyb2xlIjoiU1RVREVOVCIsInBlcm1pc3Npb25zIjpbIlNUVURFTlRfV1JJVEUiLCJTVFVERU5UX1JFQUQiXSwic3ViIjoiSHV5UzEiLCJqdGkiOiIwNzk3MzM1MS04OTYxLTRlMTYtOTI2Ny0xYzhkODY1ZDVhZmMiLCJpYXQiOjE3NzYwNjA5MTEsImV4cCI6MTc3NjA2NDUxMX0.DNESbLYFGkQeYlxlXXixsTfd6hWlVeAr4OJZjPh3VQUJXgSsyoLVdBwnevBokUyt
2026-04-13 13:26:04 [http-nio-8080-exec-3] DEBUG [LoggingServiceImp] - [security_shared] SecurityService - User HuyS1 successfully authorized
2026-04-13 13:26:04 [http-nio-8080-exec-3] DEBUG [LoggingServiceImp] - [security_shared] RequiresAuthAspect - User HuyS1 successfully authorized for method: getByUserId with roles: ADMIN, STUDENT, TEACHER and permissions: STUDENT_READ, TEACHER_READ
2026-04-13 13:26:04 [http-nio-8080-exec-3] DEBUG [RateLimiterAspect] - Created or retrieved rate limiter 'student-controller' with period: 'PT1M'; limit for period: '100'; timeout: 'PT0S'; method: 'com.common.QLSV.controllers.StudentController#getByUserId'
2026-04-13 13:26:04 [http-nio-8080-exec-3] INFO  [LoggingServiceImp] - [qlsv] StudentController - Get student by userId: 2 called successfully by user: HuyS1
2026-04-13 13:26:04 [http-nio-8080-exec-3] DEBUG [CircuitBreakerAspect] - Created or retrieved circuit breaker 'qlsv-service' with failure rate '50.0' for method: 'com.common.QLSV.services.imp.StudentServiceImp#getByUserId'
2026-04-13 13:26:04 [http-nio-8080-exec-3] INFO  [LoggingServiceImp] - [qlsv] StudentServiceImp - Get student by userId from cache: students:user:2
2026-04-13 13:26:04 [http-nio-8080-exec-3] DEBUG [CircuitBreakerStateMachine] - CircuitBreaker 'qlsv-service' succeeded:
2026-04-13 13:26:08 [http-nio-8080-exec-8] DEBUG [LoggingServiceImp] - [security_shared] SecurityService - Calling security module with URL: http://localhost:8083/auth/validate to validate token
2026-04-13 13:26:08 [http-nio-8080-exec-8] DEBUG [LoggingServiceImp] - [security_shared] SecurityService - Successfully retrieved user from security module: HuyS1 and cached in Redis with key: user:token:eyJhbGciOiJIUzM4NCJ9.eyJyb2xlIjoiU1RVREVOVCIsInBlcm1pc3Npb25zIjpbIlNUVURFTlRfV1JJVEUiLCJTVFVERU5UX1JFQUQiXSwic3ViIjoiSHV5UzEiLCJqdGkiOiIwNzk3MzM1MS04OTYxLTRlMTYtOTI2Ny0xYzhkODY1ZDVhZmMiLCJpYXQiOjE3NzYwNjA5MTEsImV4cCI6MTc3NjA2NDUxMX0.DNESbLYFGkQeYlxlXXixsTfd6hWlVeAr4OJZjPh3VQUJXgSsyoLVdBwnevBokUyt
2026-04-13 13:26:08 [http-nio-8080-exec-8] DEBUG [LoggingServiceImp] - [security_shared] SecurityService - User HuyS1 successfully authorized
2026-04-13 13:26:08 [http-nio-8080-exec-8] DEBUG [LoggingServiceImp] - [security_shared] RequiresAuthAspect - User HuyS1 successfully authorized for method: getByUserId with roles: ADMIN, STUDENT, TEACHER and permissions: STUDENT_READ, TEACHER_READ
2026-04-13 13:26:08 [http-nio-8080-exec-8] DEBUG [RateLimiterAspect] - Created or retrieved rate limiter 'student-controller' with period: 'PT1M'; limit for period: '100'; timeout: 'PT0S'; method: 'com.common.QLSV.controllers.StudentController#getByUserId'
2026-04-13 13:26:08 [http-nio-8080-exec-8] INFO  [LoggingServiceImp] - [qlsv] StudentController - Get student by userId: 2 called successfully by user: HuyS1
2026-04-13 13:26:08 [http-nio-8080-exec-8] DEBUG [CircuitBreakerAspect] - Created or retrieved circuit breaker 'qlsv-service' with failure rate '50.0' for method: 'com.common.QLSV.services.imp.StudentServiceImp#getByUserId'
2026-04-13 13:26:08 [http-nio-8080-exec-8] INFO  [LoggingServiceImp] - [qlsv] StudentServiceImp - Get student by userId from cache: students:user:2
2026-04-13 13:26:08 [http-nio-8080-exec-8] DEBUG [CircuitBreakerStateMachine] - CircuitBreaker 'qlsv-service' succeeded:
2026-04-13 13:26:08 [http-nio-8080-exec-4] DEBUG [LoggingServiceImp] - [security_shared] SecurityService - Calling security module with URL: http://localhost:8083/auth/validate to validate token
2026-04-13 13:26:09 [http-nio-8080-exec-4] DEBUG [LoggingServiceImp] - [security_shared] SecurityService - Successfully retrieved user from security module: HuyS1 and cached in Redis with key: user:token:eyJhbGciOiJIUzM4NCJ9.eyJyb2xlIjoiU1RVREVOVCIsInBlcm1pc3Npb25zIjpbIlNUVURFTlRfV1JJVEUiLCJTVFVERU5UX1JFQUQiXSwic3ViIjoiSHV5UzEiLCJqdGkiOiIwNzk3MzM1MS04OTYxLTRlMTYtOTI2Ny0xYzhkODY1ZDVhZmMiLCJpYXQiOjE3NzYwNjA5MTEsImV4cCI6MTc3NjA2NDUxMX0.DNESbLYFGkQeYlxlXXixsTfd6hWlVeAr4OJZjPh3VQUJXgSsyoLVdBwnevBokUyt
2026-04-13 13:26:09 [http-nio-8080-exec-4] DEBUG [LoggingServiceImp] - [security_shared] SecurityService - User HuyS1 successfully authorized
2026-04-13 13:26:09 [http-nio-8080-exec-4] DEBUG [LoggingServiceImp] - [security_shared] RequiresAuthAspect - User HuyS1 successfully authorized for method: getByUserId with roles: ADMIN, STUDENT, TEACHER and permissions: STUDENT_READ, TEACHER_READ
2026-04-13 13:26:09 [http-nio-8080-exec-4] DEBUG [RateLimiterAspect] - Created or retrieved rate limiter 'student-controller' with period: 'PT1M'; limit for period: '100'; timeout: 'PT0S'; method: 'com.common.QLSV.controllers.StudentController#getByUserId'
2026-04-13 13:26:09 [http-nio-8080-exec-4] INFO  [LoggingServiceImp] - [qlsv] StudentController - Get student by userId: 2 called successfully by user: HuyS1
2026-04-13 13:26:09 [http-nio-8080-exec-4] DEBUG [CircuitBreakerAspect] - Created or retrieved circuit breaker 'qlsv-service' with failure rate '50.0' for method: 'com.common.QLSV.services.imp.StudentServiceImp#getByUserId'
2026-04-13 13:26:09 [http-nio-8080-exec-4] INFO  [LoggingServiceImp] - [qlsv] StudentServiceImp - Get student by userId from cache: students:user:2
2026-04-13 13:26:09 [http-nio-8080-exec-4] DEBUG [CircuitBreakerStateMachine] - CircuitBreaker 'qlsv-service' succeeded:
2026-04-13 13:26:16 [http-nio-8080-exec-5] DEBUG [LoggingServiceImp] - [security_shared] SecurityService - Calling security module with URL: http://localhost:8083/auth/validate to validate token
2026-04-13 13:26:16 [http-nio-8080-exec-5] DEBUG [LoggingServiceImp] - [security_shared] SecurityService - Successfully retrieved user from security module: HuyS1 and cached in Redis with key: user:token:eyJhbGciOiJIUzM4NCJ9.eyJyb2xlIjoiU1RVREVOVCIsInBlcm1pc3Npb25zIjpbIlNUVURFTlRfV1JJVEUiLCJTVFVERU5UX1JFQUQiXSwic3ViIjoiSHV5UzEiLCJqdGkiOiIwNzk3MzM1MS04OTYxLTRlMTYtOTI2Ny0xYzhkODY1ZDVhZmMiLCJpYXQiOjE3NzYwNjA5MTEsImV4cCI6MTc3NjA2NDUxMX0.DNESbLYFGkQeYlxlXXixsTfd6hWlVeAr4OJZjPh3VQUJXgSsyoLVdBwnevBokUyt
2026-04-13 13:26:16 [http-nio-8080-exec-5] DEBUG [LoggingServiceImp] - [security_shared] SecurityService - User HuyS1 successfully authorized
2026-04-13 13:26:16 [http-nio-8080-exec-5] DEBUG [LoggingServiceImp] - [security_shared] RequiresAuthAspect - User HuyS1 successfully authorized for method: update with roles: ADMIN, STUDENT, TEACHER and permissions: STUDENT_WRITE, TEACHER_WRITE
2026-04-13 13:26:16 [http-nio-8080-exec-5] DEBUG [RateLimiterAspect] - Created or retrieved rate limiter 'student-update-controller' with period: 'PT1M'; limit for period: '30'; timeout: 'PT0S'; method: 'com.common.QLSV.controllers.StudentController#update'
2026-04-13 13:26:16 [http-nio-8080-exec-5] INFO  [LoggingServiceImp] - [qlsv] StudentController - Update students API called successfully by user: HuyS1
2026-04-13 13:26:16 [http-nio-8080-exec-5] DEBUG [CircuitBreakerAspect] - Created or retrieved circuit breaker 'qlsv-service' with failure rate '50.0' for method: 'com.common.QLSV.services.imp.StudentServiceImp#update'
2026-04-13 13:26:17 [http-nio-8080-exec-5] DEBUG [CircuitBreakerAspect] - Created or retrieved circuit breaker 'security-service' with failure rate '50.0' for method: 'com.security_shared.services.SecurityService#updateUser'
2026-04-13 13:26:17 [http-nio-8080-exec-5] DEBUG [LoggingServiceImp] - [security_shared] SecurityService - Calling security internal API to update user: 2
2026-04-13 13:26:17 [http-nio-8080-exec-5] DEBUG [LoggingServiceImp] - [security_shared] SecurityService - Successfully updated user: 2
2026-04-13 13:26:17 [http-nio-8080-exec-5] DEBUG [CircuitBreakerStateMachine] - CircuitBreaker 'security-service' succeeded:
2026-04-13 13:26:17 [http-nio-8080-exec-5] INFO  [LoggingServiceImp] - [qlsv] StudentServiceImp - Update user data for userId: 2
2026-04-13 13:26:17 [http-nio-8080-exec-5] INFO  [LoggingServiceImp] - [qlsv] StudentServiceImp - Invalidated all student caches after update userId: 2
2026-04-13 13:26:17 [http-nio-8080-exec-5] DEBUG [CircuitBreakerStateMachine] - CircuitBreaker 'qlsv-service' succeeded:
2026-04-13 13:26:17 [http-nio-8080-exec-9] DEBUG [LoggingServiceImp] - [security_shared] SecurityService - Calling security module with URL: http://localhost:8083/auth/validate to validate token
2026-04-13 13:26:18 [http-nio-8080-exec-9] DEBUG [LoggingServiceImp] - [security_shared] SecurityService - Successfully retrieved user from security module: HuyS1 and cached in Redis with key: user:token:eyJhbGciOiJIUzM4NCJ9.eyJyb2xlIjoiU1RVREVOVCIsInBlcm1pc3Npb25zIjpbIlNUVURFTlRfV1JJVEUiLCJTVFVERU5UX1JFQUQiXSwic3ViIjoiSHV5UzEiLCJqdGkiOiIwNzk3MzM1MS04OTYxLTRlMTYtOTI2Ny0xYzhkODY1ZDVhZmMiLCJpYXQiOjE3NzYwNjA5MTEsImV4cCI6MTc3NjA2NDUxMX0.DNESbLYFGkQeYlxlXXixsTfd6hWlVeAr4OJZjPh3VQUJXgSsyoLVdBwnevBokUyt
2026-04-13 13:26:18 [http-nio-8080-exec-9] DEBUG [LoggingServiceImp] - [security_shared] SecurityService - User HuyS1 successfully authorized
2026-04-13 13:26:18 [http-nio-8080-exec-9] DEBUG [LoggingServiceImp] - [security_shared] RequiresAuthAspect - User HuyS1 successfully authorized for method: getByUserId with roles: ADMIN, STUDENT, TEACHER and permissions: STUDENT_READ, TEACHER_READ
2026-04-13 13:26:18 [http-nio-8080-exec-9] DEBUG [RateLimiterAspect] - Created or retrieved rate limiter 'student-controller' with period: 'PT1M'; limit for period: '100'; timeout: 'PT0S'; method: 'com.common.QLSV.controllers.StudentController#getByUserId'
2026-04-13 13:26:18 [http-nio-8080-exec-9] INFO  [LoggingServiceImp] - [qlsv] StudentController - Get student by userId: 2 called successfully by user: HuyS1
2026-04-13 13:26:18 [http-nio-8080-exec-9] DEBUG [CircuitBreakerAspect] - Created or retrieved circuit breaker 'qlsv-service' with failure rate '50.0' for method: 'com.common.QLSV.services.imp.StudentServiceImp#getByUserId'
2026-04-13 13:26:18 [http-nio-8080-exec-9] WARN  [LoggingServiceImp] - [qlsv] StudentServiceImp - Not found cache for userId: 2, query DB
2026-04-13 13:26:18 [http-nio-8080-exec-9] DEBUG [CircuitBreakerAspect] - Created or retrieved circuit breaker 'security-service' with failure rate '50.0' for method: 'com.security_shared.services.SecurityService#getUsersByIds'
2026-04-13 13:26:18 [http-nio-8080-exec-9] DEBUG [LoggingServiceImp] - [security_shared] SecurityService - Calling security internal API to batch get users, count: 1
2026-04-13 13:26:18 [http-nio-8080-exec-9] DEBUG [LoggingServiceImp] - [security_shared] SecurityService - Successfully retrieved 1 users
2026-04-13 13:26:18 [http-nio-8080-exec-9] DEBUG [CircuitBreakerStateMachine] - CircuitBreaker 'security-service' succeeded:
2026-04-13 13:26:18 [http-nio-8080-exec-9] INFO  [LoggingServiceImp] - [qlsv] StudentServiceImp - Save student by userId cache to Redis : students:user:2
2026-04-13 13:26:18 [http-nio-8080-exec-9] INFO  [LoggingServiceImp] - [qlsv] StudentServiceImp - Get student by userId: 2 Successfully
2026-04-13 13:26:18 [http-nio-8080-exec-9] DEBUG [CircuitBreakerStateMachine] - CircuitBreaker 'qlsv-service' succeeded:
2026-04-13 13:26:21 [http-nio-8080-exec-10] DEBUG [LoggingServiceImp] - [security_shared] SecurityService - Calling security module with URL: http://localhost:8083/auth/validate to validate token
2026-04-13 13:26:21 [http-nio-8080-exec-10] DEBUG [LoggingServiceImp] - [security_shared] SecurityService - Successfully retrieved user from security module: HuyS1 and cached in Redis with key: user:token:eyJhbGciOiJIUzM4NCJ9.eyJyb2xlIjoiU1RVREVOVCIsInBlcm1pc3Npb25zIjpbIlNUVURFTlRfV1JJVEUiLCJTVFVERU5UX1JFQUQiXSwic3ViIjoiSHV5UzEiLCJqdGkiOiIwNzk3MzM1MS04OTYxLTRlMTYtOTI2Ny0xYzhkODY1ZDVhZmMiLCJpYXQiOjE3NzYwNjA5MTEsImV4cCI6MTc3NjA2NDUxMX0.DNESbLYFGkQeYlxlXXixsTfd6hWlVeAr4OJZjPh3VQUJXgSsyoLVdBwnevBokUyt
2026-04-13 13:26:21 [http-nio-8080-exec-10] DEBUG [LoggingServiceImp] - [security_shared] SecurityService - User HuyS1 successfully authorized
2026-04-13 13:26:21 [http-nio-8080-exec-10] DEBUG [LoggingServiceImp] - [security_shared] RequiresAuthAspect - User HuyS1 successfully authorized for method: getByUserId with roles: ADMIN, STUDENT, TEACHER and permissions: STUDENT_READ, TEACHER_READ
2026-04-13 13:26:21 [http-nio-8080-exec-10] DEBUG [RateLimiterAspect] - Created or retrieved rate limiter 'student-controller' with period: 'PT1M'; limit for period: '100'; timeout: 'PT0S'; method: 'com.common.QLSV.controllers.StudentController#getByUserId'
2026-04-13 13:26:21 [http-nio-8080-exec-10] INFO  [LoggingServiceImp] - [qlsv] StudentController - Get student by userId: 2 called successfully by user: HuyS1
2026-04-13 13:26:21 [http-nio-8080-exec-10] DEBUG [CircuitBreakerAspect] - Created or retrieved circuit breaker 'qlsv-service' with failure rate '50.0' for method: 'com.common.QLSV.services.imp.StudentServiceImp#getByUserId'
2026-04-13 13:26:21 [http-nio-8080-exec-10] INFO  [LoggingServiceImp] - [qlsv] StudentServiceImp - Get student by userId from cache: students:user:2
2026-04-13 13:26:21 [http-nio-8080-exec-10] DEBUG [CircuitBreakerStateMachine] - CircuitBreaker 'qlsv-service' succeeded:
2026-04-13 13:26:21 [http-nio-8080-exec-2] DEBUG [LoggingServiceImp] - [security_shared] SecurityService - Calling security module with URL: http://localhost:8083/auth/validate to validate token
2026-04-13 13:26:21 [http-nio-8080-exec-2] DEBUG [LoggingServiceImp] - [security_shared] SecurityService - Successfully retrieved user from security module: HuyS1 and cached in Redis with key: user:token:eyJhbGciOiJIUzM4NCJ9.eyJyb2xlIjoiU1RVREVOVCIsInBlcm1pc3Npb25zIjpbIlNUVURFTlRfV1JJVEUiLCJTVFVERU5UX1JFQUQiXSwic3ViIjoiSHV5UzEiLCJqdGkiOiIwNzk3MzM1MS04OTYxLTRlMTYtOTI2Ny0xYzhkODY1ZDVhZmMiLCJpYXQiOjE3NzYwNjA5MTEsImV4cCI6MTc3NjA2NDUxMX0.DNESbLYFGkQeYlxlXXixsTfd6hWlVeAr4OJZjPh3VQUJXgSsyoLVdBwnevBokUyt
2026-04-13 13:26:21 [http-nio-8080-exec-2] DEBUG [LoggingServiceImp] - [security_shared] SecurityService - User HuyS1 successfully authorized
2026-04-13 13:26:21 [http-nio-8080-exec-2] DEBUG [LoggingServiceImp] - [security_shared] RequiresAuthAspect - User HuyS1 successfully authorized for method: getByUserId with roles: ADMIN, STUDENT, TEACHER and permissions: STUDENT_READ, TEACHER_READ
2026-04-13 13:26:21 [http-nio-8080-exec-2] DEBUG [RateLimiterAspect] - Created or retrieved rate limiter 'student-controller' with period: 'PT1M'; limit for period: '100'; timeout: 'PT0S'; method: 'com.common.QLSV.controllers.StudentController#getByUserId'
2026-04-13 13:26:21 [http-nio-8080-exec-2] INFO  [LoggingServiceImp] - [qlsv] StudentController - Get student by userId: 2 called successfully by user: HuyS1
2026-04-13 13:26:21 [http-nio-8080-exec-2] DEBUG [CircuitBreakerAspect] - Created or retrieved circuit breaker 'qlsv-service' with failure rate '50.0' for method: 'com.common.QLSV.services.imp.StudentServiceImp#getByUserId'
2026-04-13 13:26:21 [http-nio-8080-exec-2] INFO  [LoggingServiceImp] - [qlsv] StudentServiceImp - Get student by userId from cache: students:user:2
2026-04-13 13:26:21 [http-nio-8080-exec-2] DEBUG [CircuitBreakerStateMachine] - CircuitBreaker 'qlsv-service' succeeded:
2026-04-13 13:26:24 [http-nio-8080-exec-1] DEBUG [LoggingServiceImp] - [security_shared] SecurityService - Calling security module with URL: http://localhost:8083/auth/validate to validate token
2026-04-13 13:26:24 [http-nio-8080-exec-1] DEBUG [LoggingServiceImp] - [security_shared] SecurityService - Successfully retrieved user from security module: HuyS1 and cached in Redis with key: user:token:eyJhbGciOiJIUzM4NCJ9.eyJyb2xlIjoiU1RVREVOVCIsInBlcm1pc3Npb25zIjpbIlNUVURFTlRfV1JJVEUiLCJTVFVERU5UX1JFQUQiXSwic3ViIjoiSHV5UzEiLCJqdGkiOiIwNzk3MzM1MS04OTYxLTRlMTYtOTI2Ny0xYzhkODY1ZDVhZmMiLCJpYXQiOjE3NzYwNjA5MTEsImV4cCI6MTc3NjA2NDUxMX0.DNESbLYFGkQeYlxlXXixsTfd6hWlVeAr4OJZjPh3VQUJXgSsyoLVdBwnevBokUyt
2026-04-13 13:26:24 [http-nio-8080-exec-1] DEBUG [LoggingServiceImp] - [security_shared] SecurityService - User HuyS1 successfully authorized
2026-04-13 13:26:24 [http-nio-8080-exec-1] DEBUG [LoggingServiceImp] - [security_shared] RequiresAuthAspect - User HuyS1 successfully authorized for method: getByUserId with roles: ADMIN, STUDENT, TEACHER and permissions: STUDENT_READ, TEACHER_READ
2026-04-13 13:26:24 [http-nio-8080-exec-1] DEBUG [RateLimiterAspect] - Created or retrieved rate limiter 'student-controller' with period: 'PT1M'; limit for period: '100'; timeout: 'PT0S'; method: 'com.common.QLSV.controllers.StudentController#getByUserId'
2026-04-13 13:26:24 [http-nio-8080-exec-1] INFO  [LoggingServiceImp] - [qlsv] StudentController - Get student by userId: 2 called successfully by user: HuyS1
2026-04-13 13:26:24 [http-nio-8080-exec-1] DEBUG [CircuitBreakerAspect] - Created or retrieved circuit breaker 'qlsv-service' with failure rate '50.0' for method: 'com.common.QLSV.services.imp.StudentServiceImp#getByUserId'
2026-04-13 13:26:25 [http-nio-8080-exec-1] INFO  [LoggingServiceImp] - [qlsv] StudentServiceImp - Get student by userId from cache: students:user:2
2026-04-13 13:26:25 [http-nio-8080-exec-1] DEBUG [CircuitBreakerStateMachine] - CircuitBreaker 'qlsv-service' succeeded:
2026-04-13 13:26:28 [http-nio-8080-exec-6] DEBUG [LoggingServiceImp] - [security_shared] SecurityService - Calling security module with URL: http://localhost:8083/auth/validate to validate token
2026-04-13 13:26:28 [http-nio-8080-exec-6] DEBUG [LoggingServiceImp] - [security_shared] SecurityService - Successfully retrieved user from security module: HuyS1 and cached in Redis with key: user:token:eyJhbGciOiJIUzM4NCJ9.eyJyb2xlIjoiU1RVREVOVCIsInBlcm1pc3Npb25zIjpbIlNUVURFTlRfV1JJVEUiLCJTVFVERU5UX1JFQUQiXSwic3ViIjoiSHV5UzEiLCJqdGkiOiIwNzk3MzM1MS04OTYxLTRlMTYtOTI2Ny0xYzhkODY1ZDVhZmMiLCJpYXQiOjE3NzYwNjA5MTEsImV4cCI6MTc3NjA2NDUxMX0.DNESbLYFGkQeYlxlXXixsTfd6hWlVeAr4OJZjPh3VQUJXgSsyoLVdBwnevBokUyt
2026-04-13 13:26:28 [http-nio-8080-exec-6] DEBUG [LoggingServiceImp] - [security_shared] SecurityService - User HuyS1 successfully authorized
2026-04-13 13:26:28 [http-nio-8080-exec-6] DEBUG [LoggingServiceImp] - [security_shared] RequiresAuthAspect - User HuyS1 successfully authorized for method: getByUserId with roles: ADMIN, STUDENT, TEACHER and permissions: STUDENT_READ, TEACHER_READ
2026-04-13 13:26:28 [http-nio-8080-exec-6] DEBUG [RateLimiterAspect] - Created or retrieved rate limiter 'student-controller' with period: 'PT1M'; limit for period: '100'; timeout: 'PT0S'; method: 'com.common.QLSV.controllers.StudentController#getByUserId'
2026-04-13 13:26:28 [http-nio-8080-exec-6] INFO  [LoggingServiceImp] - [qlsv] StudentController - Get student by userId: 2 called successfully by user: HuyS1
2026-04-13 13:26:28 [http-nio-8080-exec-6] DEBUG [CircuitBreakerAspect] - Created or retrieved circuit breaker 'qlsv-service' with failure rate '50.0' for method: 'com.common.QLSV.services.imp.StudentServiceImp#getByUserId'
2026-04-13 13:26:28 [http-nio-8080-exec-6] INFO  [LoggingServiceImp] - [qlsv] StudentServiceImp - Get student by userId from cache: students:user:2
2026-04-13 13:26:28 [http-nio-8080-exec-6] DEBUG [CircuitBreakerStateMachine] - CircuitBreaker 'qlsv-service' succeeded:
2026-04-13 13:26:28 [http-nio-8080-exec-3] DEBUG [LoggingServiceImp] - [security_shared] SecurityService - Calling security module with URL: http://localhost:8083/auth/validate to validate token
2026-04-13 13:26:28 [http-nio-8080-exec-3] DEBUG [LoggingServiceImp] - [security_shared] SecurityService - Successfully retrieved user from security module: HuyS1 and cached in Redis with key: user:token:eyJhbGciOiJIUzM4NCJ9.eyJyb2xlIjoiU1RVREVOVCIsInBlcm1pc3Npb25zIjpbIlNUVURFTlRfV1JJVEUiLCJTVFVERU5UX1JFQUQiXSwic3ViIjoiSHV5UzEiLCJqdGkiOiIwNzk3MzM1MS04OTYxLTRlMTYtOTI2Ny0xYzhkODY1ZDVhZmMiLCJpYXQiOjE3NzYwNjA5MTEsImV4cCI6MTc3NjA2NDUxMX0.DNESbLYFGkQeYlxlXXixsTfd6hWlVeAr4OJZjPh3VQUJXgSsyoLVdBwnevBokUyt
2026-04-13 13:26:28 [http-nio-8080-exec-3] DEBUG [LoggingServiceImp] - [security_shared] SecurityService - User HuyS1 successfully authorized
2026-04-13 13:26:28 [http-nio-8080-exec-3] DEBUG [LoggingServiceImp] - [security_shared] RequiresAuthAspect - User HuyS1 successfully authorized for method: getByUserId with roles: ADMIN, STUDENT, TEACHER and permissions: STUDENT_READ, TEACHER_READ
2026-04-13 13:26:28 [http-nio-8080-exec-3] DEBUG [RateLimiterAspect] - Created or retrieved rate limiter 'student-controller' with period: 'PT1M'; limit for period: '100'; timeout: 'PT0S'; method: 'com.common.QLSV.controllers.StudentController#getByUserId'
2026-04-13 13:26:28 [http-nio-8080-exec-3] INFO  [LoggingServiceImp] - [qlsv] StudentController - Get student by userId: 2 called successfully by user: HuyS1
2026-04-13 13:26:28 [http-nio-8080-exec-3] DEBUG [CircuitBreakerAspect] - Created or retrieved circuit breaker 'qlsv-service' with failure rate '50.0' for method: 'com.common.QLSV.services.imp.StudentServiceImp#getByUserId'
2026-04-13 13:26:28 [http-nio-8080-exec-3] INFO  [LoggingServiceImp] - [qlsv] StudentServiceImp - Get student by userId from cache: students:user:2
2026-04-13 13:26:28 [http-nio-8080-exec-3] DEBUG [CircuitBreakerStateMachine] - CircuitBreaker 'qlsv-service' succeeded:
2026-04-13 13:29:57 [restartedMain] INFO  [QlsvApplication] - Starting QlsvApplication using Java 17.0.12 with PID 16964 (D:\project IntelliJ Ultimate\modules-parent\qlsv\target\classes started by tranhuy in D:\project IntelliJ Ultimate\modules-parent\qlsv)
2026-04-13 13:29:57 [restartedMain] DEBUG [QlsvApplication] - Running with Spring Boot v3.5.0, Spring v6.2.7
2026-04-13 13:29:57 [restartedMain] INFO  [QlsvApplication] - No active profile set, falling back to 1 default profile: "default"
2026-04-13 13:29:57 [restartedMain] DEBUG [RxJava2OnClasspathCondition] - RxJava2 related Aspect extensions are not activated, because RxJava2 is not on the classpath.
2026-04-13 13:29:57 [restartedMain] DEBUG [ReactorOnClasspathCondition] - Reactor related Aspect extensions are not activated because Resilience4j Reactor module is not on the classpath.
2026-04-13 13:29:57 [restartedMain] DEBUG [RxJava2OnClasspathCondition] - RxJava2 related Aspect extensions are not activated, because RxJava2 is not on the classpath.
2026-04-13 13:29:57 [restartedMain] DEBUG [ReactorOnClasspathCondition] - Reactor related Aspect extensions are not activated because Resilience4j Reactor module is not on the classpath.
2026-04-13 13:29:57 [restartedMain] DEBUG [RxJava2OnClasspathCondition] - RxJava2 related Aspect extensions are not activated, because RxJava2 is not on the classpath.
2026-04-13 13:29:57 [restartedMain] DEBUG [ReactorOnClasspathCondition] - Reactor related Aspect extensions are not activated because Resilience4j Reactor module is not on the classpath.
2026-04-13 13:29:57 [restartedMain] DEBUG [RxJava2OnClasspathCondition] - RxJava2 related Aspect extensions are not activated, because RxJava2 is not on the classpath.
2026-04-13 13:29:57 [restartedMain] DEBUG [ReactorOnClasspathCondition] - Reactor related Aspect extensions are not activated because Resilience4j Reactor module is not on the classpath.
2026-04-13 13:29:57 [restartedMain] DEBUG [RxJava2OnClasspathCondition] - RxJava2 related Aspect extensions are not activated, because RxJava2 is not on the classpath.
2026-04-13 13:29:57 [restartedMain] DEBUG [ReactorOnClasspathCondition] - Reactor related Aspect extensions are not activated because Resilience4j Reactor module is not on the classpath.
2026-04-13 13:29:58 [restartedMain] DEBUG [RxJava2OnClasspathCondition] - RxJava2 related Aspect extensions are not activated, because RxJava2 is not on the classpath.
2026-04-13 13:29:58 [restartedMain] DEBUG [ReactorOnClasspathCondition] - Reactor related Aspect extensions are not activated because Resilience4j Reactor module is not on the classpath.
2026-04-13 13:29:59 [restartedMain] WARN  [deprecation] - HHH90000025: MySQL8Dialect does not need to be specified explicitly using 'hibernate.dialect' (remove the property setting and it will be selected by default)
2026-04-13 13:29:59 [restartedMain] WARN  [deprecation] - HHH90000026: MySQL8Dialect has been deprecated; use org.hibernate.dialect.MySQLDialect instead
2026-04-13 13:30:01 [restartedMain] WARN  [JpaBaseConfiguration$JpaWebConfiguration] - spring.jpa.open-in-view is enabled by default. Therefore, database queries may be performed during view rendering. Explicitly configure spring.jpa.open-in-view to disable this warning
2026-04-13 13:30:01 [restartedMain] DEBUG [Mappings] - 
	c.c.Q.c.StudentController:
	{GET [/students]}: get(String,UserDto)
	{PUT [/students/{id}]}: update(Integer,UpdateEntityModel,String,UserDto)
	{GET [/students/filter]}: filter(Integer,String,String,Integer,Gender,String,String,Double,String,String,Boolean,String,UserDto)
	{DELETE [/students]}: delete(List,String,UserDto)
	{DELETE [/students/cache]}: clearCache(String,UserDto)
	{GET [/students/{userId}]}: getByUserId(Integer,String,UserDto)
	{GET [/students/by-class/{schoolClass}]}: getBySchoolClass(String,String,UserDto)
	{GET [/students/paged]}: getPaged(int,int,String,String,String,UserDto)
2026-04-13 13:30:01 [restartedMain] DEBUG [Mappings] - 
	o.s.b.a.w.s.e.BasicErrorController:
	{ [/error]}: error(HttpServletRequest)
	{ [/error], produces [text/html]}: errorHtml(HttpServletRequest,HttpServletResponse)
2026-04-13 13:30:01 [restartedMain] DEBUG [Mappings] - 'beanNameHandlerMapping' {}
2026-04-13 13:30:01 [restartedMain] DEBUG [Mappings] - 'resourceHandlerMapping' {/webjars/**=ResourceHttpRequestHandler [classpath [META-INF/resources/webjars/]], /**=ResourceHttpRequestHandler [classpath [META-INF/resources/], classpath [resources/], classpath [static/], classpath [public/], ServletContext [/]]}
2026-04-13 13:30:02 [restartedMain] WARN  [ThymeleafAutoConfiguration$DefaultTemplateResolverConfiguration] - Cannot find template location: classpath:/templates/ (please add some templates, check your Thymeleaf configuration, or set spring.thymeleaf.check-template-location=false)
2026-04-13 13:30:04 [restartedMain] INFO  [QlsvApplication] - Started QlsvApplication in 7.48 seconds (process running for 281.015)
2026-04-13 13:30:07 [restartedMain] INFO  [QlsvApplication] - Starting QlsvApplication using Java 17.0.12 with PID 16964 (D:\project IntelliJ Ultimate\modules-parent\qlsv\target\classes started by tranhuy in D:\project IntelliJ Ultimate\modules-parent\qlsv)
2026-04-13 13:30:07 [restartedMain] DEBUG [QlsvApplication] - Running with Spring Boot v3.5.0, Spring v6.2.7
2026-04-13 13:30:07 [restartedMain] INFO  [QlsvApplication] - No active profile set, falling back to 1 default profile: "default"
2026-04-13 13:30:08 [restartedMain] DEBUG [RxJava2OnClasspathCondition] - RxJava2 related Aspect extensions are not activated, because RxJava2 is not on the classpath.
2026-04-13 13:30:08 [restartedMain] DEBUG [ReactorOnClasspathCondition] - Reactor related Aspect extensions are not activated because Resilience4j Reactor module is not on the classpath.
2026-04-13 13:30:08 [restartedMain] DEBUG [RxJava2OnClasspathCondition] - RxJava2 related Aspect extensions are not activated, because RxJava2 is not on the classpath.
2026-04-13 13:30:08 [restartedMain] DEBUG [ReactorOnClasspathCondition] - Reactor related Aspect extensions are not activated because Resilience4j Reactor module is not on the classpath.
2026-04-13 13:30:08 [restartedMain] DEBUG [RxJava2OnClasspathCondition] - RxJava2 related Aspect extensions are not activated, because RxJava2 is not on the classpath.
2026-04-13 13:30:08 [restartedMain] DEBUG [ReactorOnClasspathCondition] - Reactor related Aspect extensions are not activated because Resilience4j Reactor module is not on the classpath.
2026-04-13 13:30:08 [restartedMain] DEBUG [RxJava2OnClasspathCondition] - RxJava2 related Aspect extensions are not activated, because RxJava2 is not on the classpath.
2026-04-13 13:30:08 [restartedMain] DEBUG [ReactorOnClasspathCondition] - Reactor related Aspect extensions are not activated because Resilience4j Reactor module is not on the classpath.
2026-04-13 13:30:08 [restartedMain] DEBUG [RxJava2OnClasspathCondition] - RxJava2 related Aspect extensions are not activated, because RxJava2 is not on the classpath.
2026-04-13 13:30:08 [restartedMain] DEBUG [ReactorOnClasspathCondition] - Reactor related Aspect extensions are not activated because Resilience4j Reactor module is not on the classpath.
2026-04-13 13:30:08 [restartedMain] DEBUG [RxJava2OnClasspathCondition] - RxJava2 related Aspect extensions are not activated, because RxJava2 is not on the classpath.
2026-04-13 13:30:08 [restartedMain] DEBUG [ReactorOnClasspathCondition] - Reactor related Aspect extensions are not activated because Resilience4j Reactor module is not on the classpath.
2026-04-13 13:30:09 [restartedMain] WARN  [deprecation] - HHH90000025: MySQL8Dialect does not need to be specified explicitly using 'hibernate.dialect' (remove the property setting and it will be selected by default)
2026-04-13 13:30:09 [restartedMain] WARN  [deprecation] - HHH90000026: MySQL8Dialect has been deprecated; use org.hibernate.dialect.MySQLDialect instead
2026-04-13 13:30:12 [restartedMain] WARN  [JpaBaseConfiguration$JpaWebConfiguration] - spring.jpa.open-in-view is enabled by default. Therefore, database queries may be performed during view rendering. Explicitly configure spring.jpa.open-in-view to disable this warning
2026-04-13 13:30:12 [restartedMain] DEBUG [Mappings] - 
	c.c.Q.c.StudentController:
	{GET [/students]}: get(String,UserDto)
	{PUT [/students/{id}]}: update(Integer,UpdateEntityModel,String,UserDto)
	{GET [/students/filter]}: filter(Integer,String,String,Integer,Gender,String,String,Double,String,String,Boolean,String,UserDto)
	{DELETE [/students]}: delete(List,String,UserDto)
	{DELETE [/students/cache]}: clearCache(String,UserDto)
	{GET [/students/{userId}]}: getByUserId(Integer,String,UserDto)
	{GET [/students/by-class/{schoolClass}]}: getBySchoolClass(String,String,UserDto)
	{GET [/students/paged]}: getPaged(int,int,String,String,String,UserDto)
2026-04-13 13:30:12 [restartedMain] DEBUG [Mappings] - 
	o.s.b.a.w.s.e.BasicErrorController:
	{ [/error]}: error(HttpServletRequest)
	{ [/error], produces [text/html]}: errorHtml(HttpServletRequest,HttpServletResponse)
2026-04-13 13:30:12 [restartedMain] DEBUG [Mappings] - 'beanNameHandlerMapping' {}
2026-04-13 13:30:12 [restartedMain] DEBUG [Mappings] - 'resourceHandlerMapping' {/webjars/**=ResourceHttpRequestHandler [classpath [META-INF/resources/webjars/]], /**=ResourceHttpRequestHandler [classpath [META-INF/resources/], classpath [resources/], classpath [static/], classpath [public/], ServletContext [/]]}
2026-04-13 13:30:12 [restartedMain] WARN  [ThymeleafAutoConfiguration$DefaultTemplateResolverConfiguration] - Cannot find template location: classpath:/templates/ (please add some templates, check your Thymeleaf configuration, or set spring.thymeleaf.check-template-location=false)
2026-04-13 13:30:14 [restartedMain] INFO  [QlsvApplication] - Started QlsvApplication in 7.222 seconds (process running for 291.349)
2026-04-13 13:30:16 [restartedMain] INFO  [QlsvApplication] - Starting QlsvApplication using Java 17.0.12 with PID 16964 (D:\project IntelliJ Ultimate\modules-parent\qlsv\target\classes started by tranhuy in D:\project IntelliJ Ultimate\modules-parent\qlsv)
2026-04-13 13:30:16 [restartedMain] DEBUG [QlsvApplication] - Running with Spring Boot v3.5.0, Spring v6.2.7
2026-04-13 13:30:16 [restartedMain] INFO  [QlsvApplication] - No active profile set, falling back to 1 default profile: "default"
2026-04-13 13:30:18 [restartedMain] DEBUG [RxJava2OnClasspathCondition] - RxJava2 related Aspect extensions are not activated, because RxJava2 is not on the classpath.
2026-04-13 13:30:18 [restartedMain] DEBUG [ReactorOnClasspathCondition] - Reactor related Aspect extensions are not activated because Resilience4j Reactor module is not on the classpath.
2026-04-13 13:30:18 [restartedMain] DEBUG [RxJava2OnClasspathCondition] - RxJava2 related Aspect extensions are not activated, because RxJava2 is not on the classpath.
2026-04-13 13:30:18 [restartedMain] DEBUG [ReactorOnClasspathCondition] - Reactor related Aspect extensions are not activated because Resilience4j Reactor module is not on the classpath.
2026-04-13 13:30:18 [restartedMain] DEBUG [RxJava2OnClasspathCondition] - RxJava2 related Aspect extensions are not activated, because RxJava2 is not on the classpath.
2026-04-13 13:30:18 [restartedMain] DEBUG [ReactorOnClasspathCondition] - Reactor related Aspect extensions are not activated because Resilience4j Reactor module is not on the classpath.
2026-04-13 13:30:18 [restartedMain] DEBUG [RxJava2OnClasspathCondition] - RxJava2 related Aspect extensions are not activated, because RxJava2 is not on the classpath.
2026-04-13 13:30:18 [restartedMain] DEBUG [ReactorOnClasspathCondition] - Reactor related Aspect extensions are not activated because Resilience4j Reactor module is not on the classpath.
2026-04-13 13:30:18 [restartedMain] DEBUG [RxJava2OnClasspathCondition] - RxJava2 related Aspect extensions are not activated, because RxJava2 is not on the classpath.
2026-04-13 13:30:18 [restartedMain] DEBUG [ReactorOnClasspathCondition] - Reactor related Aspect extensions are not activated because Resilience4j Reactor module is not on the classpath.
2026-04-13 13:30:18 [restartedMain] DEBUG [RxJava2OnClasspathCondition] - RxJava2 related Aspect extensions are not activated, because RxJava2 is not on the classpath.
2026-04-13 13:30:18 [restartedMain] DEBUG [ReactorOnClasspathCondition] - Reactor related Aspect extensions are not activated because Resilience4j Reactor module is not on the classpath.
2026-04-13 13:30:19 [restartedMain] WARN  [deprecation] - HHH90000025: MySQL8Dialect does not need to be specified explicitly using 'hibernate.dialect' (remove the property setting and it will be selected by default)
2026-04-13 13:30:19 [restartedMain] WARN  [deprecation] - HHH90000026: MySQL8Dialect has been deprecated; use org.hibernate.dialect.MySQLDialect instead
2026-04-13 13:30:20 [restartedMain] WARN  [JpaBaseConfiguration$JpaWebConfiguration] - spring.jpa.open-in-view is enabled by default. Therefore, database queries may be performed during view rendering. Explicitly configure spring.jpa.open-in-view to disable this warning
2026-04-13 13:30:21 [restartedMain] DEBUG [Mappings] - 
	c.c.Q.c.StudentController:
	{GET [/students]}: get(String,UserDto)
	{PUT [/students/{id}]}: update(Integer,UpdateEntityModel,String,UserDto)
	{GET [/students/filter]}: filter(Integer,String,String,Integer,Gender,String,String,Double,String,String,Boolean,String,UserDto)
	{DELETE [/students]}: delete(List,String,UserDto)
	{DELETE [/students/cache]}: clearCache(String,UserDto)
	{GET [/students/{userId}]}: getByUserId(Integer,String,UserDto)
	{GET [/students/by-class/{schoolClass}]}: getBySchoolClass(String,String,UserDto)
	{GET [/students/paged]}: getPaged(int,int,String,String,String,UserDto)
2026-04-13 13:30:21 [restartedMain] DEBUG [Mappings] - 
	o.s.b.a.w.s.e.BasicErrorController:
	{ [/error]}: error(HttpServletRequest)
	{ [/error], produces [text/html]}: errorHtml(HttpServletRequest,HttpServletResponse)
2026-04-13 13:30:21 [restartedMain] DEBUG [Mappings] - 'beanNameHandlerMapping' {}
2026-04-13 13:30:21 [restartedMain] DEBUG [Mappings] - 'resourceHandlerMapping' {/webjars/**=ResourceHttpRequestHandler [classpath [META-INF/resources/webjars/]], /**=ResourceHttpRequestHandler [classpath [META-INF/resources/], classpath [resources/], classpath [static/], classpath [public/], ServletContext [/]]}
2026-04-13 13:30:21 [restartedMain] WARN  [ThymeleafAutoConfiguration$DefaultTemplateResolverConfiguration] - Cannot find template location: classpath:/templates/ (please add some templates, check your Thymeleaf configuration, or set spring.thymeleaf.check-template-location=false)
2026-04-13 13:30:23 [restartedMain] INFO  [QlsvApplication] - Started QlsvApplication in 6.576 seconds (process running for 300.043)
2026-04-13 13:30:25 [restartedMain] INFO  [QlsvApplication] - Starting QlsvApplication using Java 17.0.12 with PID 16964 (D:\project IntelliJ Ultimate\modules-parent\qlsv\target\classes started by tranhuy in D:\project IntelliJ Ultimate\modules-parent\qlsv)
2026-04-13 13:30:25 [restartedMain] DEBUG [QlsvApplication] - Running with Spring Boot v3.5.0, Spring v6.2.7
2026-04-13 13:30:25 [restartedMain] INFO  [QlsvApplication] - No active profile set, falling back to 1 default profile: "default"
2026-04-13 13:30:26 [restartedMain] DEBUG [RxJava2OnClasspathCondition] - RxJava2 related Aspect extensions are not activated, because RxJava2 is not on the classpath.
2026-04-13 13:30:26 [restartedMain] DEBUG [ReactorOnClasspathCondition] - Reactor related Aspect extensions are not activated because Resilience4j Reactor module is not on the classpath.
2026-04-13 13:30:26 [restartedMain] DEBUG [RxJava2OnClasspathCondition] - RxJava2 related Aspect extensions are not activated, because RxJava2 is not on the classpath.
2026-04-13 13:30:26 [restartedMain] DEBUG [ReactorOnClasspathCondition] - Reactor related Aspect extensions are not activated because Resilience4j Reactor module is not on the classpath.
2026-04-13 13:30:26 [restartedMain] DEBUG [RxJava2OnClasspathCondition] - RxJava2 related Aspect extensions are not activated, because RxJava2 is not on the classpath.
2026-04-13 13:30:26 [restartedMain] DEBUG [ReactorOnClasspathCondition] - Reactor related Aspect extensions are not activated because Resilience4j Reactor module is not on the classpath.
2026-04-13 13:30:26 [restartedMain] DEBUG [RxJava2OnClasspathCondition] - RxJava2 related Aspect extensions are not activated, because RxJava2 is not on the classpath.
2026-04-13 13:30:26 [restartedMain] DEBUG [ReactorOnClasspathCondition] - Reactor related Aspect extensions are not activated because Resilience4j Reactor module is not on the classpath.
2026-04-13 13:30:26 [restartedMain] DEBUG [RxJava2OnClasspathCondition] - RxJava2 related Aspect extensions are not activated, because RxJava2 is not on the classpath.
2026-04-13 13:30:26 [restartedMain] DEBUG [ReactorOnClasspathCondition] - Reactor related Aspect extensions are not activated because Resilience4j Reactor module is not on the classpath.
2026-04-13 13:30:26 [restartedMain] DEBUG [RxJava2OnClasspathCondition] - RxJava2 related Aspect extensions are not activated, because RxJava2 is not on the classpath.
2026-04-13 13:30:26 [restartedMain] DEBUG [ReactorOnClasspathCondition] - Reactor related Aspect extensions are not activated because Resilience4j Reactor module is not on the classpath.
2026-04-13 13:30:27 [restartedMain] WARN  [deprecation] - HHH90000025: MySQL8Dialect does not need to be specified explicitly using 'hibernate.dialect' (remove the property setting and it will be selected by default)
2026-04-13 13:30:27 [restartedMain] WARN  [deprecation] - HHH90000026: MySQL8Dialect has been deprecated; use org.hibernate.dialect.MySQLDialect instead
2026-04-13 13:30:29 [restartedMain] WARN  [JpaBaseConfiguration$JpaWebConfiguration] - spring.jpa.open-in-view is enabled by default. Therefore, database queries may be performed during view rendering. Explicitly configure spring.jpa.open-in-view to disable this warning
2026-04-13 13:30:29 [restartedMain] DEBUG [Mappings] - 
	c.c.Q.c.StudentController:
	{GET [/students]}: get(String,UserDto)
	{PUT [/students/{id}]}: update(Integer,UpdateEntityModel,String,UserDto)
	{GET [/students/filter]}: filter(Integer,String,String,Integer,Gender,String,String,Double,String,String,Boolean,String,UserDto)
	{DELETE [/students]}: delete(List,String,UserDto)
	{DELETE [/students/cache]}: clearCache(String,UserDto)
	{GET [/students/{userId}]}: getByUserId(Integer,String,UserDto)
	{GET [/students/by-class/{schoolClass}]}: getBySchoolClass(String,String,UserDto)
	{GET [/students/paged]}: getPaged(int,int,String,String,String,UserDto)
2026-04-13 13:30:29 [restartedMain] DEBUG [Mappings] - 
	o.s.b.a.w.s.e.BasicErrorController:
	{ [/error]}: error(HttpServletRequest)
	{ [/error], produces [text/html]}: errorHtml(HttpServletRequest,HttpServletResponse)
2026-04-13 13:30:29 [restartedMain] DEBUG [Mappings] - 'beanNameHandlerMapping' {}
2026-04-13 13:30:29 [restartedMain] DEBUG [Mappings] - 'resourceHandlerMapping' {/webjars/**=ResourceHttpRequestHandler [classpath [META-INF/resources/webjars/]], /**=ResourceHttpRequestHandler [classpath [META-INF/resources/], classpath [resources/], classpath [static/], classpath [public/], ServletContext [/]]}
2026-04-13 13:30:29 [restartedMain] WARN  [ThymeleafAutoConfiguration$DefaultTemplateResolverConfiguration] - Cannot find template location: classpath:/templates/ (please add some templates, check your Thymeleaf configuration, or set spring.thymeleaf.check-template-location=false)
2026-04-13 13:30:30 [restartedMain] INFO  [QlsvApplication] - Started QlsvApplication in 4.573 seconds (process running for 307.034)
2026-04-13 13:30:32 [restartedMain] INFO  [QlsvApplication] - Starting QlsvApplication using Java 17.0.12 with PID 16964 (D:\project IntelliJ Ultimate\modules-parent\qlsv\target\classes started by tranhuy in D:\project IntelliJ Ultimate\modules-parent\qlsv)
2026-04-13 13:30:32 [restartedMain] DEBUG [QlsvApplication] - Running with Spring Boot v3.5.0, Spring v6.2.7
2026-04-13 13:30:32 [restartedMain] INFO  [QlsvApplication] - No active profile set, falling back to 1 default profile: "default"
2026-04-13 13:30:33 [restartedMain] DEBUG [RxJava2OnClasspathCondition] - RxJava2 related Aspect extensions are not activated, because RxJava2 is not on the classpath.
2026-04-13 13:30:33 [restartedMain] DEBUG [ReactorOnClasspathCondition] - Reactor related Aspect extensions are not activated because Resilience4j Reactor module is not on the classpath.
2026-04-13 13:30:33 [restartedMain] DEBUG [RxJava2OnClasspathCondition] - RxJava2 related Aspect extensions are not activated, because RxJava2 is not on the classpath.
2026-04-13 13:30:33 [restartedMain] DEBUG [ReactorOnClasspathCondition] - Reactor related Aspect extensions are not activated because Resilience4j Reactor module is not on the classpath.
2026-04-13 13:30:33 [restartedMain] DEBUG [RxJava2OnClasspathCondition] - RxJava2 related Aspect extensions are not activated, because RxJava2 is not on the classpath.
2026-04-13 13:30:33 [restartedMain] DEBUG [ReactorOnClasspathCondition] - Reactor related Aspect extensions are not activated because Resilience4j Reactor module is not on the classpath.
2026-04-13 13:30:33 [restartedMain] DEBUG [RxJava2OnClasspathCondition] - RxJava2 related Aspect extensions are not activated, because RxJava2 is not on the classpath.
2026-04-13 13:30:33 [restartedMain] DEBUG [ReactorOnClasspathCondition] - Reactor related Aspect extensions are not activated because Resilience4j Reactor module is not on the classpath.
2026-04-13 13:30:33 [restartedMain] DEBUG [RxJava2OnClasspathCondition] - RxJava2 related Aspect extensions are not activated, because RxJava2 is not on the classpath.
2026-04-13 13:30:33 [restartedMain] DEBUG [ReactorOnClasspathCondition] - Reactor related Aspect extensions are not activated because Resilience4j Reactor module is not on the classpath.
2026-04-13 13:30:33 [restartedMain] DEBUG [RxJava2OnClasspathCondition] - RxJava2 related Aspect extensions are not activated, because RxJava2 is not on the classpath.
2026-04-13 13:30:33 [restartedMain] DEBUG [ReactorOnClasspathCondition] - Reactor related Aspect extensions are not activated because Resilience4j Reactor module is not on the classpath.
2026-04-13 13:30:34 [restartedMain] WARN  [deprecation] - HHH90000025: MySQL8Dialect does not need to be specified explicitly using 'hibernate.dialect' (remove the property setting and it will be selected by default)
2026-04-13 13:30:34 [restartedMain] WARN  [deprecation] - HHH90000026: MySQL8Dialect has been deprecated; use org.hibernate.dialect.MySQLDialect instead
2026-04-13 13:30:36 [restartedMain] WARN  [JpaBaseConfiguration$JpaWebConfiguration] - spring.jpa.open-in-view is enabled by default. Therefore, database queries may be performed during view rendering. Explicitly configure spring.jpa.open-in-view to disable this warning
2026-04-13 13:30:36 [restartedMain] DEBUG [Mappings] - 
	c.c.Q.c.StudentController:
	{GET [/students]}: get(String,UserDto)
	{PUT [/students/{id}]}: update(Integer,UpdateEntityModel,String,UserDto)
	{GET [/students/filter]}: filter(Integer,String,String,Integer,Gender,String,String,Double,String,String,Boolean,String,UserDto)
	{DELETE [/students]}: delete(List,String,UserDto)
	{DELETE [/students/cache]}: clearCache(String,UserDto)
	{GET [/students/{userId}]}: getByUserId(Integer,String,UserDto)
	{GET [/students/by-class/{schoolClass}]}: getBySchoolClass(String,String,UserDto)
	{GET [/students/paged]}: getPaged(int,int,String,String,String,UserDto)
2026-04-13 13:30:36 [restartedMain] DEBUG [Mappings] - 
	o.s.b.a.w.s.e.BasicErrorController:
	{ [/error]}: error(HttpServletRequest)
	{ [/error], produces [text/html]}: errorHtml(HttpServletRequest,HttpServletResponse)
2026-04-13 13:30:36 [restartedMain] DEBUG [Mappings] - 'beanNameHandlerMapping' {}
2026-04-13 13:30:36 [restartedMain] DEBUG [Mappings] - 'resourceHandlerMapping' {/webjars/**=ResourceHttpRequestHandler [classpath [META-INF/resources/webjars/]], /**=ResourceHttpRequestHandler [classpath [META-INF/resources/], classpath [resources/], classpath [static/], classpath [public/], ServletContext [/]]}
2026-04-13 13:30:36 [restartedMain] WARN  [ThymeleafAutoConfiguration$DefaultTemplateResolverConfiguration] - Cannot find template location: classpath:/templates/ (please add some templates, check your Thymeleaf configuration, or set spring.thymeleaf.check-template-location=false)
2026-04-13 13:30:37 [restartedMain] INFO  [QlsvApplication] - Started QlsvApplication in 5.398 seconds (process running for 314.446)
2026-04-13 13:30:39 [restartedMain] INFO  [QlsvApplication] - Starting QlsvApplication using Java 17.0.12 with PID 16964 (D:\project IntelliJ Ultimate\modules-parent\qlsv\target\classes started by tranhuy in D:\project IntelliJ Ultimate\modules-parent\qlsv)
2026-04-13 13:30:39 [restartedMain] DEBUG [QlsvApplication] - Running with Spring Boot v3.5.0, Spring v6.2.7
2026-04-13 13:30:39 [restartedMain] INFO  [QlsvApplication] - No active profile set, falling back to 1 default profile: "default"
2026-04-13 13:30:40 [restartedMain] DEBUG [RxJava2OnClasspathCondition] - RxJava2 related Aspect extensions are not activated, because RxJava2 is not on the classpath.
2026-04-13 13:30:40 [restartedMain] DEBUG [ReactorOnClasspathCondition] - Reactor related Aspect extensions are not activated because Resilience4j Reactor module is not on the classpath.
2026-04-13 13:30:40 [restartedMain] DEBUG [RxJava2OnClasspathCondition] - RxJava2 related Aspect extensions are not activated, because RxJava2 is not on the classpath.
2026-04-13 13:30:40 [restartedMain] DEBUG [ReactorOnClasspathCondition] - Reactor related Aspect extensions are not activated because Resilience4j Reactor module is not on the classpath.
2026-04-13 13:30:40 [restartedMain] DEBUG [RxJava2OnClasspathCondition] - RxJava2 related Aspect extensions are not activated, because RxJava2 is not on the classpath.
2026-04-13 13:30:40 [restartedMain] DEBUG [ReactorOnClasspathCondition] - Reactor related Aspect extensions are not activated because Resilience4j Reactor module is not on the classpath.
2026-04-13 13:30:40 [restartedMain] DEBUG [RxJava2OnClasspathCondition] - RxJava2 related Aspect extensions are not activated, because RxJava2 is not on the classpath.
2026-04-13 13:30:40 [restartedMain] DEBUG [ReactorOnClasspathCondition] - Reactor related Aspect extensions are not activated because Resilience4j Reactor module is not on the classpath.
2026-04-13 13:30:40 [restartedMain] DEBUG [RxJava2OnClasspathCondition] - RxJava2 related Aspect extensions are not activated, because RxJava2 is not on the classpath.
2026-04-13 13:30:40 [restartedMain] DEBUG [ReactorOnClasspathCondition] - Reactor related Aspect extensions are not activated because Resilience4j Reactor module is not on the classpath.
2026-04-13 13:30:40 [restartedMain] DEBUG [RxJava2OnClasspathCondition] - RxJava2 related Aspect extensions are not activated, because RxJava2 is not on the classpath.
2026-04-13 13:30:40 [restartedMain] DEBUG [ReactorOnClasspathCondition] - Reactor related Aspect extensions are not activated because Resilience4j Reactor module is not on the classpath.
2026-04-13 13:30:41 [restartedMain] WARN  [deprecation] - HHH90000025: MySQL8Dialect does not need to be specified explicitly using 'hibernate.dialect' (remove the property setting and it will be selected by default)
2026-04-13 13:30:41 [restartedMain] WARN  [deprecation] - HHH90000026: MySQL8Dialect has been deprecated; use org.hibernate.dialect.MySQLDialect instead
2026-04-13 13:30:42 [restartedMain] WARN  [JpaBaseConfiguration$JpaWebConfiguration] - spring.jpa.open-in-view is enabled by default. Therefore, database queries may be performed during view rendering. Explicitly configure spring.jpa.open-in-view to disable this warning
2026-04-13 13:30:42 [restartedMain] DEBUG [Mappings] - 
	c.c.Q.c.StudentController:
	{GET [/students]}: get(String,UserDto)
	{PUT [/students/{id}]}: update(Integer,UpdateEntityModel,String,UserDto)
	{GET [/students/filter]}: filter(Integer,String,String,Integer,Gender,String,String,Double,String,String,Boolean,String,UserDto)
	{DELETE [/students]}: delete(List,String,UserDto)
	{DELETE [/students/cache]}: clearCache(String,UserDto)
	{GET [/students/{userId}]}: getByUserId(Integer,String,UserDto)
	{GET [/students/by-class/{schoolClass}]}: getBySchoolClass(String,String,UserDto)
	{GET [/students/paged]}: getPaged(int,int,String,String,String,UserDto)
2026-04-13 13:30:42 [restartedMain] DEBUG [Mappings] - 
	o.s.b.a.w.s.e.BasicErrorController:
	{ [/error]}: error(HttpServletRequest)
	{ [/error], produces [text/html]}: errorHtml(HttpServletRequest,HttpServletResponse)
2026-04-13 13:30:42 [restartedMain] DEBUG [Mappings] - 'beanNameHandlerMapping' {}
2026-04-13 13:30:42 [restartedMain] DEBUG [Mappings] - 'resourceHandlerMapping' {/webjars/**=ResourceHttpRequestHandler [classpath [META-INF/resources/webjars/]], /**=ResourceHttpRequestHandler [classpath [META-INF/resources/], classpath [resources/], classpath [static/], classpath [public/], ServletContext [/]]}
2026-04-13 13:30:42 [restartedMain] WARN  [ThymeleafAutoConfiguration$DefaultTemplateResolverConfiguration] - Cannot find template location: classpath:/templates/ (please add some templates, check your Thymeleaf configuration, or set spring.thymeleaf.check-template-location=false)
2026-04-13 13:30:44 [restartedMain] INFO  [QlsvApplication] - Started QlsvApplication in 4.417 seconds (process running for 320.717)
2026-04-13 13:31:16 [restartedMain] INFO  [QlsvApplication] - Starting QlsvApplication using Java 17.0.12 with PID 16964 (D:\project IntelliJ Ultimate\modules-parent\qlsv\target\classes started by tranhuy in D:\project IntelliJ Ultimate\modules-parent\qlsv)
2026-04-13 13:31:16 [restartedMain] DEBUG [QlsvApplication] - Running with Spring Boot v3.5.0, Spring v6.2.7
2026-04-13 13:31:16 [restartedMain] INFO  [QlsvApplication] - No active profile set, falling back to 1 default profile: "default"
2026-04-13 13:31:16 [restartedMain] DEBUG [RxJava2OnClasspathCondition] - RxJava2 related Aspect extensions are not activated, because RxJava2 is not on the classpath.
2026-04-13 13:31:16 [restartedMain] DEBUG [ReactorOnClasspathCondition] - Reactor related Aspect extensions are not activated because Resilience4j Reactor module is not on the classpath.
2026-04-13 13:31:16 [restartedMain] DEBUG [RxJava2OnClasspathCondition] - RxJava2 related Aspect extensions are not activated, because RxJava2 is not on the classpath.
2026-04-13 13:31:16 [restartedMain] DEBUG [ReactorOnClasspathCondition] - Reactor related Aspect extensions are not activated because Resilience4j Reactor module is not on the classpath.
2026-04-13 13:31:16 [restartedMain] DEBUG [RxJava2OnClasspathCondition] - RxJava2 related Aspect extensions are not activated, because RxJava2 is not on the classpath.
2026-04-13 13:31:16 [restartedMain] DEBUG [ReactorOnClasspathCondition] - Reactor related Aspect extensions are not activated because Resilience4j Reactor module is not on the classpath.
2026-04-13 13:31:16 [restartedMain] DEBUG [RxJava2OnClasspathCondition] - RxJava2 related Aspect extensions are not activated, because RxJava2 is not on the classpath.
2026-04-13 13:31:16 [restartedMain] DEBUG [ReactorOnClasspathCondition] - Reactor related Aspect extensions are not activated because Resilience4j Reactor module is not on the classpath.
2026-04-13 13:31:17 [restartedMain] DEBUG [RxJava2OnClasspathCondition] - RxJava2 related Aspect extensions are not activated, because RxJava2 is not on the classpath.
2026-04-13 13:31:17 [restartedMain] DEBUG [ReactorOnClasspathCondition] - Reactor related Aspect extensions are not activated because Resilience4j Reactor module is not on the classpath.
2026-04-13 13:31:17 [restartedMain] DEBUG [RxJava2OnClasspathCondition] - RxJava2 related Aspect extensions are not activated, because RxJava2 is not on the classpath.
2026-04-13 13:31:17 [restartedMain] DEBUG [ReactorOnClasspathCondition] - Reactor related Aspect extensions are not activated because Resilience4j Reactor module is not on the classpath.
2026-04-13 13:31:18 [restartedMain] WARN  [deprecation] - HHH90000025: MySQL8Dialect does not need to be specified explicitly using 'hibernate.dialect' (remove the property setting and it will be selected by default)
2026-04-13 13:31:18 [restartedMain] WARN  [deprecation] - HHH90000026: MySQL8Dialect has been deprecated; use org.hibernate.dialect.MySQLDialect instead
2026-04-13 13:31:19 [restartedMain] WARN  [JpaBaseConfiguration$JpaWebConfiguration] - spring.jpa.open-in-view is enabled by default. Therefore, database queries may be performed during view rendering. Explicitly configure spring.jpa.open-in-view to disable this warning
2026-04-13 13:31:19 [restartedMain] DEBUG [Mappings] - 
	c.c.Q.c.StudentController:
	{GET [/students]}: get(String,UserDto)
	{PUT [/students/{id}]}: update(Integer,UpdateEntityModel,String,UserDto)
	{GET [/students/filter]}: filter(Integer,String,String,Integer,Gender,String,String,Double,String,String,Boolean,String,UserDto)
	{DELETE [/students]}: delete(List,String,UserDto)
	{DELETE [/students/cache]}: clearCache(String,UserDto)
	{GET [/students/{userId}]}: getByUserId(Integer,String,UserDto)
	{GET [/students/by-class/{schoolClass}]}: getBySchoolClass(String,String,UserDto)
	{GET [/students/paged]}: getPaged(int,int,String,String,String,UserDto)
2026-04-13 13:31:19 [restartedMain] DEBUG [Mappings] - 
	o.s.b.a.w.s.e.BasicErrorController:
	{ [/error]}: error(HttpServletRequest)
	{ [/error], produces [text/html]}: errorHtml(HttpServletRequest,HttpServletResponse)
2026-04-13 13:31:19 [restartedMain] DEBUG [Mappings] - 'beanNameHandlerMapping' {}
2026-04-13 13:31:19 [restartedMain] DEBUG [Mappings] - 'resourceHandlerMapping' {/webjars/**=ResourceHttpRequestHandler [classpath [META-INF/resources/webjars/]], /**=ResourceHttpRequestHandler [classpath [META-INF/resources/], classpath [resources/], classpath [static/], classpath [public/], ServletContext [/]]}
2026-04-13 13:31:19 [restartedMain] WARN  [ThymeleafAutoConfiguration$DefaultTemplateResolverConfiguration] - Cannot find template location: classpath:/templates/ (please add some templates, check your Thymeleaf configuration, or set spring.thymeleaf.check-template-location=false)
2026-04-13 13:31:21 [restartedMain] INFO  [QlsvApplication] - Started QlsvApplication in 5.074 seconds (process running for 357.823)
2026-04-13 13:31:32 [restartedMain] INFO  [QlsvApplication] - Starting QlsvApplication using Java 17.0.12 with PID 16964 (D:\project IntelliJ Ultimate\modules-parent\qlsv\target\classes started by tranhuy in D:\project IntelliJ Ultimate\modules-parent\qlsv)
2026-04-13 13:31:32 [restartedMain] DEBUG [QlsvApplication] - Running with Spring Boot v3.5.0, Spring v6.2.7
2026-04-13 13:31:32 [restartedMain] INFO  [QlsvApplication] - No active profile set, falling back to 1 default profile: "default"
2026-04-13 13:31:33 [restartedMain] DEBUG [RxJava2OnClasspathCondition] - RxJava2 related Aspect extensions are not activated, because RxJava2 is not on the classpath.
2026-04-13 13:31:33 [restartedMain] DEBUG [ReactorOnClasspathCondition] - Reactor related Aspect extensions are not activated because Resilience4j Reactor module is not on the classpath.
2026-04-13 13:31:33 [restartedMain] DEBUG [RxJava2OnClasspathCondition] - RxJava2 related Aspect extensions are not activated, because RxJava2 is not on the classpath.
2026-04-13 13:31:33 [restartedMain] DEBUG [ReactorOnClasspathCondition] - Reactor related Aspect extensions are not activated because Resilience4j Reactor module is not on the classpath.
2026-04-13 13:31:33 [restartedMain] DEBUG [RxJava2OnClasspathCondition] - RxJava2 related Aspect extensions are not activated, because RxJava2 is not on the classpath.
2026-04-13 13:31:33 [restartedMain] DEBUG [ReactorOnClasspathCondition] - Reactor related Aspect extensions are not activated because Resilience4j Reactor module is not on the classpath.
2026-04-13 13:31:33 [restartedMain] DEBUG [RxJava2OnClasspathCondition] - RxJava2 related Aspect extensions are not activated, because RxJava2 is not on the classpath.
2026-04-13 13:31:33 [restartedMain] DEBUG [ReactorOnClasspathCondition] - Reactor related Aspect extensions are not activated because Resilience4j Reactor module is not on the classpath.
2026-04-13 13:31:33 [restartedMain] DEBUG [RxJava2OnClasspathCondition] - RxJava2 related Aspect extensions are not activated, because RxJava2 is not on the classpath.
2026-04-13 13:31:33 [restartedMain] DEBUG [ReactorOnClasspathCondition] - Reactor related Aspect extensions are not activated because Resilience4j Reactor module is not on the classpath.
2026-04-13 13:31:33 [restartedMain] DEBUG [RxJava2OnClasspathCondition] - RxJava2 related Aspect extensions are not activated, because RxJava2 is not on the classpath.
2026-04-13 13:31:33 [restartedMain] DEBUG [ReactorOnClasspathCondition] - Reactor related Aspect extensions are not activated because Resilience4j Reactor module is not on the classpath.
2026-04-13 13:31:34 [restartedMain] WARN  [deprecation] - HHH90000025: MySQL8Dialect does not need to be specified explicitly using 'hibernate.dialect' (remove the property setting and it will be selected by default)
2026-04-13 13:31:34 [restartedMain] WARN  [deprecation] - HHH90000026: MySQL8Dialect has been deprecated; use org.hibernate.dialect.MySQLDialect instead
2026-04-13 13:31:35 [restartedMain] WARN  [JpaBaseConfiguration$JpaWebConfiguration] - spring.jpa.open-in-view is enabled by default. Therefore, database queries may be performed during view rendering. Explicitly configure spring.jpa.open-in-view to disable this warning
2026-04-13 13:31:35 [restartedMain] DEBUG [Mappings] - 
	c.c.Q.c.StudentController:
	{GET [/students]}: get(String,UserDto)
	{PUT [/students/{id}]}: update(Integer,UpdateEntityModel,String,UserDto)
	{GET [/students/filter]}: filter(Integer,String,String,Integer,Gender,String,String,Double,String,String,Boolean,String,UserDto)
	{DELETE [/students]}: delete(List,String,UserDto)
	{DELETE [/students/cache]}: clearCache(String,UserDto)
	{GET [/students/{userId}]}: getByUserId(Integer,String,UserDto)
	{GET [/students/by-class/{schoolClass}]}: getBySchoolClass(String,String,UserDto)
	{GET [/students/paged]}: getPaged(int,int,String,String,String,UserDto)
2026-04-13 13:31:35 [restartedMain] DEBUG [Mappings] - 
	o.s.b.a.w.s.e.BasicErrorController:
	{ [/error]}: error(HttpServletRequest)
	{ [/error], produces [text/html]}: errorHtml(HttpServletRequest,HttpServletResponse)
2026-04-13 13:31:35 [restartedMain] DEBUG [Mappings] - 'beanNameHandlerMapping' {}
2026-04-13 13:31:36 [restartedMain] DEBUG [Mappings] - 'resourceHandlerMapping' {/webjars/**=ResourceHttpRequestHandler [classpath [META-INF/resources/webjars/]], /**=ResourceHttpRequestHandler [classpath [META-INF/resources/], classpath [resources/], classpath [static/], classpath [public/], ServletContext [/]]}
2026-04-13 13:31:36 [restartedMain] WARN  [ThymeleafAutoConfiguration$DefaultTemplateResolverConfiguration] - Cannot find template location: classpath:/templates/ (please add some templates, check your Thymeleaf configuration, or set spring.thymeleaf.check-template-location=false)
2026-04-13 13:31:38 [restartedMain] INFO  [QlsvApplication] - Started QlsvApplication in 5.915 seconds (process running for 375.347)
2026-04-13 13:31:40 [restartedMain] INFO  [QlsvApplication] - Starting QlsvApplication using Java 17.0.12 with PID 16964 (D:\project IntelliJ Ultimate\modules-parent\qlsv\target\classes started by tranhuy in D:\project IntelliJ Ultimate\modules-parent\qlsv)
2026-04-13 13:31:40 [restartedMain] DEBUG [QlsvApplication] - Running with Spring Boot v3.5.0, Spring v6.2.7
2026-04-13 13:31:40 [restartedMain] INFO  [QlsvApplication] - No active profile set, falling back to 1 default profile: "default"
2026-04-13 13:31:42 [restartedMain] DEBUG [RxJava2OnClasspathCondition] - RxJava2 related Aspect extensions are not activated, because RxJava2 is not on the classpath.
2026-04-13 13:31:42 [restartedMain] DEBUG [ReactorOnClasspathCondition] - Reactor related Aspect extensions are not activated because Resilience4j Reactor module is not on the classpath.
2026-04-13 13:31:42 [restartedMain] DEBUG [RxJava2OnClasspathCondition] - RxJava2 related Aspect extensions are not activated, because RxJava2 is not on the classpath.
2026-04-13 13:31:42 [restartedMain] DEBUG [ReactorOnClasspathCondition] - Reactor related Aspect extensions are not activated because Resilience4j Reactor module is not on the classpath.
2026-04-13 13:31:42 [restartedMain] DEBUG [RxJava2OnClasspathCondition] - RxJava2 related Aspect extensions are not activated, because RxJava2 is not on the classpath.
2026-04-13 13:31:42 [restartedMain] DEBUG [ReactorOnClasspathCondition] - Reactor related Aspect extensions are not activated because Resilience4j Reactor module is not on the classpath.
2026-04-13 13:31:42 [restartedMain] DEBUG [RxJava2OnClasspathCondition] - RxJava2 related Aspect extensions are not activated, because RxJava2 is not on the classpath.
2026-04-13 13:31:42 [restartedMain] DEBUG [ReactorOnClasspathCondition] - Reactor related Aspect extensions are not activated because Resilience4j Reactor module is not on the classpath.
2026-04-13 13:31:42 [restartedMain] DEBUG [RxJava2OnClasspathCondition] - RxJava2 related Aspect extensions are not activated, because RxJava2 is not on the classpath.
2026-04-13 13:31:42 [restartedMain] DEBUG [ReactorOnClasspathCondition] - Reactor related Aspect extensions are not activated because Resilience4j Reactor module is not on the classpath.
2026-04-13 13:31:42 [restartedMain] DEBUG [RxJava2OnClasspathCondition] - RxJava2 related Aspect extensions are not activated, because RxJava2 is not on the classpath.
2026-04-13 13:31:42 [restartedMain] DEBUG [ReactorOnClasspathCondition] - Reactor related Aspect extensions are not activated because Resilience4j Reactor module is not on the classpath.
2026-04-13 13:31:44 [restartedMain] WARN  [deprecation] - HHH90000025: MySQL8Dialect does not need to be specified explicitly using 'hibernate.dialect' (remove the property setting and it will be selected by default)
2026-04-13 13:31:44 [restartedMain] WARN  [deprecation] - HHH90000026: MySQL8Dialect has been deprecated; use org.hibernate.dialect.MySQLDialect instead
2026-04-13 13:31:45 [restartedMain] WARN  [JpaBaseConfiguration$JpaWebConfiguration] - spring.jpa.open-in-view is enabled by default. Therefore, database queries may be performed during view rendering. Explicitly configure spring.jpa.open-in-view to disable this warning
2026-04-13 13:31:45 [restartedMain] DEBUG [Mappings] - 
	c.c.Q.c.StudentController:
	{GET [/students]}: get(String,UserDto)
	{PUT [/students/{id}]}: update(Integer,UpdateEntityModel,String,UserDto)
	{GET [/students/filter]}: filter(Integer,String,String,Integer,Gender,String,String,Double,String,String,Boolean,String,UserDto)
	{DELETE [/students]}: delete(List,String,UserDto)
	{DELETE [/students/cache]}: clearCache(String,UserDto)
	{GET [/students/{userId}]}: getByUserId(Integer,String,UserDto)
	{GET [/students/by-class/{schoolClass}]}: getBySchoolClass(String,String,UserDto)
	{GET [/students/paged]}: getPaged(int,int,String,String,String,UserDto)
2026-04-13 13:31:45 [restartedMain] DEBUG [Mappings] - 
	o.s.b.a.w.s.e.BasicErrorController:
	{ [/error]}: error(HttpServletRequest)
	{ [/error], produces [text/html]}: errorHtml(HttpServletRequest,HttpServletResponse)
2026-04-13 13:31:45 [restartedMain] DEBUG [Mappings] - 'beanNameHandlerMapping' {}
2026-04-13 13:31:45 [restartedMain] DEBUG [Mappings] - 'resourceHandlerMapping' {/webjars/**=ResourceHttpRequestHandler [classpath [META-INF/resources/webjars/]], /**=ResourceHttpRequestHandler [classpath [META-INF/resources/], classpath [resources/], classpath [static/], classpath [public/], ServletContext [/]]}
2026-04-13 13:31:46 [restartedMain] WARN  [ThymeleafAutoConfiguration$DefaultTemplateResolverConfiguration] - Cannot find template location: classpath:/templates/ (please add some templates, check your Thymeleaf configuration, or set spring.thymeleaf.check-template-location=false)
2026-04-13 13:31:47 [restartedMain] INFO  [QlsvApplication] - Started QlsvApplication in 6.469 seconds (process running for 383.935)
2026-04-13 13:31:49 [restartedMain] INFO  [QlsvApplication] - Starting QlsvApplication using Java 17.0.12 with PID 16964 (D:\project IntelliJ Ultimate\modules-parent\qlsv\target\classes started by tranhuy in D:\project IntelliJ Ultimate\modules-parent\qlsv)
2026-04-13 13:31:49 [restartedMain] DEBUG [QlsvApplication] - Running with Spring Boot v3.5.0, Spring v6.2.7
2026-04-13 13:31:49 [restartedMain] INFO  [QlsvApplication] - No active profile set, falling back to 1 default profile: "default"
2026-04-13 13:31:50 [restartedMain] DEBUG [RxJava2OnClasspathCondition] - RxJava2 related Aspect extensions are not activated, because RxJava2 is not on the classpath.
2026-04-13 13:31:50 [restartedMain] DEBUG [ReactorOnClasspathCondition] - Reactor related Aspect extensions are not activated because Resilience4j Reactor module is not on the classpath.
2026-04-13 13:31:50 [restartedMain] DEBUG [RxJava2OnClasspathCondition] - RxJava2 related Aspect extensions are not activated, because RxJava2 is not on the classpath.
2026-04-13 13:31:50 [restartedMain] DEBUG [ReactorOnClasspathCondition] - Reactor related Aspect extensions are not activated because Resilience4j Reactor module is not on the classpath.
2026-04-13 13:31:50 [restartedMain] DEBUG [RxJava2OnClasspathCondition] - RxJava2 related Aspect extensions are not activated, because RxJava2 is not on the classpath.
2026-04-13 13:31:50 [restartedMain] DEBUG [ReactorOnClasspathCondition] - Reactor related Aspect extensions are not activated because Resilience4j Reactor module is not on the classpath.
2026-04-13 13:31:50 [restartedMain] DEBUG [RxJava2OnClasspathCondition] - RxJava2 related Aspect extensions are not activated, because RxJava2 is not on the classpath.
2026-04-13 13:31:50 [restartedMain] DEBUG [ReactorOnClasspathCondition] - Reactor related Aspect extensions are not activated because Resilience4j Reactor module is not on the classpath.
2026-04-13 13:31:50 [restartedMain] DEBUG [RxJava2OnClasspathCondition] - RxJava2 related Aspect extensions are not activated, because RxJava2 is not on the classpath.
2026-04-13 13:31:50 [restartedMain] DEBUG [ReactorOnClasspathCondition] - Reactor related Aspect extensions are not activated because Resilience4j Reactor module is not on the classpath.
2026-04-13 13:31:50 [restartedMain] DEBUG [RxJava2OnClasspathCondition] - RxJava2 related Aspect extensions are not activated, because RxJava2 is not on the classpath.
2026-04-13 13:31:50 [restartedMain] DEBUG [ReactorOnClasspathCondition] - Reactor related Aspect extensions are not activated because Resilience4j Reactor module is not on the classpath.
2026-04-13 13:31:51 [restartedMain] WARN  [deprecation] - HHH90000025: MySQL8Dialect does not need to be specified explicitly using 'hibernate.dialect' (remove the property setting and it will be selected by default)
2026-04-13 13:31:51 [restartedMain] WARN  [deprecation] - HHH90000026: MySQL8Dialect has been deprecated; use org.hibernate.dialect.MySQLDialect instead
2026-04-13 13:31:52 [restartedMain] WARN  [JpaBaseConfiguration$JpaWebConfiguration] - spring.jpa.open-in-view is enabled by default. Therefore, database queries may be performed during view rendering. Explicitly configure spring.jpa.open-in-view to disable this warning
2026-04-13 13:31:52 [restartedMain] DEBUG [Mappings] - 
	c.c.Q.c.StudentController:
	{GET [/students]}: get(String,UserDto)
	{PUT [/students/{id}]}: update(Integer,UpdateEntityModel,String,UserDto)
	{GET [/students/filter]}: filter(Integer,String,String,Integer,Gender,String,String,Double,String,String,Boolean,String,UserDto)
	{DELETE [/students]}: delete(List,String,UserDto)
	{DELETE [/students/cache]}: clearCache(String,UserDto)
	{GET [/students/{userId}]}: getByUserId(Integer,String,UserDto)
	{GET [/students/by-class/{schoolClass}]}: getBySchoolClass(String,String,UserDto)
	{GET [/students/paged]}: getPaged(int,int,String,String,String,UserDto)
2026-04-13 13:31:52 [restartedMain] DEBUG [Mappings] - 
	o.s.b.a.w.s.e.BasicErrorController:
	{ [/error]}: error(HttpServletRequest)
	{ [/error], produces [text/html]}: errorHtml(HttpServletRequest,HttpServletResponse)
2026-04-13 13:31:52 [restartedMain] DEBUG [Mappings] - 'beanNameHandlerMapping' {}
2026-04-13 13:31:52 [restartedMain] DEBUG [Mappings] - 'resourceHandlerMapping' {/webjars/**=ResourceHttpRequestHandler [classpath [META-INF/resources/webjars/]], /**=ResourceHttpRequestHandler [classpath [META-INF/resources/], classpath [resources/], classpath [static/], classpath [public/], ServletContext [/]]}
2026-04-13 13:31:52 [restartedMain] WARN  [ThymeleafAutoConfiguration$DefaultTemplateResolverConfiguration] - Cannot find template location: classpath:/templates/ (please add some templates, check your Thymeleaf configuration, or set spring.thymeleaf.check-template-location=false)
2026-04-13 13:31:53 [restartedMain] INFO  [QlsvApplication] - Started QlsvApplication in 4.408 seconds (process running for 390.343)
2026-04-13 13:31:55 [restartedMain] INFO  [QlsvApplication] - Starting QlsvApplication using Java 17.0.12 with PID 16964 (D:\project IntelliJ Ultimate\modules-parent\qlsv\target\classes started by tranhuy in D:\project IntelliJ Ultimate\modules-parent\qlsv)
2026-04-13 13:31:55 [restartedMain] DEBUG [QlsvApplication] - Running with Spring Boot v3.5.0, Spring v6.2.7
2026-04-13 13:31:55 [restartedMain] INFO  [QlsvApplication] - No active profile set, falling back to 1 default profile: "default"
2026-04-13 13:31:56 [restartedMain] DEBUG [RxJava2OnClasspathCondition] - RxJava2 related Aspect extensions are not activated, because RxJava2 is not on the classpath.
2026-04-13 13:31:56 [restartedMain] DEBUG [ReactorOnClasspathCondition] - Reactor related Aspect extensions are not activated because Resilience4j Reactor module is not on the classpath.
2026-04-13 13:31:56 [restartedMain] DEBUG [RxJava2OnClasspathCondition] - RxJava2 related Aspect extensions are not activated, because RxJava2 is not on the classpath.
2026-04-13 13:31:56 [restartedMain] DEBUG [ReactorOnClasspathCondition] - Reactor related Aspect extensions are not activated because Resilience4j Reactor module is not on the classpath.
2026-04-13 13:31:56 [restartedMain] DEBUG [RxJava2OnClasspathCondition] - RxJava2 related Aspect extensions are not activated, because RxJava2 is not on the classpath.
2026-04-13 13:31:56 [restartedMain] DEBUG [ReactorOnClasspathCondition] - Reactor related Aspect extensions are not activated because Resilience4j Reactor module is not on the classpath.
2026-04-13 13:31:56 [restartedMain] DEBUG [RxJava2OnClasspathCondition] - RxJava2 related Aspect extensions are not activated, because RxJava2 is not on the classpath.
2026-04-13 13:31:56 [restartedMain] DEBUG [ReactorOnClasspathCondition] - Reactor related Aspect extensions are not activated because Resilience4j Reactor module is not on the classpath.
2026-04-13 13:31:56 [restartedMain] DEBUG [RxJava2OnClasspathCondition] - RxJava2 related Aspect extensions are not activated, because RxJava2 is not on the classpath.
2026-04-13 13:31:56 [restartedMain] DEBUG [ReactorOnClasspathCondition] - Reactor related Aspect extensions are not activated because Resilience4j Reactor module is not on the classpath.
2026-04-13 13:31:56 [restartedMain] DEBUG [RxJava2OnClasspathCondition] - RxJava2 related Aspect extensions are not activated, because RxJava2 is not on the classpath.
2026-04-13 13:31:56 [restartedMain] DEBUG [ReactorOnClasspathCondition] - Reactor related Aspect extensions are not activated because Resilience4j Reactor module is not on the classpath.
2026-04-13 13:31:57 [restartedMain] WARN  [deprecation] - HHH90000025: MySQL8Dialect does not need to be specified explicitly using 'hibernate.dialect' (remove the property setting and it will be selected by default)
2026-04-13 13:31:57 [restartedMain] WARN  [deprecation] - HHH90000026: MySQL8Dialect has been deprecated; use org.hibernate.dialect.MySQLDialect instead
2026-04-13 13:31:58 [restartedMain] WARN  [JpaBaseConfiguration$JpaWebConfiguration] - spring.jpa.open-in-view is enabled by default. Therefore, database queries may be performed during view rendering. Explicitly configure spring.jpa.open-in-view to disable this warning
2026-04-13 13:31:58 [restartedMain] DEBUG [Mappings] - 
	c.c.Q.c.StudentController:
	{GET [/students]}: get(String,UserDto)
	{PUT [/students/{id}]}: update(Integer,UpdateEntityModel,String,UserDto)
	{GET [/students/filter]}: filter(Integer,String,String,Integer,Gender,String,String,Double,String,String,Boolean,String,UserDto)
	{DELETE [/students]}: delete(List,String,UserDto)
	{DELETE [/students/cache]}: clearCache(String,UserDto)
	{GET [/students/{userId}]}: getByUserId(Integer,String,UserDto)
	{GET [/students/by-class/{schoolClass}]}: getBySchoolClass(String,String,UserDto)
	{GET [/students/paged]}: getPaged(int,int,String,String,String,UserDto)
2026-04-13 13:31:58 [restartedMain] DEBUG [Mappings] - 
	o.s.b.a.w.s.e.BasicErrorController:
	{ [/error]}: error(HttpServletRequest)
	{ [/error], produces [text/html]}: errorHtml(HttpServletRequest,HttpServletResponse)
2026-04-13 13:31:58 [restartedMain] DEBUG [Mappings] - 'beanNameHandlerMapping' {}
2026-04-13 13:31:58 [restartedMain] DEBUG [Mappings] - 'resourceHandlerMapping' {/webjars/**=ResourceHttpRequestHandler [classpath [META-INF/resources/webjars/]], /**=ResourceHttpRequestHandler [classpath [META-INF/resources/], classpath [resources/], classpath [static/], classpath [public/], ServletContext [/]]}
2026-04-13 13:31:59 [restartedMain] WARN  [ThymeleafAutoConfiguration$DefaultTemplateResolverConfiguration] - Cannot find template location: classpath:/templates/ (please add some templates, check your Thymeleaf configuration, or set spring.thymeleaf.check-template-location=false)
2026-04-13 13:32:00 [restartedMain] INFO  [QlsvApplication] - Started QlsvApplication in 4.966 seconds (process running for 397.259)
2026-04-13 13:32:02 [restartedMain] INFO  [QlsvApplication] - Starting QlsvApplication using Java 17.0.12 with PID 16964 (D:\project IntelliJ Ultimate\modules-parent\qlsv\target\classes started by tranhuy in D:\project IntelliJ Ultimate\modules-parent\qlsv)
2026-04-13 13:32:02 [restartedMain] DEBUG [QlsvApplication] - Running with Spring Boot v3.5.0, Spring v6.2.7
2026-04-13 13:32:02 [restartedMain] INFO  [QlsvApplication] - No active profile set, falling back to 1 default profile: "default"
2026-04-13 13:32:03 [restartedMain] DEBUG [RxJava2OnClasspathCondition] - RxJava2 related Aspect extensions are not activated, because RxJava2 is not on the classpath.
2026-04-13 13:32:03 [restartedMain] DEBUG [ReactorOnClasspathCondition] - Reactor related Aspect extensions are not activated because Resilience4j Reactor module is not on the classpath.
2026-04-13 13:32:03 [restartedMain] DEBUG [RxJava2OnClasspathCondition] - RxJava2 related Aspect extensions are not activated, because RxJava2 is not on the classpath.
2026-04-13 13:32:03 [restartedMain] DEBUG [ReactorOnClasspathCondition] - Reactor related Aspect extensions are not activated because Resilience4j Reactor module is not on the classpath.
2026-04-13 13:32:03 [restartedMain] DEBUG [RxJava2OnClasspathCondition] - RxJava2 related Aspect extensions are not activated, because RxJava2 is not on the classpath.
2026-04-13 13:32:03 [restartedMain] DEBUG [ReactorOnClasspathCondition] - Reactor related Aspect extensions are not activated because Resilience4j Reactor module is not on the classpath.
2026-04-13 13:32:03 [restartedMain] DEBUG [RxJava2OnClasspathCondition] - RxJava2 related Aspect extensions are not activated, because RxJava2 is not on the classpath.
2026-04-13 13:32:03 [restartedMain] DEBUG [ReactorOnClasspathCondition] - Reactor related Aspect extensions are not activated because Resilience4j Reactor module is not on the classpath.
2026-04-13 13:32:03 [restartedMain] DEBUG [RxJava2OnClasspathCondition] - RxJava2 related Aspect extensions are not activated, because RxJava2 is not on the classpath.
2026-04-13 13:32:03 [restartedMain] DEBUG [ReactorOnClasspathCondition] - Reactor related Aspect extensions are not activated because Resilience4j Reactor module is not on the classpath.
2026-04-13 13:32:03 [restartedMain] DEBUG [RxJava2OnClasspathCondition] - RxJava2 related Aspect extensions are not activated, because RxJava2 is not on the classpath.
2026-04-13 13:32:03 [restartedMain] DEBUG [ReactorOnClasspathCondition] - Reactor related Aspect extensions are not activated because Resilience4j Reactor module is not on the classpath.
2026-04-13 13:32:04 [restartedMain] WARN  [deprecation] - HHH90000025: MySQL8Dialect does not need to be specified explicitly using 'hibernate.dialect' (remove the property setting and it will be selected by default)
2026-04-13 13:32:04 [restartedMain] WARN  [deprecation] - HHH90000026: MySQL8Dialect has been deprecated; use org.hibernate.dialect.MySQLDialect instead
2026-04-13 13:32:05 [restartedMain] WARN  [JpaBaseConfiguration$JpaWebConfiguration] - spring.jpa.open-in-view is enabled by default. Therefore, database queries may be performed during view rendering. Explicitly configure spring.jpa.open-in-view to disable this warning
2026-04-13 13:32:06 [restartedMain] DEBUG [Mappings] - 
	c.c.Q.c.StudentController:
	{GET [/students]}: get(String,UserDto)
	{PUT [/students/{id}]}: update(Integer,UpdateEntityModel,String,UserDto)
	{GET [/students/filter]}: filter(Integer,String,String,Integer,Gender,String,String,Double,String,String,Boolean,String,UserDto)
	{DELETE [/students]}: delete(List,String,UserDto)
	{DELETE [/students/cache]}: clearCache(String,UserDto)
	{GET [/students/{userId}]}: getByUserId(Integer,String,UserDto)
	{GET [/students/by-class/{schoolClass}]}: getBySchoolClass(String,String,UserDto)
	{GET [/students/paged]}: getPaged(int,int,String,String,String,UserDto)
2026-04-13 13:32:06 [restartedMain] DEBUG [Mappings] - 
	o.s.b.a.w.s.e.BasicErrorController:
	{ [/error]}: error(HttpServletRequest)
	{ [/error], produces [text/html]}: errorHtml(HttpServletRequest,HttpServletResponse)
2026-04-13 13:32:06 [restartedMain] DEBUG [Mappings] - 'beanNameHandlerMapping' {}
2026-04-13 13:32:06 [restartedMain] DEBUG [Mappings] - 'resourceHandlerMapping' {/webjars/**=ResourceHttpRequestHandler [classpath [META-INF/resources/webjars/]], /**=ResourceHttpRequestHandler [classpath [META-INF/resources/], classpath [resources/], classpath [static/], classpath [public/], ServletContext [/]]}
2026-04-13 13:32:06 [restartedMain] WARN  [ThymeleafAutoConfiguration$DefaultTemplateResolverConfiguration] - Cannot find template location: classpath:/templates/ (please add some templates, check your Thymeleaf configuration, or set spring.thymeleaf.check-template-location=false)
2026-04-13 13:32:07 [restartedMain] INFO  [QlsvApplication] - Started QlsvApplication in 5.261 seconds (process running for 404.534)
2026-04-13 13:32:10 [restartedMain] INFO  [QlsvApplication] - Starting QlsvApplication using Java 17.0.12 with PID 16964 (D:\project IntelliJ Ultimate\modules-parent\qlsv\target\classes started by tranhuy in D:\project IntelliJ Ultimate\modules-parent\qlsv)
2026-04-13 13:32:10 [restartedMain] DEBUG [QlsvApplication] - Running with Spring Boot v3.5.0, Spring v6.2.7
2026-04-13 13:32:10 [restartedMain] INFO  [QlsvApplication] - No active profile set, falling back to 1 default profile: "default"
2026-04-13 13:32:10 [restartedMain] DEBUG [RxJava2OnClasspathCondition] - RxJava2 related Aspect extensions are not activated, because RxJava2 is not on the classpath.
2026-04-13 13:32:10 [restartedMain] DEBUG [ReactorOnClasspathCondition] - Reactor related Aspect extensions are not activated because Resilience4j Reactor module is not on the classpath.
2026-04-13 13:32:10 [restartedMain] DEBUG [RxJava2OnClasspathCondition] - RxJava2 related Aspect extensions are not activated, because RxJava2 is not on the classpath.
2026-04-13 13:32:10 [restartedMain] DEBUG [ReactorOnClasspathCondition] - Reactor related Aspect extensions are not activated because Resilience4j Reactor module is not on the classpath.
2026-04-13 13:32:10 [restartedMain] DEBUG [RxJava2OnClasspathCondition] - RxJava2 related Aspect extensions are not activated, because RxJava2 is not on the classpath.
2026-04-13 13:32:10 [restartedMain] DEBUG [ReactorOnClasspathCondition] - Reactor related Aspect extensions are not activated because Resilience4j Reactor module is not on the classpath.
2026-04-13 13:32:10 [restartedMain] DEBUG [RxJava2OnClasspathCondition] - RxJava2 related Aspect extensions are not activated, because RxJava2 is not on the classpath.
2026-04-13 13:32:10 [restartedMain] DEBUG [ReactorOnClasspathCondition] - Reactor related Aspect extensions are not activated because Resilience4j Reactor module is not on the classpath.
2026-04-13 13:32:10 [restartedMain] DEBUG [RxJava2OnClasspathCondition] - RxJava2 related Aspect extensions are not activated, because RxJava2 is not on the classpath.
2026-04-13 13:32:10 [restartedMain] DEBUG [ReactorOnClasspathCondition] - Reactor related Aspect extensions are not activated because Resilience4j Reactor module is not on the classpath.
2026-04-13 13:32:10 [restartedMain] DEBUG [RxJava2OnClasspathCondition] - RxJava2 related Aspect extensions are not activated, because RxJava2 is not on the classpath.
2026-04-13 13:32:10 [restartedMain] DEBUG [ReactorOnClasspathCondition] - Reactor related Aspect extensions are not activated because Resilience4j Reactor module is not on the classpath.
2026-04-13 13:32:11 [restartedMain] WARN  [deprecation] - HHH90000025: MySQL8Dialect does not need to be specified explicitly using 'hibernate.dialect' (remove the property setting and it will be selected by default)
2026-04-13 13:32:11 [restartedMain] WARN  [deprecation] - HHH90000026: MySQL8Dialect has been deprecated; use org.hibernate.dialect.MySQLDialect instead
2026-04-13 13:32:12 [restartedMain] WARN  [JpaBaseConfiguration$JpaWebConfiguration] - spring.jpa.open-in-view is enabled by default. Therefore, database queries may be performed during view rendering. Explicitly configure spring.jpa.open-in-view to disable this warning
2026-04-13 13:32:12 [restartedMain] DEBUG [Mappings] - 
	c.c.Q.c.StudentController:
	{GET [/students]}: get(String,UserDto)
	{PUT [/students/{id}]}: update(Integer,UpdateEntityModel,String,UserDto)
	{GET [/students/filter]}: filter(Integer,String,String,Integer,Gender,String,String,Double,String,String,Boolean,String,UserDto)
	{DELETE [/students]}: delete(List,String,UserDto)
	{DELETE [/students/cache]}: clearCache(String,UserDto)
	{GET [/students/{userId}]}: getByUserId(Integer,String,UserDto)
	{GET [/students/by-class/{schoolClass}]}: getBySchoolClass(String,String,UserDto)
	{GET [/students/paged]}: getPaged(int,int,String,String,String,UserDto)
2026-04-13 13:32:12 [restartedMain] DEBUG [Mappings] - 
	o.s.b.a.w.s.e.BasicErrorController:
	{ [/error]}: error(HttpServletRequest)
	{ [/error], produces [text/html]}: errorHtml(HttpServletRequest,HttpServletResponse)
2026-04-13 13:32:12 [restartedMain] DEBUG [Mappings] - 'beanNameHandlerMapping' {}
2026-04-13 13:32:12 [restartedMain] DEBUG [Mappings] - 'resourceHandlerMapping' {/webjars/**=ResourceHttpRequestHandler [classpath [META-INF/resources/webjars/]], /**=ResourceHttpRequestHandler [classpath [META-INF/resources/], classpath [resources/], classpath [static/], classpath [public/], ServletContext [/]]}
2026-04-13 13:32:12 [restartedMain] WARN  [ThymeleafAutoConfiguration$DefaultTemplateResolverConfiguration] - Cannot find template location: classpath:/templates/ (please add some templates, check your Thymeleaf configuration, or set spring.thymeleaf.check-template-location=false)
2026-04-13 13:32:14 [restartedMain] INFO  [QlsvApplication] - Started QlsvApplication in 4.281 seconds (process running for 410.912)
2026-04-13 13:32:16 [restartedMain] INFO  [QlsvApplication] - Starting QlsvApplication using Java 17.0.12 with PID 16964 (D:\project IntelliJ Ultimate\modules-parent\qlsv\target\classes started by tranhuy in D:\project IntelliJ Ultimate\modules-parent\qlsv)
2026-04-13 13:32:16 [restartedMain] DEBUG [QlsvApplication] - Running with Spring Boot v3.5.0, Spring v6.2.7
2026-04-13 13:32:16 [restartedMain] INFO  [QlsvApplication] - No active profile set, falling back to 1 default profile: "default"
2026-04-13 13:32:17 [restartedMain] DEBUG [RxJava2OnClasspathCondition] - RxJava2 related Aspect extensions are not activated, because RxJava2 is not on the classpath.
2026-04-13 13:32:17 [restartedMain] DEBUG [ReactorOnClasspathCondition] - Reactor related Aspect extensions are not activated because Resilience4j Reactor module is not on the classpath.
2026-04-13 13:32:17 [restartedMain] DEBUG [RxJava2OnClasspathCondition] - RxJava2 related Aspect extensions are not activated, because RxJava2 is not on the classpath.
2026-04-13 13:32:17 [restartedMain] DEBUG [ReactorOnClasspathCondition] - Reactor related Aspect extensions are not activated because Resilience4j Reactor module is not on the classpath.
2026-04-13 13:32:17 [restartedMain] DEBUG [RxJava2OnClasspathCondition] - RxJava2 related Aspect extensions are not activated, because RxJava2 is not on the classpath.
2026-04-13 13:32:17 [restartedMain] DEBUG [ReactorOnClasspathCondition] - Reactor related Aspect extensions are not activated because Resilience4j Reactor module is not on the classpath.
2026-04-13 13:32:17 [restartedMain] DEBUG [RxJava2OnClasspathCondition] - RxJava2 related Aspect extensions are not activated, because RxJava2 is not on the classpath.
2026-04-13 13:32:17 [restartedMain] DEBUG [ReactorOnClasspathCondition] - Reactor related Aspect extensions are not activated because Resilience4j Reactor module is not on the classpath.
2026-04-13 13:32:17 [restartedMain] DEBUG [RxJava2OnClasspathCondition] - RxJava2 related Aspect extensions are not activated, because RxJava2 is not on the classpath.
2026-04-13 13:32:17 [restartedMain] DEBUG [ReactorOnClasspathCondition] - Reactor related Aspect extensions are not activated because Resilience4j Reactor module is not on the classpath.
2026-04-13 13:32:17 [restartedMain] DEBUG [RxJava2OnClasspathCondition] - RxJava2 related Aspect extensions are not activated, because RxJava2 is not on the classpath.
2026-04-13 13:32:17 [restartedMain] DEBUG [ReactorOnClasspathCondition] - Reactor related Aspect extensions are not activated because Resilience4j Reactor module is not on the classpath.
2026-04-13 13:32:18 [restartedMain] WARN  [deprecation] - HHH90000025: MySQL8Dialect does not need to be specified explicitly using 'hibernate.dialect' (remove the property setting and it will be selected by default)
2026-04-13 13:32:18 [restartedMain] WARN  [deprecation] - HHH90000026: MySQL8Dialect has been deprecated; use org.hibernate.dialect.MySQLDialect instead
2026-04-13 13:32:20 [restartedMain] WARN  [JpaBaseConfiguration$JpaWebConfiguration] - spring.jpa.open-in-view is enabled by default. Therefore, database queries may be performed during view rendering. Explicitly configure spring.jpa.open-in-view to disable this warning
2026-04-13 13:32:20 [restartedMain] DEBUG [Mappings] - 
	c.c.Q.c.StudentController:
	{GET [/students]}: get(String,UserDto)
	{PUT [/students/{id}]}: update(Integer,UpdateEntityModel,String,UserDto)
	{GET [/students/filter]}: filter(Integer,String,String,Integer,Gender,String,String,Double,String,String,Boolean,String,UserDto)
	{DELETE [/students]}: delete(List,String,UserDto)
	{DELETE [/students/cache]}: clearCache(String,UserDto)
	{GET [/students/{userId}]}: getByUserId(Integer,String,UserDto)
	{GET [/students/by-class/{schoolClass}]}: getBySchoolClass(String,String,UserDto)
	{GET [/students/paged]}: getPaged(int,int,String,String,String,UserDto)
2026-04-13 13:32:20 [restartedMain] DEBUG [Mappings] - 
	o.s.b.a.w.s.e.BasicErrorController:
	{ [/error]}: error(HttpServletRequest)
	{ [/error], produces [text/html]}: errorHtml(HttpServletRequest,HttpServletResponse)
2026-04-13 13:32:20 [restartedMain] DEBUG [Mappings] - 'beanNameHandlerMapping' {}
2026-04-13 13:32:20 [restartedMain] DEBUG [Mappings] - 'resourceHandlerMapping' {/webjars/**=ResourceHttpRequestHandler [classpath [META-INF/resources/webjars/]], /**=ResourceHttpRequestHandler [classpath [META-INF/resources/], classpath [resources/], classpath [static/], classpath [public/], ServletContext [/]]}
2026-04-13 13:32:20 [restartedMain] WARN  [ThymeleafAutoConfiguration$DefaultTemplateResolverConfiguration] - Cannot find template location: classpath:/templates/ (please add some templates, check your Thymeleaf configuration, or set spring.thymeleaf.check-template-location=false)
2026-04-13 13:32:22 [restartedMain] INFO  [QlsvApplication] - Started QlsvApplication in 5.22 seconds (process running for 418.562)
2026-04-13 13:32:24 [restartedMain] INFO  [QlsvApplication] - Starting QlsvApplication using Java 17.0.12 with PID 16964 (D:\project IntelliJ Ultimate\modules-parent\qlsv\target\classes started by tranhuy in D:\project IntelliJ Ultimate\modules-parent\qlsv)
2026-04-13 13:32:24 [restartedMain] DEBUG [QlsvApplication] - Running with Spring Boot v3.5.0, Spring v6.2.7
2026-04-13 13:32:24 [restartedMain] INFO  [QlsvApplication] - No active profile set, falling back to 1 default profile: "default"
2026-04-13 13:32:24 [restartedMain] DEBUG [RxJava2OnClasspathCondition] - RxJava2 related Aspect extensions are not activated, because RxJava2 is not on the classpath.
2026-04-13 13:32:24 [restartedMain] DEBUG [ReactorOnClasspathCondition] - Reactor related Aspect extensions are not activated because Resilience4j Reactor module is not on the classpath.
2026-04-13 13:32:24 [restartedMain] DEBUG [RxJava2OnClasspathCondition] - RxJava2 related Aspect extensions are not activated, because RxJava2 is not on the classpath.
2026-04-13 13:32:24 [restartedMain] DEBUG [ReactorOnClasspathCondition] - Reactor related Aspect extensions are not activated because Resilience4j Reactor module is not on the classpath.
2026-04-13 13:32:24 [restartedMain] DEBUG [RxJava2OnClasspathCondition] - RxJava2 related Aspect extensions are not activated, because RxJava2 is not on the classpath.
2026-04-13 13:32:24 [restartedMain] DEBUG [ReactorOnClasspathCondition] - Reactor related Aspect extensions are not activated because Resilience4j Reactor module is not on the classpath.
2026-04-13 13:32:24 [restartedMain] DEBUG [RxJava2OnClasspathCondition] - RxJava2 related Aspect extensions are not activated, because RxJava2 is not on the classpath.
2026-04-13 13:32:24 [restartedMain] DEBUG [ReactorOnClasspathCondition] - Reactor related Aspect extensions are not activated because Resilience4j Reactor module is not on the classpath.
2026-04-13 13:32:24 [restartedMain] DEBUG [RxJava2OnClasspathCondition] - RxJava2 related Aspect extensions are not activated, because RxJava2 is not on the classpath.
2026-04-13 13:32:24 [restartedMain] DEBUG [ReactorOnClasspathCondition] - Reactor related Aspect extensions are not activated because Resilience4j Reactor module is not on the classpath.
2026-04-13 13:32:24 [restartedMain] DEBUG [RxJava2OnClasspathCondition] - RxJava2 related Aspect extensions are not activated, because RxJava2 is not on the classpath.
2026-04-13 13:32:24 [restartedMain] DEBUG [ReactorOnClasspathCondition] - Reactor related Aspect extensions are not activated because Resilience4j Reactor module is not on the classpath.
2026-04-13 13:32:25 [restartedMain] WARN  [deprecation] - HHH90000025: MySQL8Dialect does not need to be specified explicitly using 'hibernate.dialect' (remove the property setting and it will be selected by default)
2026-04-13 13:32:25 [restartedMain] WARN  [deprecation] - HHH90000026: MySQL8Dialect has been deprecated; use org.hibernate.dialect.MySQLDialect instead
2026-04-13 13:32:27 [restartedMain] WARN  [JpaBaseConfiguration$JpaWebConfiguration] - spring.jpa.open-in-view is enabled by default. Therefore, database queries may be performed during view rendering. Explicitly configure spring.jpa.open-in-view to disable this warning
2026-04-13 13:32:27 [restartedMain] DEBUG [Mappings] - 
	c.c.Q.c.StudentController:
	{GET [/students]}: get(String,UserDto)
	{PUT [/students/{id}]}: update(Integer,UpdateEntityModel,String,UserDto)
	{GET [/students/filter]}: filter(Integer,String,String,Integer,Gender,String,String,Double,String,String,Boolean,String,UserDto)
	{DELETE [/students]}: delete(List,String,UserDto)
	{DELETE [/students/cache]}: clearCache(String,UserDto)
	{GET [/students/{userId}]}: getByUserId(Integer,String,UserDto)
	{GET [/students/by-class/{schoolClass}]}: getBySchoolClass(String,String,UserDto)
	{GET [/students/paged]}: getPaged(int,int,String,String,String,UserDto)
2026-04-13 13:32:27 [restartedMain] DEBUG [Mappings] - 
	o.s.b.a.w.s.e.BasicErrorController:
	{ [/error]}: error(HttpServletRequest)
	{ [/error], produces [text/html]}: errorHtml(HttpServletRequest,HttpServletResponse)
2026-04-13 13:32:27 [restartedMain] DEBUG [Mappings] - 'beanNameHandlerMapping' {}
2026-04-13 13:32:27 [restartedMain] DEBUG [Mappings] - 'resourceHandlerMapping' {/webjars/**=ResourceHttpRequestHandler [classpath [META-INF/resources/webjars/]], /**=ResourceHttpRequestHandler [classpath [META-INF/resources/], classpath [resources/], classpath [static/], classpath [public/], ServletContext [/]]}
2026-04-13 13:32:27 [restartedMain] WARN  [ThymeleafAutoConfiguration$DefaultTemplateResolverConfiguration] - Cannot find template location: classpath:/templates/ (please add some templates, check your Thymeleaf configuration, or set spring.thymeleaf.check-template-location=false)
2026-04-13 13:32:28 [restartedMain] INFO  [QlsvApplication] - Started QlsvApplication in 4.197 seconds (process running for 424.87)
2026-04-13 13:33:11 [restartedMain] INFO  [QlsvApplication] - Starting QlsvApplication using Java 17.0.12 with PID 16964 (D:\project IntelliJ Ultimate\modules-parent\qlsv\target\classes started by tranhuy in D:\project IntelliJ Ultimate\modules-parent\qlsv)
2026-04-13 13:33:11 [restartedMain] DEBUG [QlsvApplication] - Running with Spring Boot v3.5.0, Spring v6.2.7
2026-04-13 13:33:11 [restartedMain] INFO  [QlsvApplication] - No active profile set, falling back to 1 default profile: "default"
2026-04-13 13:33:12 [restartedMain] DEBUG [RxJava2OnClasspathCondition] - RxJava2 related Aspect extensions are not activated, because RxJava2 is not on the classpath.
2026-04-13 13:33:12 [restartedMain] DEBUG [ReactorOnClasspathCondition] - Reactor related Aspect extensions are not activated because Resilience4j Reactor module is not on the classpath.
2026-04-13 13:33:12 [restartedMain] DEBUG [RxJava2OnClasspathCondition] - RxJava2 related Aspect extensions are not activated, because RxJava2 is not on the classpath.
2026-04-13 13:33:12 [restartedMain] DEBUG [ReactorOnClasspathCondition] - Reactor related Aspect extensions are not activated because Resilience4j Reactor module is not on the classpath.
2026-04-13 13:33:12 [restartedMain] DEBUG [RxJava2OnClasspathCondition] - RxJava2 related Aspect extensions are not activated, because RxJava2 is not on the classpath.
2026-04-13 13:33:12 [restartedMain] DEBUG [ReactorOnClasspathCondition] - Reactor related Aspect extensions are not activated because Resilience4j Reactor module is not on the classpath.
2026-04-13 13:33:12 [restartedMain] DEBUG [RxJava2OnClasspathCondition] - RxJava2 related Aspect extensions are not activated, because RxJava2 is not on the classpath.
2026-04-13 13:33:12 [restartedMain] DEBUG [ReactorOnClasspathCondition] - Reactor related Aspect extensions are not activated because Resilience4j Reactor module is not on the classpath.
2026-04-13 13:33:12 [restartedMain] DEBUG [RxJava2OnClasspathCondition] - RxJava2 related Aspect extensions are not activated, because RxJava2 is not on the classpath.
2026-04-13 13:33:12 [restartedMain] DEBUG [ReactorOnClasspathCondition] - Reactor related Aspect extensions are not activated because Resilience4j Reactor module is not on the classpath.
2026-04-13 13:33:12 [restartedMain] DEBUG [RxJava2OnClasspathCondition] - RxJava2 related Aspect extensions are not activated, because RxJava2 is not on the classpath.
2026-04-13 13:33:12 [restartedMain] DEBUG [ReactorOnClasspathCondition] - Reactor related Aspect extensions are not activated because Resilience4j Reactor module is not on the classpath.
2026-04-13 13:33:12 [restartedMain] WARN  [deprecation] - HHH90000025: MySQL8Dialect does not need to be specified explicitly using 'hibernate.dialect' (remove the property setting and it will be selected by default)
2026-04-13 13:33:12 [restartedMain] WARN  [deprecation] - HHH90000026: MySQL8Dialect has been deprecated; use org.hibernate.dialect.MySQLDialect instead
2026-04-13 13:33:13 [restartedMain] WARN  [JpaBaseConfiguration$JpaWebConfiguration] - spring.jpa.open-in-view is enabled by default. Therefore, database queries may be performed during view rendering. Explicitly configure spring.jpa.open-in-view to disable this warning
2026-04-13 13:33:14 [restartedMain] DEBUG [Mappings] - 
	c.c.Q.c.StudentController:
	{GET [/students]}: get(String,UserDto)
	{PUT [/students/{id}]}: update(Integer,UpdateEntityModel,String,UserDto)
	{GET [/students/filter]}: filter(Integer,String,String,Integer,Gender,String,String,Double,String,String,Boolean,String,UserDto)
	{DELETE [/students]}: delete(List,String,UserDto)
	{DELETE [/students/cache]}: clearCache(String,UserDto)
	{GET [/students/{userId}]}: getByUserId(Integer,String,UserDto)
	{GET [/students/by-class/{schoolClass}]}: getBySchoolClass(String,String,UserDto)
	{GET [/students/paged]}: getPaged(int,int,String,String,String,UserDto)
2026-04-13 13:33:14 [restartedMain] DEBUG [Mappings] - 
	o.s.b.a.w.s.e.BasicErrorController:
	{ [/error]}: error(HttpServletRequest)
	{ [/error], produces [text/html]}: errorHtml(HttpServletRequest,HttpServletResponse)
2026-04-13 13:33:14 [restartedMain] DEBUG [Mappings] - 'beanNameHandlerMapping' {}
2026-04-13 13:33:14 [restartedMain] DEBUG [Mappings] - 'resourceHandlerMapping' {/webjars/**=ResourceHttpRequestHandler [classpath [META-INF/resources/webjars/]], /**=ResourceHttpRequestHandler [classpath [META-INF/resources/], classpath [resources/], classpath [static/], classpath [public/], ServletContext [/]]}
2026-04-13 13:33:14 [restartedMain] WARN  [ThymeleafAutoConfiguration$DefaultTemplateResolverConfiguration] - Cannot find template location: classpath:/templates/ (please add some templates, check your Thymeleaf configuration, or set spring.thymeleaf.check-template-location=false)
2026-04-13 13:33:16 [restartedMain] INFO  [QlsvApplication] - Started QlsvApplication in 4.563 seconds (process running for 472.614)
2026-04-13 13:33:22 [restartedMain] INFO  [QlsvApplication] - Starting QlsvApplication using Java 17.0.12 with PID 16964 (D:\project IntelliJ Ultimate\modules-parent\qlsv\target\classes started by tranhuy in D:\project IntelliJ Ultimate\modules-parent\qlsv)
2026-04-13 13:33:22 [restartedMain] DEBUG [QlsvApplication] - Running with Spring Boot v3.5.0, Spring v6.2.7
2026-04-13 13:33:22 [restartedMain] INFO  [QlsvApplication] - No active profile set, falling back to 1 default profile: "default"
2026-04-13 13:33:23 [restartedMain] DEBUG [RxJava2OnClasspathCondition] - RxJava2 related Aspect extensions are not activated, because RxJava2 is not on the classpath.
2026-04-13 13:33:23 [restartedMain] DEBUG [ReactorOnClasspathCondition] - Reactor related Aspect extensions are not activated because Resilience4j Reactor module is not on the classpath.
2026-04-13 13:33:23 [restartedMain] DEBUG [RxJava2OnClasspathCondition] - RxJava2 related Aspect extensions are not activated, because RxJava2 is not on the classpath.
2026-04-13 13:33:23 [restartedMain] DEBUG [ReactorOnClasspathCondition] - Reactor related Aspect extensions are not activated because Resilience4j Reactor module is not on the classpath.
2026-04-13 13:33:23 [restartedMain] DEBUG [RxJava2OnClasspathCondition] - RxJava2 related Aspect extensions are not activated, because RxJava2 is not on the classpath.
2026-04-13 13:33:23 [restartedMain] DEBUG [ReactorOnClasspathCondition] - Reactor related Aspect extensions are not activated because Resilience4j Reactor module is not on the classpath.
2026-04-13 13:33:23 [restartedMain] DEBUG [RxJava2OnClasspathCondition] - RxJava2 related Aspect extensions are not activated, because RxJava2 is not on the classpath.
2026-04-13 13:33:23 [restartedMain] DEBUG [ReactorOnClasspathCondition] - Reactor related Aspect extensions are not activated because Resilience4j Reactor module is not on the classpath.
2026-04-13 13:33:23 [restartedMain] DEBUG [RxJava2OnClasspathCondition] - RxJava2 related Aspect extensions are not activated, because RxJava2 is not on the classpath.
2026-04-13 13:33:23 [restartedMain] DEBUG [ReactorOnClasspathCondition] - Reactor related Aspect extensions are not activated because Resilience4j Reactor module is not on the classpath.
2026-04-13 13:33:23 [restartedMain] DEBUG [RxJava2OnClasspathCondition] - RxJava2 related Aspect extensions are not activated, because RxJava2 is not on the classpath.
2026-04-13 13:33:23 [restartedMain] DEBUG [ReactorOnClasspathCondition] - Reactor related Aspect extensions are not activated because Resilience4j Reactor module is not on the classpath.
2026-04-13 13:33:23 [restartedMain] WARN  [deprecation] - HHH90000025: MySQL8Dialect does not need to be specified explicitly using 'hibernate.dialect' (remove the property setting and it will be selected by default)
2026-04-13 13:33:23 [restartedMain] WARN  [deprecation] - HHH90000026: MySQL8Dialect has been deprecated; use org.hibernate.dialect.MySQLDialect instead
2026-04-13 13:33:24 [restartedMain] WARN  [JpaBaseConfiguration$JpaWebConfiguration] - spring.jpa.open-in-view is enabled by default. Therefore, database queries may be performed during view rendering. Explicitly configure spring.jpa.open-in-view to disable this warning
2026-04-13 13:33:24 [restartedMain] DEBUG [Mappings] - 
	c.c.Q.c.StudentController:
	{GET [/students]}: get(String,UserDto)
	{PUT [/students/{id}]}: update(Integer,UpdateEntityModel,String,UserDto)
	{GET [/students/filter]}: filter(Integer,String,String,Integer,Gender,String,String,Double,String,String,Boolean,String,UserDto)
	{DELETE [/students]}: delete(List,String,UserDto)
	{DELETE [/students/cache]}: clearCache(String,UserDto)
	{GET [/students/{userId}]}: getByUserId(Integer,String,UserDto)
	{GET [/students/by-class/{schoolClass}]}: getBySchoolClass(String,String,UserDto)
	{GET [/students/paged]}: getPaged(int,int,String,String,String,UserDto)
2026-04-13 13:33:24 [restartedMain] DEBUG [Mappings] - 
	o.s.b.a.w.s.e.BasicErrorController:
	{ [/error]}: error(HttpServletRequest)
	{ [/error], produces [text/html]}: errorHtml(HttpServletRequest,HttpServletResponse)
2026-04-13 13:33:24 [restartedMain] DEBUG [Mappings] - 'beanNameHandlerMapping' {}
2026-04-13 13:33:24 [restartedMain] DEBUG [Mappings] - 'resourceHandlerMapping' {/webjars/**=ResourceHttpRequestHandler [classpath [META-INF/resources/webjars/]], /**=ResourceHttpRequestHandler [classpath [META-INF/resources/], classpath [resources/], classpath [static/], classpath [public/], ServletContext [/]]}
2026-04-13 13:33:24 [restartedMain] WARN  [ThymeleafAutoConfiguration$DefaultTemplateResolverConfiguration] - Cannot find template location: classpath:/templates/ (please add some templates, check your Thymeleaf configuration, or set spring.thymeleaf.check-template-location=false)
2026-04-13 13:33:25 [restartedMain] INFO  [QlsvApplication] - Started QlsvApplication in 3.6 seconds (process running for 482.546)
2026-04-13 13:33:53 [restartedMain] INFO  [QlsvApplication] - Starting QlsvApplication using Java 17.0.12 with PID 16964 (D:\project IntelliJ Ultimate\modules-parent\qlsv\target\classes started by tranhuy in D:\project IntelliJ Ultimate\modules-parent\qlsv)
2026-04-13 13:33:53 [restartedMain] DEBUG [QlsvApplication] - Running with Spring Boot v3.5.0, Spring v6.2.7
2026-04-13 13:33:53 [restartedMain] INFO  [QlsvApplication] - No active profile set, falling back to 1 default profile: "default"
2026-04-13 13:33:53 [restartedMain] DEBUG [RxJava2OnClasspathCondition] - RxJava2 related Aspect extensions are not activated, because RxJava2 is not on the classpath.
2026-04-13 13:33:53 [restartedMain] DEBUG [ReactorOnClasspathCondition] - Reactor related Aspect extensions are not activated because Resilience4j Reactor module is not on the classpath.
2026-04-13 13:33:53 [restartedMain] DEBUG [RxJava2OnClasspathCondition] - RxJava2 related Aspect extensions are not activated, because RxJava2 is not on the classpath.
2026-04-13 13:33:53 [restartedMain] DEBUG [ReactorOnClasspathCondition] - Reactor related Aspect extensions are not activated because Resilience4j Reactor module is not on the classpath.
2026-04-13 13:33:53 [restartedMain] DEBUG [RxJava2OnClasspathCondition] - RxJava2 related Aspect extensions are not activated, because RxJava2 is not on the classpath.
2026-04-13 13:33:53 [restartedMain] DEBUG [ReactorOnClasspathCondition] - Reactor related Aspect extensions are not activated because Resilience4j Reactor module is not on the classpath.
2026-04-13 13:33:53 [restartedMain] DEBUG [RxJava2OnClasspathCondition] - RxJava2 related Aspect extensions are not activated, because RxJava2 is not on the classpath.
2026-04-13 13:33:53 [restartedMain] DEBUG [ReactorOnClasspathCondition] - Reactor related Aspect extensions are not activated because Resilience4j Reactor module is not on the classpath.
2026-04-13 13:33:53 [restartedMain] DEBUG [RxJava2OnClasspathCondition] - RxJava2 related Aspect extensions are not activated, because RxJava2 is not on the classpath.
2026-04-13 13:33:53 [restartedMain] DEBUG [ReactorOnClasspathCondition] - Reactor related Aspect extensions are not activated because Resilience4j Reactor module is not on the classpath.
2026-04-13 13:33:54 [restartedMain] DEBUG [RxJava2OnClasspathCondition] - RxJava2 related Aspect extensions are not activated, because RxJava2 is not on the classpath.
2026-04-13 13:33:54 [restartedMain] DEBUG [ReactorOnClasspathCondition] - Reactor related Aspect extensions are not activated because Resilience4j Reactor module is not on the classpath.
2026-04-13 13:33:55 [restartedMain] WARN  [deprecation] - HHH90000025: MySQL8Dialect does not need to be specified explicitly using 'hibernate.dialect' (remove the property setting and it will be selected by default)
2026-04-13 13:33:55 [restartedMain] WARN  [deprecation] - HHH90000026: MySQL8Dialect has been deprecated; use org.hibernate.dialect.MySQLDialect instead
2026-04-13 13:33:56 [restartedMain] WARN  [JpaBaseConfiguration$JpaWebConfiguration] - spring.jpa.open-in-view is enabled by default. Therefore, database queries may be performed during view rendering. Explicitly configure spring.jpa.open-in-view to disable this warning
2026-04-13 13:33:56 [restartedMain] DEBUG [Mappings] - 
	c.c.Q.c.StudentController:
	{GET [/students]}: get(String,UserDto)
	{PUT [/students/{id}]}: update(Integer,UpdateEntityModel,String,UserDto)
	{GET [/students/filter]}: filter(Integer,String,String,Integer,Gender,String,String,Double,String,String,Boolean,String,UserDto)
	{DELETE [/students]}: delete(List,String,UserDto)
	{DELETE [/students/cache]}: clearCache(String,UserDto)
	{GET [/students/{userId}]}: getByUserId(Integer,String,UserDto)
	{GET [/students/by-class/{schoolClass}]}: getBySchoolClass(String,String,UserDto)
	{GET [/students/paged]}: getPaged(int,int,String,String,String,UserDto)
2026-04-13 13:33:56 [restartedMain] DEBUG [Mappings] - 
	o.s.b.a.w.s.e.BasicErrorController:
	{ [/error]}: error(HttpServletRequest)
	{ [/error], produces [text/html]}: errorHtml(HttpServletRequest,HttpServletResponse)
2026-04-13 13:33:56 [restartedMain] DEBUG [Mappings] - 'beanNameHandlerMapping' {}
2026-04-13 13:33:56 [restartedMain] DEBUG [Mappings] - 'resourceHandlerMapping' {/webjars/**=ResourceHttpRequestHandler [classpath [META-INF/resources/webjars/]], /**=ResourceHttpRequestHandler [classpath [META-INF/resources/], classpath [resources/], classpath [static/], classpath [public/], ServletContext [/]]}
2026-04-13 13:33:56 [restartedMain] WARN  [ThymeleafAutoConfiguration$DefaultTemplateResolverConfiguration] - Cannot find template location: classpath:/templates/ (please add some templates, check your Thymeleaf configuration, or set spring.thymeleaf.check-template-location=false)
2026-04-13 13:33:58 [restartedMain] INFO  [QlsvApplication] - Started QlsvApplication in 5.103 seconds (process running for 514.978)
2026-04-13 13:34:01 [restartedMain] INFO  [QlsvApplication] - Starting QlsvApplication using Java 17.0.12 with PID 16964 (D:\project IntelliJ Ultimate\modules-parent\qlsv\target\classes started by tranhuy in D:\project IntelliJ Ultimate\modules-parent\qlsv)
2026-04-13 13:34:01 [restartedMain] DEBUG [QlsvApplication] - Running with Spring Boot v3.5.0, Spring v6.2.7
2026-04-13 13:34:01 [restartedMain] INFO  [QlsvApplication] - No active profile set, falling back to 1 default profile: "default"
2026-04-13 13:34:02 [restartedMain] DEBUG [RxJava2OnClasspathCondition] - RxJava2 related Aspect extensions are not activated, because RxJava2 is not on the classpath.
2026-04-13 13:34:02 [restartedMain] DEBUG [ReactorOnClasspathCondition] - Reactor related Aspect extensions are not activated because Resilience4j Reactor module is not on the classpath.
2026-04-13 13:34:02 [restartedMain] DEBUG [RxJava2OnClasspathCondition] - RxJava2 related Aspect extensions are not activated, because RxJava2 is not on the classpath.
2026-04-13 13:34:02 [restartedMain] DEBUG [ReactorOnClasspathCondition] - Reactor related Aspect extensions are not activated because Resilience4j Reactor module is not on the classpath.
2026-04-13 13:34:02 [restartedMain] DEBUG [RxJava2OnClasspathCondition] - RxJava2 related Aspect extensions are not activated, because RxJava2 is not on the classpath.
2026-04-13 13:34:02 [restartedMain] DEBUG [ReactorOnClasspathCondition] - Reactor related Aspect extensions are not activated because Resilience4j Reactor module is not on the classpath.
2026-04-13 13:34:02 [restartedMain] DEBUG [RxJava2OnClasspathCondition] - RxJava2 related Aspect extensions are not activated, because RxJava2 is not on the classpath.
2026-04-13 13:34:02 [restartedMain] DEBUG [ReactorOnClasspathCondition] - Reactor related Aspect extensions are not activated because Resilience4j Reactor module is not on the classpath.
2026-04-13 13:34:02 [restartedMain] DEBUG [RxJava2OnClasspathCondition] - RxJava2 related Aspect extensions are not activated, because RxJava2 is not on the classpath.
2026-04-13 13:34:02 [restartedMain] DEBUG [ReactorOnClasspathCondition] - Reactor related Aspect extensions are not activated because Resilience4j Reactor module is not on the classpath.
2026-04-13 13:34:02 [restartedMain] DEBUG [RxJava2OnClasspathCondition] - RxJava2 related Aspect extensions are not activated, because RxJava2 is not on the classpath.
2026-04-13 13:34:02 [restartedMain] DEBUG [ReactorOnClasspathCondition] - Reactor related Aspect extensions are not activated because Resilience4j Reactor module is not on the classpath.
2026-04-13 13:34:04 [restartedMain] WARN  [deprecation] - HHH90000025: MySQL8Dialect does not need to be specified explicitly using 'hibernate.dialect' (remove the property setting and it will be selected by default)
2026-04-13 13:34:04 [restartedMain] WARN  [deprecation] - HHH90000026: MySQL8Dialect has been deprecated; use org.hibernate.dialect.MySQLDialect instead
2026-04-13 13:34:07 [restartedMain] WARN  [JpaBaseConfiguration$JpaWebConfiguration] - spring.jpa.open-in-view is enabled by default. Therefore, database queries may be performed during view rendering. Explicitly configure spring.jpa.open-in-view to disable this warning
2026-04-13 13:34:07 [restartedMain] DEBUG [Mappings] - 
	c.c.Q.c.StudentController:
	{GET [/students]}: get(String,UserDto)
	{PUT [/students/{id}]}: update(Integer,UpdateEntityModel,String,UserDto)
	{GET [/students/filter]}: filter(Integer,String,String,Integer,Gender,String,String,Double,String,String,Boolean,String,UserDto)
	{DELETE [/students]}: delete(List,String,UserDto)
	{DELETE [/students/cache]}: clearCache(String,UserDto)
	{GET [/students/{userId}]}: getByUserId(Integer,String,UserDto)
	{GET [/students/by-class/{schoolClass}]}: getBySchoolClass(String,String,UserDto)
	{GET [/students/paged]}: getPaged(int,int,String,String,String,UserDto)
2026-04-13 13:34:07 [restartedMain] DEBUG [Mappings] - 
	o.s.b.a.w.s.e.BasicErrorController:
	{ [/error]}: error(HttpServletRequest)
	{ [/error], produces [text/html]}: errorHtml(HttpServletRequest,HttpServletResponse)
2026-04-13 13:34:07 [restartedMain] DEBUG [Mappings] - 'beanNameHandlerMapping' {}
2026-04-13 13:34:07 [restartedMain] DEBUG [Mappings] - 'resourceHandlerMapping' {/webjars/**=ResourceHttpRequestHandler [classpath [META-INF/resources/webjars/]], /**=ResourceHttpRequestHandler [classpath [META-INF/resources/], classpath [resources/], classpath [static/], classpath [public/], ServletContext [/]]}
2026-04-13 13:34:07 [restartedMain] WARN  [ThymeleafAutoConfiguration$DefaultTemplateResolverConfiguration] - Cannot find template location: classpath:/templates/ (please add some templates, check your Thymeleaf configuration, or set spring.thymeleaf.check-template-location=false)
2026-04-13 13:34:09 [restartedMain] INFO  [QlsvApplication] - Started QlsvApplication in 7.85 seconds (process running for 525.646)
2026-04-13 13:34:11 [restartedMain] INFO  [QlsvApplication] - Starting QlsvApplication using Java 17.0.12 with PID 16964 (D:\project IntelliJ Ultimate\modules-parent\qlsv\target\classes started by tranhuy in D:\project IntelliJ Ultimate\modules-parent\qlsv)
2026-04-13 13:34:11 [restartedMain] DEBUG [QlsvApplication] - Running with Spring Boot v3.5.0, Spring v6.2.7
2026-04-13 13:34:11 [restartedMain] INFO  [QlsvApplication] - No active profile set, falling back to 1 default profile: "default"
2026-04-13 13:34:11 [restartedMain] DEBUG [RxJava2OnClasspathCondition] - RxJava2 related Aspect extensions are not activated, because RxJava2 is not on the classpath.
2026-04-13 13:34:11 [restartedMain] DEBUG [ReactorOnClasspathCondition] - Reactor related Aspect extensions are not activated because Resilience4j Reactor module is not on the classpath.
2026-04-13 13:34:11 [restartedMain] DEBUG [RxJava2OnClasspathCondition] - RxJava2 related Aspect extensions are not activated, because RxJava2 is not on the classpath.
2026-04-13 13:34:11 [restartedMain] DEBUG [ReactorOnClasspathCondition] - Reactor related Aspect extensions are not activated because Resilience4j Reactor module is not on the classpath.
2026-04-13 13:34:11 [restartedMain] DEBUG [RxJava2OnClasspathCondition] - RxJava2 related Aspect extensions are not activated, because RxJava2 is not on the classpath.
2026-04-13 13:34:11 [restartedMain] DEBUG [ReactorOnClasspathCondition] - Reactor related Aspect extensions are not activated because Resilience4j Reactor module is not on the classpath.
2026-04-13 13:34:11 [restartedMain] DEBUG [RxJava2OnClasspathCondition] - RxJava2 related Aspect extensions are not activated, because RxJava2 is not on the classpath.
2026-04-13 13:34:11 [restartedMain] DEBUG [ReactorOnClasspathCondition] - Reactor related Aspect extensions are not activated because Resilience4j Reactor module is not on the classpath.
2026-04-13 13:34:11 [restartedMain] DEBUG [RxJava2OnClasspathCondition] - RxJava2 related Aspect extensions are not activated, because RxJava2 is not on the classpath.
2026-04-13 13:34:11 [restartedMain] DEBUG [ReactorOnClasspathCondition] - Reactor related Aspect extensions are not activated because Resilience4j Reactor module is not on the classpath.
2026-04-13 13:34:11 [restartedMain] DEBUG [RxJava2OnClasspathCondition] - RxJava2 related Aspect extensions are not activated, because RxJava2 is not on the classpath.
2026-04-13 13:34:11 [restartedMain] DEBUG [ReactorOnClasspathCondition] - Reactor related Aspect extensions are not activated because Resilience4j Reactor module is not on the classpath.
2026-04-13 13:34:12 [restartedMain] WARN  [deprecation] - HHH90000025: MySQL8Dialect does not need to be specified explicitly using 'hibernate.dialect' (remove the property setting and it will be selected by default)
2026-04-13 13:34:12 [restartedMain] WARN  [deprecation] - HHH90000026: MySQL8Dialect has been deprecated; use org.hibernate.dialect.MySQLDialect instead
2026-04-13 13:34:13 [restartedMain] WARN  [JpaBaseConfiguration$JpaWebConfiguration] - spring.jpa.open-in-view is enabled by default. Therefore, database queries may be performed during view rendering. Explicitly configure spring.jpa.open-in-view to disable this warning
2026-04-13 13:34:13 [restartedMain] DEBUG [Mappings] - 
	c.c.Q.c.StudentController:
	{GET [/students]}: get(String,UserDto)
	{PUT [/students/{id}]}: update(Integer,UpdateEntityModel,String,UserDto)
	{GET [/students/filter]}: filter(Integer,String,String,Integer,Gender,String,String,Double,String,String,Boolean,String,UserDto)
	{DELETE [/students]}: delete(List,String,UserDto)
	{DELETE [/students/cache]}: clearCache(String,UserDto)
	{GET [/students/{userId}]}: getByUserId(Integer,String,UserDto)
	{GET [/students/by-class/{schoolClass}]}: getBySchoolClass(String,String,UserDto)
	{GET [/students/paged]}: getPaged(int,int,String,String,String,UserDto)
2026-04-13 13:34:13 [restartedMain] DEBUG [Mappings] - 
	o.s.b.a.w.s.e.BasicErrorController:
	{ [/error]}: error(HttpServletRequest)
	{ [/error], produces [text/html]}: errorHtml(HttpServletRequest,HttpServletResponse)
2026-04-13 13:34:13 [restartedMain] DEBUG [Mappings] - 'beanNameHandlerMapping' {}
2026-04-13 13:34:13 [restartedMain] DEBUG [Mappings] - 'resourceHandlerMapping' {/webjars/**=ResourceHttpRequestHandler [classpath [META-INF/resources/webjars/]], /**=ResourceHttpRequestHandler [classpath [META-INF/resources/], classpath [resources/], classpath [static/], classpath [public/], ServletContext [/]]}
2026-04-13 13:34:13 [restartedMain] WARN  [ThymeleafAutoConfiguration$DefaultTemplateResolverConfiguration] - Cannot find template location: classpath:/templates/ (please add some templates, check your Thymeleaf configuration, or set spring.thymeleaf.check-template-location=false)
2026-04-13 13:34:14 [restartedMain] INFO  [QlsvApplication] - Started QlsvApplication in 3.558 seconds (process running for 531.295)
2026-04-13 13:34:17 [restartedMain] INFO  [QlsvApplication] - Starting QlsvApplication using Java 17.0.12 with PID 16964 (D:\project IntelliJ Ultimate\modules-parent\qlsv\target\classes started by tranhuy in D:\project IntelliJ Ultimate\modules-parent\qlsv)
2026-04-13 13:34:17 [restartedMain] DEBUG [QlsvApplication] - Running with Spring Boot v3.5.0, Spring v6.2.7
2026-04-13 13:34:17 [restartedMain] INFO  [QlsvApplication] - No active profile set, falling back to 1 default profile: "default"
2026-04-13 13:34:18 [restartedMain] DEBUG [RxJava2OnClasspathCondition] - RxJava2 related Aspect extensions are not activated, because RxJava2 is not on the classpath.
2026-04-13 13:34:18 [restartedMain] DEBUG [ReactorOnClasspathCondition] - Reactor related Aspect extensions are not activated because Resilience4j Reactor module is not on the classpath.
2026-04-13 13:34:18 [restartedMain] DEBUG [RxJava2OnClasspathCondition] - RxJava2 related Aspect extensions are not activated, because RxJava2 is not on the classpath.
2026-04-13 13:34:18 [restartedMain] DEBUG [ReactorOnClasspathCondition] - Reactor related Aspect extensions are not activated because Resilience4j Reactor module is not on the classpath.
2026-04-13 13:34:18 [restartedMain] DEBUG [RxJava2OnClasspathCondition] - RxJava2 related Aspect extensions are not activated, because RxJava2 is not on the classpath.
2026-04-13 13:34:18 [restartedMain] DEBUG [ReactorOnClasspathCondition] - Reactor related Aspect extensions are not activated because Resilience4j Reactor module is not on the classpath.
2026-04-13 13:34:18 [restartedMain] DEBUG [RxJava2OnClasspathCondition] - RxJava2 related Aspect extensions are not activated, because RxJava2 is not on the classpath.
2026-04-13 13:34:18 [restartedMain] DEBUG [ReactorOnClasspathCondition] - Reactor related Aspect extensions are not activated because Resilience4j Reactor module is not on the classpath.
2026-04-13 13:34:18 [restartedMain] DEBUG [RxJava2OnClasspathCondition] - RxJava2 related Aspect extensions are not activated, because RxJava2 is not on the classpath.
2026-04-13 13:34:18 [restartedMain] DEBUG [ReactorOnClasspathCondition] - Reactor related Aspect extensions are not activated because Resilience4j Reactor module is not on the classpath.
2026-04-13 13:34:18 [restartedMain] DEBUG [RxJava2OnClasspathCondition] - RxJava2 related Aspect extensions are not activated, because RxJava2 is not on the classpath.
2026-04-13 13:34:18 [restartedMain] DEBUG [ReactorOnClasspathCondition] - Reactor related Aspect extensions are not activated because Resilience4j Reactor module is not on the classpath.
2026-04-13 13:34:19 [restartedMain] WARN  [deprecation] - HHH90000025: MySQL8Dialect does not need to be specified explicitly using 'hibernate.dialect' (remove the property setting and it will be selected by default)
2026-04-13 13:34:19 [restartedMain] WARN  [deprecation] - HHH90000026: MySQL8Dialect has been deprecated; use org.hibernate.dialect.MySQLDialect instead
2026-04-13 13:34:20 [restartedMain] WARN  [JpaBaseConfiguration$JpaWebConfiguration] - spring.jpa.open-in-view is enabled by default. Therefore, database queries may be performed during view rendering. Explicitly configure spring.jpa.open-in-view to disable this warning
2026-04-13 13:34:20 [restartedMain] DEBUG [Mappings] - 
	c.c.Q.c.StudentController:
	{GET [/students]}: get(String,UserDto)
	{PUT [/students/{id}]}: update(Integer,UpdateEntityModel,String,UserDto)
	{GET [/students/filter]}: filter(Integer,String,String,Integer,Gender,String,String,Double,String,String,Boolean,String,UserDto)
	{DELETE [/students]}: delete(List,String,UserDto)
	{DELETE [/students/cache]}: clearCache(String,UserDto)
	{GET [/students/{userId}]}: getByUserId(Integer,String,UserDto)
	{GET [/students/by-class/{schoolClass}]}: getBySchoolClass(String,String,UserDto)
	{GET [/students/paged]}: getPaged(int,int,String,String,String,UserDto)
2026-04-13 13:34:20 [restartedMain] DEBUG [Mappings] - 
	o.s.b.a.w.s.e.BasicErrorController:
	{ [/error]}: error(HttpServletRequest)
	{ [/error], produces [text/html]}: errorHtml(HttpServletRequest,HttpServletResponse)
2026-04-13 13:34:20 [restartedMain] DEBUG [Mappings] - 'beanNameHandlerMapping' {}
2026-04-13 13:34:20 [restartedMain] DEBUG [Mappings] - 'resourceHandlerMapping' {/webjars/**=ResourceHttpRequestHandler [classpath [META-INF/resources/webjars/]], /**=ResourceHttpRequestHandler [classpath [META-INF/resources/], classpath [resources/], classpath [static/], classpath [public/], ServletContext [/]]}
2026-04-13 13:34:20 [restartedMain] WARN  [ThymeleafAutoConfiguration$DefaultTemplateResolverConfiguration] - Cannot find template location: classpath:/templates/ (please add some templates, check your Thymeleaf configuration, or set spring.thymeleaf.check-template-location=false)
2026-04-13 13:34:21 [restartedMain] INFO  [QlsvApplication] - Started QlsvApplication in 3.264 seconds (process running for 537.577)
2026-04-13 13:34:33 [restartedMain] INFO  [QlsvApplication] - Starting QlsvApplication using Java 17.0.12 with PID 16964 (D:\project IntelliJ Ultimate\modules-parent\qlsv\target\classes started by tranhuy in D:\project IntelliJ Ultimate\modules-parent\qlsv)
2026-04-13 13:34:33 [restartedMain] DEBUG [QlsvApplication] - Running with Spring Boot v3.5.0, Spring v6.2.7
2026-04-13 13:34:33 [restartedMain] INFO  [QlsvApplication] - No active profile set, falling back to 1 default profile: "default"
2026-04-13 13:34:34 [restartedMain] DEBUG [RxJava2OnClasspathCondition] - RxJava2 related Aspect extensions are not activated, because RxJava2 is not on the classpath.
2026-04-13 13:34:34 [restartedMain] DEBUG [ReactorOnClasspathCondition] - Reactor related Aspect extensions are not activated because Resilience4j Reactor module is not on the classpath.
2026-04-13 13:34:34 [restartedMain] DEBUG [RxJava2OnClasspathCondition] - RxJava2 related Aspect extensions are not activated, because RxJava2 is not on the classpath.
2026-04-13 13:34:34 [restartedMain] DEBUG [ReactorOnClasspathCondition] - Reactor related Aspect extensions are not activated because Resilience4j Reactor module is not on the classpath.
2026-04-13 13:34:34 [restartedMain] DEBUG [RxJava2OnClasspathCondition] - RxJava2 related Aspect extensions are not activated, because RxJava2 is not on the classpath.
2026-04-13 13:34:34 [restartedMain] DEBUG [ReactorOnClasspathCondition] - Reactor related Aspect extensions are not activated because Resilience4j Reactor module is not on the classpath.
2026-04-13 13:34:34 [restartedMain] DEBUG [RxJava2OnClasspathCondition] - RxJava2 related Aspect extensions are not activated, because RxJava2 is not on the classpath.
2026-04-13 13:34:34 [restartedMain] DEBUG [ReactorOnClasspathCondition] - Reactor related Aspect extensions are not activated because Resilience4j Reactor module is not on the classpath.
2026-04-13 13:34:34 [restartedMain] DEBUG [RxJava2OnClasspathCondition] - RxJava2 related Aspect extensions are not activated, because RxJava2 is not on the classpath.
2026-04-13 13:34:34 [restartedMain] DEBUG [ReactorOnClasspathCondition] - Reactor related Aspect extensions are not activated because Resilience4j Reactor module is not on the classpath.
2026-04-13 13:34:34 [restartedMain] DEBUG [RxJava2OnClasspathCondition] - RxJava2 related Aspect extensions are not activated, because RxJava2 is not on the classpath.
2026-04-13 13:34:34 [restartedMain] DEBUG [ReactorOnClasspathCondition] - Reactor related Aspect extensions are not activated because Resilience4j Reactor module is not on the classpath.
2026-04-13 13:34:34 [restartedMain] WARN  [deprecation] - HHH90000025: MySQL8Dialect does not need to be specified explicitly using 'hibernate.dialect' (remove the property setting and it will be selected by default)
2026-04-13 13:34:34 [restartedMain] WARN  [deprecation] - HHH90000026: MySQL8Dialect has been deprecated; use org.hibernate.dialect.MySQLDialect instead
2026-04-13 13:34:35 [restartedMain] WARN  [JpaBaseConfiguration$JpaWebConfiguration] - spring.jpa.open-in-view is enabled by default. Therefore, database queries may be performed during view rendering. Explicitly configure spring.jpa.open-in-view to disable this warning
2026-04-13 13:34:35 [restartedMain] DEBUG [Mappings] - 
	c.c.Q.c.StudentController:
	{GET [/students]}: get(String,UserDto)
	{PUT [/students/{id}]}: update(Integer,UpdateEntityModel,String,UserDto)
	{GET [/students/filter]}: filter(Integer,String,String,Integer,Gender,String,String,Double,String,String,Boolean,String,UserDto)
	{DELETE [/students]}: delete(List,String,UserDto)
	{DELETE [/students/cache]}: clearCache(String,UserDto)
	{GET [/students/{userId}]}: getByUserId(Integer,String,UserDto)
	{GET [/students/by-class/{schoolClass}]}: getBySchoolClass(String,String,UserDto)
	{GET [/students/paged]}: getPaged(int,int,String,String,String,UserDto)
2026-04-13 13:34:35 [restartedMain] DEBUG [Mappings] - 
	o.s.b.a.w.s.e.BasicErrorController:
	{ [/error]}: error(HttpServletRequest)
	{ [/error], produces [text/html]}: errorHtml(HttpServletRequest,HttpServletResponse)
2026-04-13 13:34:35 [restartedMain] DEBUG [Mappings] - 'beanNameHandlerMapping' {}
2026-04-13 13:34:35 [restartedMain] DEBUG [Mappings] - 'resourceHandlerMapping' {/webjars/**=ResourceHttpRequestHandler [classpath [META-INF/resources/webjars/]], /**=ResourceHttpRequestHandler [classpath [META-INF/resources/], classpath [resources/], classpath [static/], classpath [public/], ServletContext [/]]}
2026-04-13 13:34:35 [restartedMain] WARN  [ThymeleafAutoConfiguration$DefaultTemplateResolverConfiguration] - Cannot find template location: classpath:/templates/ (please add some templates, check your Thymeleaf configuration, or set spring.thymeleaf.check-template-location=false)
2026-04-13 13:34:36 [restartedMain] INFO  [QlsvApplication] - Started QlsvApplication in 3.308 seconds (process running for 553.381)
2026-04-13 13:35:01 [restartedMain] INFO  [QlsvApplication] - Starting QlsvApplication using Java 17.0.12 with PID 16964 (D:\project IntelliJ Ultimate\modules-parent\qlsv\target\classes started by tranhuy in D:\project IntelliJ Ultimate\modules-parent\qlsv)
2026-04-13 13:35:01 [restartedMain] DEBUG [QlsvApplication] - Running with Spring Boot v3.5.0, Spring v6.2.7
2026-04-13 13:35:01 [restartedMain] INFO  [QlsvApplication] - No active profile set, falling back to 1 default profile: "default"
2026-04-13 13:35:01 [restartedMain] DEBUG [RxJava2OnClasspathCondition] - RxJava2 related Aspect extensions are not activated, because RxJava2 is not on the classpath.
2026-04-13 13:35:01 [restartedMain] DEBUG [ReactorOnClasspathCondition] - Reactor related Aspect extensions are not activated because Resilience4j Reactor module is not on the classpath.
2026-04-13 13:35:01 [restartedMain] DEBUG [RxJava2OnClasspathCondition] - RxJava2 related Aspect extensions are not activated, because RxJava2 is not on the classpath.
2026-04-13 13:35:01 [restartedMain] DEBUG [ReactorOnClasspathCondition] - Reactor related Aspect extensions are not activated because Resilience4j Reactor module is not on the classpath.
2026-04-13 13:35:01 [restartedMain] DEBUG [RxJava2OnClasspathCondition] - RxJava2 related Aspect extensions are not activated, because RxJava2 is not on the classpath.
2026-04-13 13:35:01 [restartedMain] DEBUG [ReactorOnClasspathCondition] - Reactor related Aspect extensions are not activated because Resilience4j Reactor module is not on the classpath.
2026-04-13 13:35:01 [restartedMain] DEBUG [RxJava2OnClasspathCondition] - RxJava2 related Aspect extensions are not activated, because RxJava2 is not on the classpath.
2026-04-13 13:35:01 [restartedMain] DEBUG [ReactorOnClasspathCondition] - Reactor related Aspect extensions are not activated because Resilience4j Reactor module is not on the classpath.
2026-04-13 13:35:01 [restartedMain] DEBUG [RxJava2OnClasspathCondition] - RxJava2 related Aspect extensions are not activated, because RxJava2 is not on the classpath.
2026-04-13 13:35:01 [restartedMain] DEBUG [ReactorOnClasspathCondition] - Reactor related Aspect extensions are not activated because Resilience4j Reactor module is not on the classpath.
2026-04-13 13:35:01 [restartedMain] DEBUG [RxJava2OnClasspathCondition] - RxJava2 related Aspect extensions are not activated, because RxJava2 is not on the classpath.
2026-04-13 13:35:01 [restartedMain] DEBUG [ReactorOnClasspathCondition] - Reactor related Aspect extensions are not activated because Resilience4j Reactor module is not on the classpath.
2026-04-13 13:35:02 [restartedMain] WARN  [deprecation] - HHH90000025: MySQL8Dialect does not need to be specified explicitly using 'hibernate.dialect' (remove the property setting and it will be selected by default)
2026-04-13 13:35:02 [restartedMain] WARN  [deprecation] - HHH90000026: MySQL8Dialect has been deprecated; use org.hibernate.dialect.MySQLDialect instead
2026-04-13 13:35:03 [restartedMain] WARN  [JpaBaseConfiguration$JpaWebConfiguration] - spring.jpa.open-in-view is enabled by default. Therefore, database queries may be performed during view rendering. Explicitly configure spring.jpa.open-in-view to disable this warning
2026-04-13 13:35:03 [restartedMain] DEBUG [Mappings] - 
	c.c.Q.c.StudentController:
	{GET [/students]}: get(String,UserDto)
	{PUT [/students/{id}]}: update(Integer,UpdateEntityModel,String,UserDto)
	{GET [/students/filter]}: filter(Integer,String,String,Integer,Gender,String,String,Double,String,String,Boolean,String,UserDto)
	{DELETE [/students]}: delete(List,String,UserDto)
	{DELETE [/students/cache]}: clearCache(String,UserDto)
	{GET [/students/{userId}]}: getByUserId(Integer,String,UserDto)
	{GET [/students/by-class/{schoolClass}]}: getBySchoolClass(String,String,UserDto)
	{GET [/students/paged]}: getPaged(int,int,String,String,String,UserDto)
2026-04-13 13:35:03 [restartedMain] DEBUG [Mappings] - 
	o.s.b.a.w.s.e.BasicErrorController:
	{ [/error]}: error(HttpServletRequest)
	{ [/error], produces [text/html]}: errorHtml(HttpServletRequest,HttpServletResponse)
2026-04-13 13:35:03 [restartedMain] DEBUG [Mappings] - 'beanNameHandlerMapping' {}
2026-04-13 13:35:03 [restartedMain] DEBUG [Mappings] - 'resourceHandlerMapping' {/webjars/**=ResourceHttpRequestHandler [classpath [META-INF/resources/webjars/]], /**=ResourceHttpRequestHandler [classpath [META-INF/resources/], classpath [resources/], classpath [static/], classpath [public/], ServletContext [/]]}
2026-04-13 13:35:03 [restartedMain] WARN  [ThymeleafAutoConfiguration$DefaultTemplateResolverConfiguration] - Cannot find template location: classpath:/templates/ (please add some templates, check your Thymeleaf configuration, or set spring.thymeleaf.check-template-location=false)
2026-04-13 13:35:05 [restartedMain] INFO  [QlsvApplication] - Started QlsvApplication in 3.838 seconds (process running for 581.779)
2026-04-13 13:36:24 [restartedMain] INFO  [QlsvApplication] - Starting QlsvApplication using Java 17.0.12 with PID 16964 (D:\project IntelliJ Ultimate\modules-parent\qlsv\target\classes started by tranhuy in D:\project IntelliJ Ultimate\modules-parent\qlsv)
2026-04-13 13:36:24 [restartedMain] DEBUG [QlsvApplication] - Running with Spring Boot v3.5.0, Spring v6.2.7
2026-04-13 13:36:24 [restartedMain] INFO  [QlsvApplication] - No active profile set, falling back to 1 default profile: "default"
2026-04-13 13:36:24 [restartedMain] DEBUG [RxJava2OnClasspathCondition] - RxJava2 related Aspect extensions are not activated, because RxJava2 is not on the classpath.
2026-04-13 13:36:24 [restartedMain] DEBUG [ReactorOnClasspathCondition] - Reactor related Aspect extensions are not activated because Resilience4j Reactor module is not on the classpath.
2026-04-13 13:36:24 [restartedMain] DEBUG [RxJava2OnClasspathCondition] - RxJava2 related Aspect extensions are not activated, because RxJava2 is not on the classpath.
2026-04-13 13:36:24 [restartedMain] DEBUG [ReactorOnClasspathCondition] - Reactor related Aspect extensions are not activated because Resilience4j Reactor module is not on the classpath.
2026-04-13 13:36:24 [restartedMain] DEBUG [RxJava2OnClasspathCondition] - RxJava2 related Aspect extensions are not activated, because RxJava2 is not on the classpath.
2026-04-13 13:36:24 [restartedMain] DEBUG [ReactorOnClasspathCondition] - Reactor related Aspect extensions are not activated because Resilience4j Reactor module is not on the classpath.
2026-04-13 13:36:24 [restartedMain] DEBUG [RxJava2OnClasspathCondition] - RxJava2 related Aspect extensions are not activated, because RxJava2 is not on the classpath.
2026-04-13 13:36:24 [restartedMain] DEBUG [ReactorOnClasspathCondition] - Reactor related Aspect extensions are not activated because Resilience4j Reactor module is not on the classpath.
2026-04-13 13:36:24 [restartedMain] DEBUG [RxJava2OnClasspathCondition] - RxJava2 related Aspect extensions are not activated, because RxJava2 is not on the classpath.
2026-04-13 13:36:24 [restartedMain] DEBUG [ReactorOnClasspathCondition] - Reactor related Aspect extensions are not activated because Resilience4j Reactor module is not on the classpath.
2026-04-13 13:36:24 [restartedMain] DEBUG [RxJava2OnClasspathCondition] - RxJava2 related Aspect extensions are not activated, because RxJava2 is not on the classpath.
2026-04-13 13:36:24 [restartedMain] DEBUG [ReactorOnClasspathCondition] - Reactor related Aspect extensions are not activated because Resilience4j Reactor module is not on the classpath.
2026-04-13 13:36:25 [restartedMain] WARN  [deprecation] - HHH90000025: MySQL8Dialect does not need to be specified explicitly using 'hibernate.dialect' (remove the property setting and it will be selected by default)
2026-04-13 13:36:25 [restartedMain] WARN  [deprecation] - HHH90000026: MySQL8Dialect has been deprecated; use org.hibernate.dialect.MySQLDialect instead
2026-04-13 13:36:26 [restartedMain] WARN  [JpaBaseConfiguration$JpaWebConfiguration] - spring.jpa.open-in-view is enabled by default. Therefore, database queries may be performed during view rendering. Explicitly configure spring.jpa.open-in-view to disable this warning
2026-04-13 13:36:26 [restartedMain] DEBUG [Mappings] - 
	c.c.Q.c.StudentController:
	{GET [/students]}: get(String,UserDto)
	{PUT [/students/{id}]}: update(Integer,UpdateEntityModel,String,UserDto)
	{GET [/students/filter]}: filter(Integer,String,String,Integer,Gender,String,String,Double,String,String,Boolean,String,UserDto)
	{DELETE [/students]}: delete(List,String,UserDto)
	{DELETE [/students/cache]}: clearCache(String,UserDto)
	{GET [/students/{userId}]}: getByUserId(Integer,String,UserDto)
	{GET [/students/by-class/{schoolClass}]}: getBySchoolClass(String,String,UserDto)
	{GET [/students/paged]}: getPaged(int,int,String,String,String,UserDto)
2026-04-13 13:36:26 [restartedMain] DEBUG [Mappings] - 
	o.s.b.a.w.s.e.BasicErrorController:
	{ [/error]}: error(HttpServletRequest)
	{ [/error], produces [text/html]}: errorHtml(HttpServletRequest,HttpServletResponse)
2026-04-13 13:36:26 [restartedMain] DEBUG [Mappings] - 'beanNameHandlerMapping' {}
2026-04-13 13:36:26 [restartedMain] DEBUG [Mappings] - 'resourceHandlerMapping' {/webjars/**=ResourceHttpRequestHandler [classpath [META-INF/resources/webjars/]], /**=ResourceHttpRequestHandler [classpath [META-INF/resources/], classpath [resources/], classpath [static/], classpath [public/], ServletContext [/]]}
2026-04-13 13:36:26 [restartedMain] WARN  [ThymeleafAutoConfiguration$DefaultTemplateResolverConfiguration] - Cannot find template location: classpath:/templates/ (please add some templates, check your Thymeleaf configuration, or set spring.thymeleaf.check-template-location=false)
2026-04-13 13:36:27 [restartedMain] INFO  [QlsvApplication] - Started QlsvApplication in 3.535 seconds (process running for 664.348)
2026-04-13 13:36:43 [restartedMain] INFO  [QlsvApplication] - Starting QlsvApplication using Java 17.0.12 with PID 16964 (D:\project IntelliJ Ultimate\modules-parent\qlsv\target\classes started by tranhuy in D:\project IntelliJ Ultimate\modules-parent\qlsv)
2026-04-13 13:36:43 [restartedMain] DEBUG [QlsvApplication] - Running with Spring Boot v3.5.0, Spring v6.2.7
2026-04-13 13:36:43 [restartedMain] INFO  [QlsvApplication] - No active profile set, falling back to 1 default profile: "default"
2026-04-13 13:36:44 [restartedMain] DEBUG [RxJava2OnClasspathCondition] - RxJava2 related Aspect extensions are not activated, because RxJava2 is not on the classpath.
2026-04-13 13:36:44 [restartedMain] DEBUG [ReactorOnClasspathCondition] - Reactor related Aspect extensions are not activated because Resilience4j Reactor module is not on the classpath.
2026-04-13 13:36:44 [restartedMain] DEBUG [RxJava2OnClasspathCondition] - RxJava2 related Aspect extensions are not activated, because RxJava2 is not on the classpath.
2026-04-13 13:36:44 [restartedMain] DEBUG [ReactorOnClasspathCondition] - Reactor related Aspect extensions are not activated because Resilience4j Reactor module is not on the classpath.
2026-04-13 13:36:44 [restartedMain] DEBUG [RxJava2OnClasspathCondition] - RxJava2 related Aspect extensions are not activated, because RxJava2 is not on the classpath.
2026-04-13 13:36:44 [restartedMain] DEBUG [ReactorOnClasspathCondition] - Reactor related Aspect extensions are not activated because Resilience4j Reactor module is not on the classpath.
2026-04-13 13:36:44 [restartedMain] DEBUG [RxJava2OnClasspathCondition] - RxJava2 related Aspect extensions are not activated, because RxJava2 is not on the classpath.
2026-04-13 13:36:44 [restartedMain] DEBUG [ReactorOnClasspathCondition] - Reactor related Aspect extensions are not activated because Resilience4j Reactor module is not on the classpath.
2026-04-13 13:36:44 [restartedMain] DEBUG [RxJava2OnClasspathCondition] - RxJava2 related Aspect extensions are not activated, because RxJava2 is not on the classpath.
2026-04-13 13:36:44 [restartedMain] DEBUG [ReactorOnClasspathCondition] - Reactor related Aspect extensions are not activated because Resilience4j Reactor module is not on the classpath.
2026-04-13 13:36:44 [restartedMain] DEBUG [RxJava2OnClasspathCondition] - RxJava2 related Aspect extensions are not activated, because RxJava2 is not on the classpath.
2026-04-13 13:36:44 [restartedMain] DEBUG [ReactorOnClasspathCondition] - Reactor related Aspect extensions are not activated because Resilience4j Reactor module is not on the classpath.
2026-04-13 13:36:44 [restartedMain] WARN  [deprecation] - HHH90000025: MySQL8Dialect does not need to be specified explicitly using 'hibernate.dialect' (remove the property setting and it will be selected by default)
2026-04-13 13:36:44 [restartedMain] WARN  [deprecation] - HHH90000026: MySQL8Dialect has been deprecated; use org.hibernate.dialect.MySQLDialect instead
2026-04-13 13:36:45 [restartedMain] WARN  [JpaBaseConfiguration$JpaWebConfiguration] - spring.jpa.open-in-view is enabled by default. Therefore, database queries may be performed during view rendering. Explicitly configure spring.jpa.open-in-view to disable this warning
2026-04-13 13:36:45 [restartedMain] DEBUG [Mappings] - 
	c.c.Q.c.StudentController:
	{GET [/students]}: get(String,UserDto)
	{PUT [/students/{id}]}: update(Integer,UpdateEntityModel,String,UserDto)
	{GET [/students/filter]}: filter(Integer,String,String,Integer,Gender,String,String,Double,String,String,Boolean,String,UserDto)
	{DELETE [/students]}: delete(List,String,UserDto)
	{DELETE [/students/cache]}: clearCache(String,UserDto)
	{GET [/students/{userId}]}: getByUserId(Integer,String,UserDto)
	{GET [/students/by-class/{schoolClass}]}: getBySchoolClass(String,String,UserDto)
	{GET [/students/paged]}: getPaged(int,int,String,String,String,UserDto)
2026-04-13 13:36:45 [restartedMain] DEBUG [Mappings] - 
	o.s.b.a.w.s.e.BasicErrorController:
	{ [/error]}: error(HttpServletRequest)
	{ [/error], produces [text/html]}: errorHtml(HttpServletRequest,HttpServletResponse)
2026-04-13 13:36:45 [restartedMain] DEBUG [Mappings] - 'beanNameHandlerMapping' {}
2026-04-13 13:36:45 [restartedMain] DEBUG [Mappings] - 'resourceHandlerMapping' {/webjars/**=ResourceHttpRequestHandler [classpath [META-INF/resources/webjars/]], /**=ResourceHttpRequestHandler [classpath [META-INF/resources/], classpath [resources/], classpath [static/], classpath [public/], ServletContext [/]]}
2026-04-13 13:36:45 [restartedMain] WARN  [ThymeleafAutoConfiguration$DefaultTemplateResolverConfiguration] - Cannot find template location: classpath:/templates/ (please add some templates, check your Thymeleaf configuration, or set spring.thymeleaf.check-template-location=false)
2026-04-13 13:36:47 [restartedMain] INFO  [QlsvApplication] - Started QlsvApplication in 3.757 seconds (process running for 683.88)
2026-04-13 13:36:49 [restartedMain] INFO  [QlsvApplication] - Starting QlsvApplication using Java 17.0.12 with PID 16964 (D:\project IntelliJ Ultimate\modules-parent\qlsv\target\classes started by tranhuy in D:\project IntelliJ Ultimate\modules-parent\qlsv)
2026-04-13 13:36:49 [restartedMain] DEBUG [QlsvApplication] - Running with Spring Boot v3.5.0, Spring v6.2.7
2026-04-13 13:36:49 [restartedMain] INFO  [QlsvApplication] - No active profile set, falling back to 1 default profile: "default"
2026-04-13 13:36:49 [restartedMain] DEBUG [RxJava2OnClasspathCondition] - RxJava2 related Aspect extensions are not activated, because RxJava2 is not on the classpath.
2026-04-13 13:36:49 [restartedMain] DEBUG [ReactorOnClasspathCondition] - Reactor related Aspect extensions are not activated because Resilience4j Reactor module is not on the classpath.
2026-04-13 13:36:49 [restartedMain] DEBUG [RxJava2OnClasspathCondition] - RxJava2 related Aspect extensions are not activated, because RxJava2 is not on the classpath.
2026-04-13 13:36:49 [restartedMain] DEBUG [ReactorOnClasspathCondition] - Reactor related Aspect extensions are not activated because Resilience4j Reactor module is not on the classpath.
2026-04-13 13:36:49 [restartedMain] DEBUG [RxJava2OnClasspathCondition] - RxJava2 related Aspect extensions are not activated, because RxJava2 is not on the classpath.
2026-04-13 13:36:49 [restartedMain] DEBUG [ReactorOnClasspathCondition] - Reactor related Aspect extensions are not activated because Resilience4j Reactor module is not on the classpath.
2026-04-13 13:36:49 [restartedMain] DEBUG [RxJava2OnClasspathCondition] - RxJava2 related Aspect extensions are not activated, because RxJava2 is not on the classpath.
2026-04-13 13:36:49 [restartedMain] DEBUG [ReactorOnClasspathCondition] - Reactor related Aspect extensions are not activated because Resilience4j Reactor module is not on the classpath.
2026-04-13 13:36:49 [restartedMain] DEBUG [RxJava2OnClasspathCondition] - RxJava2 related Aspect extensions are not activated, because RxJava2 is not on the classpath.
2026-04-13 13:36:49 [restartedMain] DEBUG [ReactorOnClasspathCondition] - Reactor related Aspect extensions are not activated because Resilience4j Reactor module is not on the classpath.
2026-04-13 13:36:49 [restartedMain] DEBUG [RxJava2OnClasspathCondition] - RxJava2 related Aspect extensions are not activated, because RxJava2 is not on the classpath.
2026-04-13 13:36:49 [restartedMain] DEBUG [ReactorOnClasspathCondition] - Reactor related Aspect extensions are not activated because Resilience4j Reactor module is not on the classpath.
2026-04-13 13:36:50 [restartedMain] WARN  [deprecation] - HHH90000025: MySQL8Dialect does not need to be specified explicitly using 'hibernate.dialect' (remove the property setting and it will be selected by default)
2026-04-13 13:36:50 [restartedMain] WARN  [deprecation] - HHH90000026: MySQL8Dialect has been deprecated; use org.hibernate.dialect.MySQLDialect instead
2026-04-13 13:36:51 [restartedMain] WARN  [JpaBaseConfiguration$JpaWebConfiguration] - spring.jpa.open-in-view is enabled by default. Therefore, database queries may be performed during view rendering. Explicitly configure spring.jpa.open-in-view to disable this warning
2026-04-13 13:36:51 [restartedMain] DEBUG [Mappings] - 
	c.c.Q.c.StudentController:
	{GET [/students]}: get(String,UserDto)
	{PUT [/students/{id}]}: update(Integer,UpdateEntityModel,String,UserDto)
	{GET [/students/filter]}: filter(Integer,String,String,Integer,Gender,String,String,Double,String,String,Boolean,String,UserDto)
	{DELETE [/students]}: delete(List,String,UserDto)
	{DELETE [/students/cache]}: clearCache(String,UserDto)
	{GET [/students/{userId}]}: getByUserId(Integer,String,UserDto)
	{GET [/students/by-class/{schoolClass}]}: getBySchoolClass(String,String,UserDto)
	{GET [/students/paged]}: getPaged(int,int,String,String,String,UserDto)
2026-04-13 13:36:51 [restartedMain] DEBUG [Mappings] - 
	o.s.b.a.w.s.e.BasicErrorController:
	{ [/error]}: error(HttpServletRequest)
	{ [/error], produces [text/html]}: errorHtml(HttpServletRequest,HttpServletResponse)
2026-04-13 13:36:51 [restartedMain] DEBUG [Mappings] - 'beanNameHandlerMapping' {}
2026-04-13 13:36:51 [restartedMain] DEBUG [Mappings] - 'resourceHandlerMapping' {/webjars/**=ResourceHttpRequestHandler [classpath [META-INF/resources/webjars/]], /**=ResourceHttpRequestHandler [classpath [META-INF/resources/], classpath [resources/], classpath [static/], classpath [public/], ServletContext [/]]}
2026-04-13 13:36:51 [restartedMain] WARN  [ThymeleafAutoConfiguration$DefaultTemplateResolverConfiguration] - Cannot find template location: classpath:/templates/ (please add some templates, check your Thymeleaf configuration, or set spring.thymeleaf.check-template-location=false)
2026-04-13 13:36:52 [restartedMain] INFO  [QlsvApplication] - Started QlsvApplication in 2.859 seconds (process running for 688.663)
2026-04-13 13:37:14 [restartedMain] INFO  [QlsvApplication] - Starting QlsvApplication using Java 17.0.12 with PID 16964 (D:\project IntelliJ Ultimate\modules-parent\qlsv\target\classes started by tranhuy in D:\project IntelliJ Ultimate\modules-parent\qlsv)
2026-04-13 13:37:14 [restartedMain] DEBUG [QlsvApplication] - Running with Spring Boot v3.5.0, Spring v6.2.7
2026-04-13 13:37:14 [restartedMain] INFO  [QlsvApplication] - No active profile set, falling back to 1 default profile: "default"
2026-04-13 13:37:14 [restartedMain] DEBUG [RxJava2OnClasspathCondition] - RxJava2 related Aspect extensions are not activated, because RxJava2 is not on the classpath.
2026-04-13 13:37:14 [restartedMain] DEBUG [ReactorOnClasspathCondition] - Reactor related Aspect extensions are not activated because Resilience4j Reactor module is not on the classpath.
2026-04-13 13:37:14 [restartedMain] DEBUG [RxJava2OnClasspathCondition] - RxJava2 related Aspect extensions are not activated, because RxJava2 is not on the classpath.
2026-04-13 13:37:14 [restartedMain] DEBUG [ReactorOnClasspathCondition] - Reactor related Aspect extensions are not activated because Resilience4j Reactor module is not on the classpath.
2026-04-13 13:37:14 [restartedMain] DEBUG [RxJava2OnClasspathCondition] - RxJava2 related Aspect extensions are not activated, because RxJava2 is not on the classpath.
2026-04-13 13:37:14 [restartedMain] DEBUG [ReactorOnClasspathCondition] - Reactor related Aspect extensions are not activated because Resilience4j Reactor module is not on the classpath.
2026-04-13 13:37:14 [restartedMain] DEBUG [RxJava2OnClasspathCondition] - RxJava2 related Aspect extensions are not activated, because RxJava2 is not on the classpath.
2026-04-13 13:37:14 [restartedMain] DEBUG [ReactorOnClasspathCondition] - Reactor related Aspect extensions are not activated because Resilience4j Reactor module is not on the classpath.
2026-04-13 13:37:14 [restartedMain] DEBUG [RxJava2OnClasspathCondition] - RxJava2 related Aspect extensions are not activated, because RxJava2 is not on the classpath.
2026-04-13 13:37:14 [restartedMain] DEBUG [ReactorOnClasspathCondition] - Reactor related Aspect extensions are not activated because Resilience4j Reactor module is not on the classpath.
2026-04-13 13:37:14 [restartedMain] DEBUG [RxJava2OnClasspathCondition] - RxJava2 related Aspect extensions are not activated, because RxJava2 is not on the classpath.
2026-04-13 13:37:14 [restartedMain] DEBUG [ReactorOnClasspathCondition] - Reactor related Aspect extensions are not activated because Resilience4j Reactor module is not on the classpath.
2026-04-13 13:37:15 [restartedMain] WARN  [deprecation] - HHH90000025: MySQL8Dialect does not need to be specified explicitly using 'hibernate.dialect' (remove the property setting and it will be selected by default)
2026-04-13 13:37:15 [restartedMain] WARN  [deprecation] - HHH90000026: MySQL8Dialect has been deprecated; use org.hibernate.dialect.MySQLDialect instead
2026-04-13 13:37:16 [restartedMain] WARN  [JpaBaseConfiguration$JpaWebConfiguration] - spring.jpa.open-in-view is enabled by default. Therefore, database queries may be performed during view rendering. Explicitly configure spring.jpa.open-in-view to disable this warning
2026-04-13 13:37:16 [restartedMain] DEBUG [Mappings] - 
	c.c.Q.c.StudentController:
	{GET [/students]}: get(String,UserDto)
	{PUT [/students/{id}]}: update(Integer,UpdateEntityModel,String,UserDto)
	{GET [/students/filter]}: filter(Integer,String,String,Integer,Gender,String,String,Double,String,String,Boolean,String,UserDto)
	{DELETE [/students]}: delete(List,String,UserDto)
	{DELETE [/students/cache]}: clearCache(String,UserDto)
	{GET [/students/{userId}]}: getByUserId(Integer,String,UserDto)
	{GET [/students/by-class/{schoolClass}]}: getBySchoolClass(String,String,UserDto)
	{GET [/students/paged]}: getPaged(int,int,String,String,String,UserDto)
2026-04-13 13:37:16 [restartedMain] DEBUG [Mappings] - 
	o.s.b.a.w.s.e.BasicErrorController:
	{ [/error]}: error(HttpServletRequest)
	{ [/error], produces [text/html]}: errorHtml(HttpServletRequest,HttpServletResponse)
2026-04-13 13:37:16 [restartedMain] DEBUG [Mappings] - 'beanNameHandlerMapping' {}
2026-04-13 13:37:16 [restartedMain] DEBUG [Mappings] - 'resourceHandlerMapping' {/webjars/**=ResourceHttpRequestHandler [classpath [META-INF/resources/webjars/]], /**=ResourceHttpRequestHandler [classpath [META-INF/resources/], classpath [resources/], classpath [static/], classpath [public/], ServletContext [/]]}
2026-04-13 13:37:16 [restartedMain] WARN  [ThymeleafAutoConfiguration$DefaultTemplateResolverConfiguration] - Cannot find template location: classpath:/templates/ (please add some templates, check your Thymeleaf configuration, or set spring.thymeleaf.check-template-location=false)
2026-04-13 13:37:17 [restartedMain] INFO  [QlsvApplication] - Started QlsvApplication in 2.831 seconds (process running for 714.021)
2026-04-13 13:37:23 [restartedMain] INFO  [QlsvApplication] - Starting QlsvApplication using Java 17.0.12 with PID 16964 (D:\project IntelliJ Ultimate\modules-parent\qlsv\target\classes started by tranhuy in D:\project IntelliJ Ultimate\modules-parent\qlsv)
2026-04-13 13:37:23 [restartedMain] DEBUG [QlsvApplication] - Running with Spring Boot v3.5.0, Spring v6.2.7
2026-04-13 13:37:23 [restartedMain] INFO  [QlsvApplication] - No active profile set, falling back to 1 default profile: "default"
2026-04-13 13:37:24 [restartedMain] DEBUG [RxJava2OnClasspathCondition] - RxJava2 related Aspect extensions are not activated, because RxJava2 is not on the classpath.
2026-04-13 13:37:24 [restartedMain] DEBUG [ReactorOnClasspathCondition] - Reactor related Aspect extensions are not activated because Resilience4j Reactor module is not on the classpath.
2026-04-13 13:37:24 [restartedMain] DEBUG [RxJava2OnClasspathCondition] - RxJava2 related Aspect extensions are not activated, because RxJava2 is not on the classpath.
2026-04-13 13:37:24 [restartedMain] DEBUG [ReactorOnClasspathCondition] - Reactor related Aspect extensions are not activated because Resilience4j Reactor module is not on the classpath.
2026-04-13 13:37:24 [restartedMain] DEBUG [RxJava2OnClasspathCondition] - RxJava2 related Aspect extensions are not activated, because RxJava2 is not on the classpath.
2026-04-13 13:37:24 [restartedMain] DEBUG [ReactorOnClasspathCondition] - Reactor related Aspect extensions are not activated because Resilience4j Reactor module is not on the classpath.
2026-04-13 13:37:24 [restartedMain] DEBUG [RxJava2OnClasspathCondition] - RxJava2 related Aspect extensions are not activated, because RxJava2 is not on the classpath.
2026-04-13 13:37:24 [restartedMain] DEBUG [ReactorOnClasspathCondition] - Reactor related Aspect extensions are not activated because Resilience4j Reactor module is not on the classpath.
2026-04-13 13:37:24 [restartedMain] DEBUG [RxJava2OnClasspathCondition] - RxJava2 related Aspect extensions are not activated, because RxJava2 is not on the classpath.
2026-04-13 13:37:24 [restartedMain] DEBUG [ReactorOnClasspathCondition] - Reactor related Aspect extensions are not activated because Resilience4j Reactor module is not on the classpath.
2026-04-13 13:37:24 [restartedMain] DEBUG [RxJava2OnClasspathCondition] - RxJava2 related Aspect extensions are not activated, because RxJava2 is not on the classpath.
2026-04-13 13:37:24 [restartedMain] DEBUG [ReactorOnClasspathCondition] - Reactor related Aspect extensions are not activated because Resilience4j Reactor module is not on the classpath.
2026-04-13 13:37:24 [restartedMain] WARN  [deprecation] - HHH90000025: MySQL8Dialect does not need to be specified explicitly using 'hibernate.dialect' (remove the property setting and it will be selected by default)
2026-04-13 13:37:24 [restartedMain] WARN  [deprecation] - HHH90000026: MySQL8Dialect has been deprecated; use org.hibernate.dialect.MySQLDialect instead
2026-04-13 13:37:26 [restartedMain] WARN  [JpaBaseConfiguration$JpaWebConfiguration] - spring.jpa.open-in-view is enabled by default. Therefore, database queries may be performed during view rendering. Explicitly configure spring.jpa.open-in-view to disable this warning
2026-04-13 13:37:26 [restartedMain] DEBUG [Mappings] - 
	c.c.Q.c.StudentController:
	{GET [/students]}: get(String,UserDto)
	{PUT [/students/{id}]}: update(Integer,UpdateEntityModel,String,UserDto)
	{GET [/students/filter]}: filter(Integer,String,String,Integer,Gender,String,String,Double,String,String,Boolean,String,UserDto)
	{DELETE [/students]}: delete(List,String,UserDto)
	{DELETE [/students/cache]}: clearCache(String,UserDto)
	{GET [/students/{userId}]}: getByUserId(Integer,String,UserDto)
	{GET [/students/by-class/{schoolClass}]}: getBySchoolClass(String,String,UserDto)
	{GET [/students/paged]}: getPaged(int,int,String,String,String,UserDto)
2026-04-13 13:37:26 [restartedMain] DEBUG [Mappings] - 
	o.s.b.a.w.s.e.BasicErrorController:
	{ [/error]}: error(HttpServletRequest)
	{ [/error], produces [text/html]}: errorHtml(HttpServletRequest,HttpServletResponse)
2026-04-13 13:37:26 [restartedMain] DEBUG [Mappings] - 'beanNameHandlerMapping' {}
2026-04-13 13:37:26 [restartedMain] DEBUG [Mappings] - 'resourceHandlerMapping' {/webjars/**=ResourceHttpRequestHandler [classpath [META-INF/resources/webjars/]], /**=ResourceHttpRequestHandler [classpath [META-INF/resources/], classpath [resources/], classpath [static/], classpath [public/], ServletContext [/]]}
2026-04-13 13:37:26 [restartedMain] WARN  [ThymeleafAutoConfiguration$DefaultTemplateResolverConfiguration] - Cannot find template location: classpath:/templates/ (please add some templates, check your Thymeleaf configuration, or set spring.thymeleaf.check-template-location=false)
2026-04-13 13:37:27 [restartedMain] INFO  [QlsvApplication] - Started QlsvApplication in 4.378 seconds (process running for 724.451)
2026-04-13 13:37:29 [restartedMain] INFO  [QlsvApplication] - Starting QlsvApplication using Java 17.0.12 with PID 16964 (D:\project IntelliJ Ultimate\modules-parent\qlsv\target\classes started by tranhuy in D:\project IntelliJ Ultimate\modules-parent\qlsv)
2026-04-13 13:37:29 [restartedMain] DEBUG [QlsvApplication] - Running with Spring Boot v3.5.0, Spring v6.2.7
2026-04-13 13:37:29 [restartedMain] INFO  [QlsvApplication] - No active profile set, falling back to 1 default profile: "default"
2026-04-13 13:37:30 [restartedMain] DEBUG [RxJava2OnClasspathCondition] - RxJava2 related Aspect extensions are not activated, because RxJava2 is not on the classpath.
2026-04-13 13:37:30 [restartedMain] DEBUG [ReactorOnClasspathCondition] - Reactor related Aspect extensions are not activated because Resilience4j Reactor module is not on the classpath.
2026-04-13 13:37:30 [restartedMain] DEBUG [RxJava2OnClasspathCondition] - RxJava2 related Aspect extensions are not activated, because RxJava2 is not on the classpath.
2026-04-13 13:37:30 [restartedMain] DEBUG [ReactorOnClasspathCondition] - Reactor related Aspect extensions are not activated because Resilience4j Reactor module is not on the classpath.
2026-04-13 13:37:30 [restartedMain] DEBUG [RxJava2OnClasspathCondition] - RxJava2 related Aspect extensions are not activated, because RxJava2 is not on the classpath.
2026-04-13 13:37:30 [restartedMain] DEBUG [ReactorOnClasspathCondition] - Reactor related Aspect extensions are not activated because Resilience4j Reactor module is not on the classpath.
2026-04-13 13:37:30 [restartedMain] DEBUG [RxJava2OnClasspathCondition] - RxJava2 related Aspect extensions are not activated, because RxJava2 is not on the classpath.
2026-04-13 13:37:30 [restartedMain] DEBUG [ReactorOnClasspathCondition] - Reactor related Aspect extensions are not activated because Resilience4j Reactor module is not on the classpath.
2026-04-13 13:37:30 [restartedMain] DEBUG [RxJava2OnClasspathCondition] - RxJava2 related Aspect extensions are not activated, because RxJava2 is not on the classpath.
2026-04-13 13:37:30 [restartedMain] DEBUG [ReactorOnClasspathCondition] - Reactor related Aspect extensions are not activated because Resilience4j Reactor module is not on the classpath.
2026-04-13 13:37:30 [restartedMain] DEBUG [RxJava2OnClasspathCondition] - RxJava2 related Aspect extensions are not activated, because RxJava2 is not on the classpath.
2026-04-13 13:37:30 [restartedMain] DEBUG [ReactorOnClasspathCondition] - Reactor related Aspect extensions are not activated because Resilience4j Reactor module is not on the classpath.
2026-04-13 13:37:31 [restartedMain] WARN  [deprecation] - HHH90000025: MySQL8Dialect does not need to be specified explicitly using 'hibernate.dialect' (remove the property setting and it will be selected by default)
2026-04-13 13:37:31 [restartedMain] WARN  [deprecation] - HHH90000026: MySQL8Dialect has been deprecated; use org.hibernate.dialect.MySQLDialect instead
2026-04-13 13:37:31 [restartedMain] WARN  [JpaBaseConfiguration$JpaWebConfiguration] - spring.jpa.open-in-view is enabled by default. Therefore, database queries may be performed during view rendering. Explicitly configure spring.jpa.open-in-view to disable this warning
2026-04-13 13:37:31 [restartedMain] DEBUG [Mappings] - 
	c.c.Q.c.StudentController:
	{GET [/students]}: get(String,UserDto)
	{PUT [/students/{id}]}: update(Integer,UpdateEntityModel,String,UserDto)
	{GET [/students/filter]}: filter(Integer,String,String,Integer,Gender,String,String,Double,String,String,Boolean,String,UserDto)
	{DELETE [/students]}: delete(List,String,UserDto)
	{DELETE [/students/cache]}: clearCache(String,UserDto)
	{GET [/students/{userId}]}: getByUserId(Integer,String,UserDto)
	{GET [/students/by-class/{schoolClass}]}: getBySchoolClass(String,String,UserDto)
	{GET [/students/paged]}: getPaged(int,int,String,String,String,UserDto)
2026-04-13 13:37:31 [restartedMain] DEBUG [Mappings] - 
	o.s.b.a.w.s.e.BasicErrorController:
	{ [/error]}: error(HttpServletRequest)
	{ [/error], produces [text/html]}: errorHtml(HttpServletRequest,HttpServletResponse)
2026-04-13 13:37:31 [restartedMain] DEBUG [Mappings] - 'beanNameHandlerMapping' {}
2026-04-13 13:37:31 [restartedMain] DEBUG [Mappings] - 'resourceHandlerMapping' {/webjars/**=ResourceHttpRequestHandler [classpath [META-INF/resources/webjars/]], /**=ResourceHttpRequestHandler [classpath [META-INF/resources/], classpath [resources/], classpath [static/], classpath [public/], ServletContext [/]]}
2026-04-13 13:37:31 [restartedMain] WARN  [ThymeleafAutoConfiguration$DefaultTemplateResolverConfiguration] - Cannot find template location: classpath:/templates/ (please add some templates, check your Thymeleaf configuration, or set spring.thymeleaf.check-template-location=false)
2026-04-13 13:37:33 [restartedMain] INFO  [QlsvApplication] - Started QlsvApplication in 3.213 seconds (process running for 729.591)
2026-04-13 13:38:09 [restartedMain] INFO  [QlsvApplication] - Starting QlsvApplication using Java 17.0.12 with PID 16964 (D:\project IntelliJ Ultimate\modules-parent\qlsv\target\classes started by tranhuy in D:\project IntelliJ Ultimate\modules-parent\qlsv)
2026-04-13 13:38:09 [restartedMain] DEBUG [QlsvApplication] - Running with Spring Boot v3.5.0, Spring v6.2.7
2026-04-13 13:38:09 [restartedMain] INFO  [QlsvApplication] - No active profile set, falling back to 1 default profile: "default"
2026-04-13 13:38:10 [restartedMain] DEBUG [RxJava2OnClasspathCondition] - RxJava2 related Aspect extensions are not activated, because RxJava2 is not on the classpath.
2026-04-13 13:38:10 [restartedMain] DEBUG [ReactorOnClasspathCondition] - Reactor related Aspect extensions are not activated because Resilience4j Reactor module is not on the classpath.
2026-04-13 13:38:10 [restartedMain] DEBUG [RxJava2OnClasspathCondition] - RxJava2 related Aspect extensions are not activated, because RxJava2 is not on the classpath.
2026-04-13 13:38:10 [restartedMain] DEBUG [ReactorOnClasspathCondition] - Reactor related Aspect extensions are not activated because Resilience4j Reactor module is not on the classpath.
2026-04-13 13:38:10 [restartedMain] DEBUG [RxJava2OnClasspathCondition] - RxJava2 related Aspect extensions are not activated, because RxJava2 is not on the classpath.
2026-04-13 13:38:10 [restartedMain] DEBUG [ReactorOnClasspathCondition] - Reactor related Aspect extensions are not activated because Resilience4j Reactor module is not on the classpath.
2026-04-13 13:38:10 [restartedMain] DEBUG [RxJava2OnClasspathCondition] - RxJava2 related Aspect extensions are not activated, because RxJava2 is not on the classpath.
2026-04-13 13:38:10 [restartedMain] DEBUG [ReactorOnClasspathCondition] - Reactor related Aspect extensions are not activated because Resilience4j Reactor module is not on the classpath.
2026-04-13 13:38:10 [restartedMain] DEBUG [RxJava2OnClasspathCondition] - RxJava2 related Aspect extensions are not activated, because RxJava2 is not on the classpath.
2026-04-13 13:38:10 [restartedMain] DEBUG [ReactorOnClasspathCondition] - Reactor related Aspect extensions are not activated because Resilience4j Reactor module is not on the classpath.
2026-04-13 13:38:10 [restartedMain] DEBUG [RxJava2OnClasspathCondition] - RxJava2 related Aspect extensions are not activated, because RxJava2 is not on the classpath.
2026-04-13 13:38:10 [restartedMain] DEBUG [ReactorOnClasspathCondition] - Reactor related Aspect extensions are not activated because Resilience4j Reactor module is not on the classpath.
2026-04-13 13:38:11 [restartedMain] WARN  [deprecation] - HHH90000025: MySQL8Dialect does not need to be specified explicitly using 'hibernate.dialect' (remove the property setting and it will be selected by default)
2026-04-13 13:38:11 [restartedMain] WARN  [deprecation] - HHH90000026: MySQL8Dialect has been deprecated; use org.hibernate.dialect.MySQLDialect instead
2026-04-13 13:38:11 [restartedMain] WARN  [JpaBaseConfiguration$JpaWebConfiguration] - spring.jpa.open-in-view is enabled by default. Therefore, database queries may be performed during view rendering. Explicitly configure spring.jpa.open-in-view to disable this warning
2026-04-13 13:38:12 [restartedMain] DEBUG [Mappings] - 
	c.c.Q.c.StudentController:
	{GET [/students]}: get(String,UserDto)
	{PUT [/students/{id}]}: update(Integer,UpdateEntityModel,String,UserDto)
	{GET [/students/filter]}: filter(Integer,String,String,Integer,Gender,String,String,Double,String,String,Boolean,String,UserDto)
	{DELETE [/students]}: delete(List,String,UserDto)
	{DELETE [/students/cache]}: clearCache(String,UserDto)
	{GET [/students/{userId}]}: getByUserId(Integer,String,UserDto)
	{GET [/students/by-class/{schoolClass}]}: getBySchoolClass(String,String,UserDto)
	{GET [/students/paged]}: getPaged(int,int,String,String,String,UserDto)
2026-04-13 13:38:12 [restartedMain] DEBUG [Mappings] - 
	o.s.b.a.w.s.e.BasicErrorController:
	{ [/error]}: error(HttpServletRequest)
	{ [/error], produces [text/html]}: errorHtml(HttpServletRequest,HttpServletResponse)
2026-04-13 13:38:12 [restartedMain] DEBUG [Mappings] - 'beanNameHandlerMapping' {}
2026-04-13 13:38:12 [restartedMain] DEBUG [Mappings] - 'resourceHandlerMapping' {/webjars/**=ResourceHttpRequestHandler [classpath [META-INF/resources/webjars/]], /**=ResourceHttpRequestHandler [classpath [META-INF/resources/], classpath [resources/], classpath [static/], classpath [public/], ServletContext [/]]}
2026-04-13 13:38:12 [restartedMain] WARN  [ThymeleafAutoConfiguration$DefaultTemplateResolverConfiguration] - Cannot find template location: classpath:/templates/ (please add some templates, check your Thymeleaf configuration, or set spring.thymeleaf.check-template-location=false)
2026-04-13 13:38:13 [restartedMain] INFO  [QlsvApplication] - Started QlsvApplication in 3.242 seconds (process running for 769.582)
2026-04-13 13:41:23 [restartedMain] INFO  [QlsvApplication] - Starting QlsvApplication using Java 17.0.12 with PID 16964 (D:\project IntelliJ Ultimate\modules-parent\qlsv\target\classes started by tranhuy in D:\project IntelliJ Ultimate\modules-parent\qlsv)
2026-04-13 13:41:23 [restartedMain] DEBUG [QlsvApplication] - Running with Spring Boot v3.5.0, Spring v6.2.7
2026-04-13 13:41:23 [restartedMain] INFO  [QlsvApplication] - No active profile set, falling back to 1 default profile: "default"
2026-04-13 13:41:24 [restartedMain] DEBUG [RxJava2OnClasspathCondition] - RxJava2 related Aspect extensions are not activated, because RxJava2 is not on the classpath.
2026-04-13 13:41:24 [restartedMain] DEBUG [ReactorOnClasspathCondition] - Reactor related Aspect extensions are not activated because Resilience4j Reactor module is not on the classpath.
2026-04-13 13:41:24 [restartedMain] DEBUG [RxJava2OnClasspathCondition] - RxJava2 related Aspect extensions are not activated, because RxJava2 is not on the classpath.
2026-04-13 13:41:24 [restartedMain] DEBUG [ReactorOnClasspathCondition] - Reactor related Aspect extensions are not activated because Resilience4j Reactor module is not on the classpath.
2026-04-13 13:41:24 [restartedMain] DEBUG [RxJava2OnClasspathCondition] - RxJava2 related Aspect extensions are not activated, because RxJava2 is not on the classpath.
2026-04-13 13:41:24 [restartedMain] DEBUG [ReactorOnClasspathCondition] - Reactor related Aspect extensions are not activated because Resilience4j Reactor module is not on the classpath.
2026-04-13 13:41:24 [restartedMain] DEBUG [RxJava2OnClasspathCondition] - RxJava2 related Aspect extensions are not activated, because RxJava2 is not on the classpath.
2026-04-13 13:41:24 [restartedMain] DEBUG [ReactorOnClasspathCondition] - Reactor related Aspect extensions are not activated because Resilience4j Reactor module is not on the classpath.
2026-04-13 13:41:24 [restartedMain] DEBUG [RxJava2OnClasspathCondition] - RxJava2 related Aspect extensions are not activated, because RxJava2 is not on the classpath.
2026-04-13 13:41:24 [restartedMain] DEBUG [ReactorOnClasspathCondition] - Reactor related Aspect extensions are not activated because Resilience4j Reactor module is not on the classpath.
2026-04-13 13:41:24 [restartedMain] DEBUG [RxJava2OnClasspathCondition] - RxJava2 related Aspect extensions are not activated, because RxJava2 is not on the classpath.
2026-04-13 13:41:24 [restartedMain] DEBUG [ReactorOnClasspathCondition] - Reactor related Aspect extensions are not activated because Resilience4j Reactor module is not on the classpath.
2026-04-13 13:41:26 [restartedMain] WARN  [deprecation] - HHH90000025: MySQL8Dialect does not need to be specified explicitly using 'hibernate.dialect' (remove the property setting and it will be selected by default)
2026-04-13 13:41:26 [restartedMain] WARN  [deprecation] - HHH90000026: MySQL8Dialect has been deprecated; use org.hibernate.dialect.MySQLDialect instead
2026-04-13 13:41:27 [restartedMain] WARN  [JpaBaseConfiguration$JpaWebConfiguration] - spring.jpa.open-in-view is enabled by default. Therefore, database queries may be performed during view rendering. Explicitly configure spring.jpa.open-in-view to disable this warning
2026-04-13 13:41:27 [restartedMain] DEBUG [Mappings] - 
	c.c.Q.c.StudentController:
	{GET [/students]}: get(String,UserDto)
	{PUT [/students/{id}]}: update(Integer,UpdateEntityModel,String,UserDto)
	{GET [/students/filter]}: filter(Integer,String,String,Integer,Gender,String,String,Double,String,String,Boolean,String,UserDto)
	{DELETE [/students]}: delete(List,String,UserDto)
	{DELETE [/students/cache]}: clearCache(String,UserDto)
	{GET [/students/{userId}]}: getByUserId(Integer,String,UserDto)
	{GET [/students/by-class/{schoolClass}]}: getBySchoolClass(String,String,UserDto)
	{GET [/students/paged]}: getPaged(int,int,String,String,String,UserDto)
2026-04-13 13:41:27 [restartedMain] DEBUG [Mappings] - 
	o.s.b.a.w.s.e.BasicErrorController:
	{ [/error]}: error(HttpServletRequest)
	{ [/error], produces [text/html]}: errorHtml(HttpServletRequest,HttpServletResponse)
2026-04-13 13:41:27 [restartedMain] DEBUG [Mappings] - 'beanNameHandlerMapping' {}
2026-04-13 13:41:27 [restartedMain] DEBUG [Mappings] - 'resourceHandlerMapping' {/webjars/**=ResourceHttpRequestHandler [classpath [META-INF/resources/webjars/]], /**=ResourceHttpRequestHandler [classpath [META-INF/resources/], classpath [resources/], classpath [static/], classpath [public/], ServletContext [/]]}
2026-04-13 13:41:27 [restartedMain] WARN  [ThymeleafAutoConfiguration$DefaultTemplateResolverConfiguration] - Cannot find template location: classpath:/templates/ (please add some templates, check your Thymeleaf configuration, or set spring.thymeleaf.check-template-location=false)
2026-04-13 13:41:29 [restartedMain] INFO  [QlsvApplication] - Started QlsvApplication in 5.701 seconds (process running for 966.067)
2026-04-13 13:41:31 [restartedMain] INFO  [QlsvApplication] - Starting QlsvApplication using Java 17.0.12 with PID 16964 (D:\project IntelliJ Ultimate\modules-parent\qlsv\target\classes started by tranhuy in D:\project IntelliJ Ultimate\modules-parent\qlsv)
2026-04-13 13:41:31 [restartedMain] DEBUG [QlsvApplication] - Running with Spring Boot v3.5.0, Spring v6.2.7
2026-04-13 13:41:31 [restartedMain] INFO  [QlsvApplication] - No active profile set, falling back to 1 default profile: "default"
2026-04-13 13:41:32 [restartedMain] DEBUG [RxJava2OnClasspathCondition] - RxJava2 related Aspect extensions are not activated, because RxJava2 is not on the classpath.
2026-04-13 13:41:32 [restartedMain] DEBUG [ReactorOnClasspathCondition] - Reactor related Aspect extensions are not activated because Resilience4j Reactor module is not on the classpath.
2026-04-13 13:41:32 [restartedMain] DEBUG [RxJava2OnClasspathCondition] - RxJava2 related Aspect extensions are not activated, because RxJava2 is not on the classpath.
2026-04-13 13:41:32 [restartedMain] DEBUG [ReactorOnClasspathCondition] - Reactor related Aspect extensions are not activated because Resilience4j Reactor module is not on the classpath.
2026-04-13 13:41:32 [restartedMain] DEBUG [RxJava2OnClasspathCondition] - RxJava2 related Aspect extensions are not activated, because RxJava2 is not on the classpath.
2026-04-13 13:41:32 [restartedMain] DEBUG [ReactorOnClasspathCondition] - Reactor related Aspect extensions are not activated because Resilience4j Reactor module is not on the classpath.
2026-04-13 13:41:32 [restartedMain] DEBUG [RxJava2OnClasspathCondition] - RxJava2 related Aspect extensions are not activated, because RxJava2 is not on the classpath.
2026-04-13 13:41:32 [restartedMain] DEBUG [ReactorOnClasspathCondition] - Reactor related Aspect extensions are not activated because Resilience4j Reactor module is not on the classpath.
2026-04-13 13:41:32 [restartedMain] DEBUG [RxJava2OnClasspathCondition] - RxJava2 related Aspect extensions are not activated, because RxJava2 is not on the classpath.
2026-04-13 13:41:32 [restartedMain] DEBUG [ReactorOnClasspathCondition] - Reactor related Aspect extensions are not activated because Resilience4j Reactor module is not on the classpath.
2026-04-13 13:41:32 [restartedMain] DEBUG [RxJava2OnClasspathCondition] - RxJava2 related Aspect extensions are not activated, because RxJava2 is not on the classpath.
2026-04-13 13:41:32 [restartedMain] DEBUG [ReactorOnClasspathCondition] - Reactor related Aspect extensions are not activated because Resilience4j Reactor module is not on the classpath.
2026-04-13 13:41:32 [restartedMain] WARN  [deprecation] - HHH90000025: MySQL8Dialect does not need to be specified explicitly using 'hibernate.dialect' (remove the property setting and it will be selected by default)
2026-04-13 13:41:32 [restartedMain] WARN  [deprecation] - HHH90000026: MySQL8Dialect has been deprecated; use org.hibernate.dialect.MySQLDialect instead
2026-04-13 13:41:34 [restartedMain] WARN  [JpaBaseConfiguration$JpaWebConfiguration] - spring.jpa.open-in-view is enabled by default. Therefore, database queries may be performed during view rendering. Explicitly configure spring.jpa.open-in-view to disable this warning
2026-04-13 13:41:34 [restartedMain] DEBUG [Mappings] - 
	c.c.Q.c.StudentController:
	{GET [/students]}: get(String,UserDto)
	{PUT [/students/{id}]}: update(Integer,UpdateEntityModel,String,UserDto)
	{GET [/students/filter]}: filter(Integer,String,String,Integer,Gender,String,String,Double,String,String,Boolean,String,UserDto)
	{DELETE [/students]}: delete(List,String,UserDto)
	{DELETE [/students/cache]}: clearCache(String,UserDto)
	{GET [/students/{userId}]}: getByUserId(Integer,String,UserDto)
	{GET [/students/by-class/{schoolClass}]}: getBySchoolClass(String,String,UserDto)
	{GET [/students/paged]}: getPaged(int,int,String,String,String,UserDto)
2026-04-13 13:41:34 [restartedMain] DEBUG [Mappings] - 
	o.s.b.a.w.s.e.BasicErrorController:
	{ [/error]}: error(HttpServletRequest)
	{ [/error], produces [text/html]}: errorHtml(HttpServletRequest,HttpServletResponse)
2026-04-13 13:41:34 [restartedMain] DEBUG [Mappings] - 'beanNameHandlerMapping' {}
2026-04-13 13:41:34 [restartedMain] DEBUG [Mappings] - 'resourceHandlerMapping' {/webjars/**=ResourceHttpRequestHandler [classpath [META-INF/resources/webjars/]], /**=ResourceHttpRequestHandler [classpath [META-INF/resources/], classpath [resources/], classpath [static/], classpath [public/], ServletContext [/]]}
2026-04-13 13:41:34 [restartedMain] WARN  [ThymeleafAutoConfiguration$DefaultTemplateResolverConfiguration] - Cannot find template location: classpath:/templates/ (please add some templates, check your Thymeleaf configuration, or set spring.thymeleaf.check-template-location=false)
2026-04-13 13:41:35 [restartedMain] INFO  [QlsvApplication] - Started QlsvApplication in 4.333 seconds (process running for 972.503)
2026-04-13 13:41:48 [redisson-netty-162-23] ERROR [rejectedExecution] - Failed to submit a listener notification task. Event loop shut down?
java.util.concurrent.RejectedExecutionException: event executor terminated
	at io.netty.util.concurrent.SingleThreadEventExecutor.reject(SingleThreadEventExecutor.java:934) ~[netty-common-4.1.121.Final.jar:4.1.121.Final]
	at io.netty.util.concurrent.SingleThreadEventExecutor.offerTask(SingleThreadEventExecutor.java:353) ~[netty-common-4.1.121.Final.jar:4.1.121.Final]
	at io.netty.util.concurrent.SingleThreadEventExecutor.addTask(SingleThreadEventExecutor.java:346) ~[netty-common-4.1.121.Final.jar:4.1.121.Final]
	at io.netty.util.concurrent.SingleThreadEventExecutor.execute(SingleThreadEventExecutor.java:836) ~[netty-common-4.1.121.Final.jar:4.1.121.Final]
	at io.netty.util.concurrent.SingleThreadEventExecutor.execute0(SingleThreadEventExecutor.java:827) ~[netty-common-4.1.121.Final.jar:4.1.121.Final]
	at io.netty.util.concurrent.SingleThreadEventExecutor.execute(SingleThreadEventExecutor.java:817) ~[netty-common-4.1.121.Final.jar:4.1.121.Final]
	at io.netty.util.concurrent.DefaultPromise.safeExecute(DefaultPromise.java:878) ~[netty-common-4.1.121.Final.jar:4.1.121.Final]
	at io.netty.util.concurrent.DefaultPromise.notifyListeners(DefaultPromise.java:513) ~[netty-common-4.1.121.Final.jar:4.1.121.Final]
	at io.netty.util.concurrent.DefaultPromise.setValue0(DefaultPromise.java:649) ~[netty-common-4.1.121.Final.jar:4.1.121.Final]
	at io.netty.util.concurrent.DefaultPromise.setSuccess0(DefaultPromise.java:638) ~[netty-common-4.1.121.Final.jar:4.1.121.Final]
	at io.netty.util.concurrent.DefaultPromise.setSuccess(DefaultPromise.java:110) ~[netty-common-4.1.121.Final.jar:4.1.121.Final]
	at io.netty.channel.group.DefaultChannelGroupFuture.setSuccess0(DefaultChannelGroupFuture.java:200) ~[netty-transport-4.1.121.Final.jar:4.1.121.Final]
	at io.netty.channel.group.DefaultChannelGroupFuture.access$400(DefaultChannelGroupFuture.java:41) ~[netty-transport-4.1.121.Final.jar:4.1.121.Final]
	at io.netty.channel.group.DefaultChannelGroupFuture$1.operationComplete(DefaultChannelGroupFuture.java:75) ~[netty-transport-4.1.121.Final.jar:4.1.121.Final]
	at io.netty.channel.group.DefaultChannelGroupFuture$1.operationComplete(DefaultChannelGroupFuture.java:48) ~[netty-transport-4.1.121.Final.jar:4.1.121.Final]
	at io.netty.util.concurrent.DefaultPromise.notifyListener0(DefaultPromise.java:603) ~[netty-common-4.1.121.Final.jar:4.1.121.Final]
	at io.netty.util.concurrent.DefaultPromise.notifyListenersNow(DefaultPromise.java:570) ~[netty-common-4.1.121.Final.jar:4.1.121.Final]
	at io.netty.util.concurrent.DefaultPromise.notifyListeners(DefaultPromise.java:505) ~[netty-common-4.1.121.Final.jar:4.1.121.Final]
	at io.netty.util.concurrent.DefaultPromise.setValue0(DefaultPromise.java:649) ~[netty-common-4.1.121.Final.jar:4.1.121.Final]
	at io.netty.util.concurrent.DefaultPromise.setSuccess0(DefaultPromise.java:638) ~[netty-common-4.1.121.Final.jar:4.1.121.Final]
	at io.netty.util.concurrent.DefaultPromise.trySuccess(DefaultPromise.java:118) ~[netty-common-4.1.121.Final.jar:4.1.121.Final]
	at io.netty.channel.DefaultChannelPromise.trySuccess(DefaultChannelPromise.java:84) ~[netty-transport-4.1.121.Final.jar:4.1.121.Final]
	at io.netty.channel.AbstractChannel$AbstractUnsafe.safeSetSuccess(AbstractChannel.java:988) ~[netty-transport-4.1.121.Final.jar:4.1.121.Final]
	at io.netty.channel.AbstractChannel$AbstractUnsafe.doClose0(AbstractChannel.java:754) ~[netty-transport-4.1.121.Final.jar:4.1.121.Final]
	at io.netty.channel.AbstractChannel$AbstractUnsafe.close(AbstractChannel.java:729) ~[netty-transport-4.1.121.Final.jar:4.1.121.Final]
	at io.netty.channel.AbstractChannel$AbstractUnsafe.close(AbstractChannel.java:619) ~[netty-transport-4.1.121.Final.jar:4.1.121.Final]
	at io.netty.channel.DefaultChannelPipeline$HeadContext.close(DefaultChannelPipeline.java:1299) ~[netty-transport-4.1.121.Final.jar:4.1.121.Final]
	at io.netty.channel.AbstractChannelHandlerContext.invokeClose(AbstractChannelHandlerContext.java:755) ~[netty-transport-4.1.121.Final.jar:4.1.121.Final]
	at io.netty.channel.AbstractChannelHandlerContext.access$1200(AbstractChannelHandlerContext.java:61) ~[netty-transport-4.1.121.Final.jar:4.1.121.Final]
	at io.netty.channel.AbstractChannelHandlerContext$11.run(AbstractChannelHandlerContext.java:738) ~[netty-transport-4.1.121.Final.jar:4.1.121.Final]
	at io.netty.util.concurrent.AbstractEventExecutor.runTask(AbstractEventExecutor.java:173) ~[netty-common-4.1.121.Final.jar:4.1.121.Final]
	at io.netty.util.concurrent.AbstractEventExecutor.safeExecute(AbstractEventExecutor.java:166) ~[netty-common-4.1.121.Final.jar:4.1.121.Final]
	at io.netty.util.concurrent.SingleThreadEventExecutor.runAllTasks(SingleThreadEventExecutor.java:472) ~[netty-common-4.1.121.Final.jar:4.1.121.Final]
	at io.netty.channel.nio.NioEventLoop.run(NioEventLoop.java:569) ~[netty-transport-4.1.121.Final.jar:4.1.121.Final]
	at io.netty.util.concurrent.SingleThreadEventExecutor$4.run(SingleThreadEventExecutor.java:998) ~[netty-common-4.1.121.Final.jar:4.1.121.Final]
	at io.netty.util.internal.ThreadExecutorMap$2.run(ThreadExecutorMap.java:74) ~[netty-common-4.1.121.Final.jar:4.1.121.Final]
	at io.netty.util.concurrent.FastThreadLocalRunnable.run(FastThreadLocalRunnable.java:30) ~[netty-common-4.1.121.Final.jar:4.1.121.Final]
	at java.base/java.lang.Thread.run(Thread.java:842) ~[na:na]
2026-04-13 13:41:49 [restartedMain] INFO  [QlsvApplication] - Starting QlsvApplication using Java 17.0.12 with PID 16964 (D:\project IntelliJ Ultimate\modules-parent\qlsv\target\classes started by tranhuy in D:\project IntelliJ Ultimate\modules-parent\qlsv)
2026-04-13 13:41:49 [restartedMain] DEBUG [QlsvApplication] - Running with Spring Boot v3.5.0, Spring v6.2.7
2026-04-13 13:41:49 [restartedMain] INFO  [QlsvApplication] - No active profile set, falling back to 1 default profile: "default"
2026-04-13 13:41:50 [restartedMain] DEBUG [RxJava2OnClasspathCondition] - RxJava2 related Aspect extensions are not activated, because RxJava2 is not on the classpath.
2026-04-13 13:41:50 [restartedMain] DEBUG [ReactorOnClasspathCondition] - Reactor related Aspect extensions are not activated because Resilience4j Reactor module is not on the classpath.
2026-04-13 13:41:50 [restartedMain] DEBUG [RxJava2OnClasspathCondition] - RxJava2 related Aspect extensions are not activated, because RxJava2 is not on the classpath.
2026-04-13 13:41:50 [restartedMain] DEBUG [ReactorOnClasspathCondition] - Reactor related Aspect extensions are not activated because Resilience4j Reactor module is not on the classpath.
2026-04-13 13:41:50 [restartedMain] DEBUG [RxJava2OnClasspathCondition] - RxJava2 related Aspect extensions are not activated, because RxJava2 is not on the classpath.
2026-04-13 13:41:50 [restartedMain] DEBUG [ReactorOnClasspathCondition] - Reactor related Aspect extensions are not activated because Resilience4j Reactor module is not on the classpath.
2026-04-13 13:41:50 [restartedMain] DEBUG [RxJava2OnClasspathCondition] - RxJava2 related Aspect extensions are not activated, because RxJava2 is not on the classpath.
2026-04-13 13:41:50 [restartedMain] DEBUG [ReactorOnClasspathCondition] - Reactor related Aspect extensions are not activated because Resilience4j Reactor module is not on the classpath.
2026-04-13 13:41:50 [restartedMain] DEBUG [RxJava2OnClasspathCondition] - RxJava2 related Aspect extensions are not activated, because RxJava2 is not on the classpath.
2026-04-13 13:41:50 [restartedMain] DEBUG [ReactorOnClasspathCondition] - Reactor related Aspect extensions are not activated because Resilience4j Reactor module is not on the classpath.
2026-04-13 13:41:50 [restartedMain] DEBUG [RxJava2OnClasspathCondition] - RxJava2 related Aspect extensions are not activated, because RxJava2 is not on the classpath.
2026-04-13 13:41:50 [restartedMain] DEBUG [ReactorOnClasspathCondition] - Reactor related Aspect extensions are not activated because Resilience4j Reactor module is not on the classpath.
2026-04-13 13:41:50 [restartedMain] WARN  [AnnotationConfigServletWebServerApplicationContext] - Exception encountered during context initialization - cancelling refresh attempt: org.springframework.beans.factory.BeanCreationException: Error creating bean with name 'meterRegistryPostProcessor' defined in class path resource [org/springframework/boot/actuate/autoconfigure/metrics/MetricsAutoConfiguration.class]: BeanPostProcessor before instantiation of bean failed
2026-04-13 13:41:50 [restartedMain] ERROR [SpringApplication] - Application run failed
org.springframework.beans.factory.BeanCreationException: Error creating bean with name 'meterRegistryPostProcessor' defined in class path resource [org/springframework/boot/actuate/autoconfigure/metrics/MetricsAutoConfiguration.class]: BeanPostProcessor before instantiation of bean failed
	at org.springframework.beans.factory.support.AbstractAutowireCapableBeanFactory.createBean(AbstractAutowireCapableBeanFactory.java:524) ~[spring-beans-6.2.7.jar:6.2.7]
	at org.springframework.beans.factory.support.AbstractBeanFactory.lambda$doGetBean$0(AbstractBeanFactory.java:339) ~[spring-beans-6.2.7.jar:6.2.7]
	at org.springframework.beans.factory.support.DefaultSingletonBeanRegistry.getSingleton(DefaultSingletonBeanRegistry.java:373) ~[spring-beans-6.2.7.jar:6.2.7]
	at org.springframework.beans.factory.support.AbstractBeanFactory.doGetBean(AbstractBeanFactory.java:337) ~[spring-beans-6.2.7.jar:6.2.7]
	at org.springframework.beans.factory.support.AbstractBeanFactory.getBean(AbstractBeanFactory.java:207) ~[spring-beans-6.2.7.jar:6.2.7]
	at org.springframework.context.support.PostProcessorRegistrationDelegate.registerBeanPostProcessors(PostProcessorRegistrationDelegate.java:277) ~[spring-context-6.2.7.jar:6.2.7]
	at org.springframework.context.support.AbstractApplicationContext.registerBeanPostProcessors(AbstractApplicationContext.java:808) ~[spring-context-6.2.7.jar:6.2.7]
	at org.springframework.context.support.AbstractApplicationContext.refresh(AbstractApplicationContext.java:611) ~[spring-context-6.2.7.jar:6.2.7]
	at org.springframework.boot.web.servlet.context.ServletWebServerApplicationContext.refresh(ServletWebServerApplicationContext.java:146) ~[spring-boot-3.5.0.jar:3.5.0]
	at org.springframework.boot.SpringApplication.refresh(SpringApplication.java:753) ~[spring-boot-3.5.0.jar:3.5.0]
	at org.springframework.boot.SpringApplication.refreshContext(SpringApplication.java:439) ~[spring-boot-3.5.0.jar:3.5.0]
	at org.springframework.boot.SpringApplication.run(SpringApplication.java:318) ~[spring-boot-3.5.0.jar:3.5.0]
	at org.springframework.boot.SpringApplication.run(SpringApplication.java:1362) ~[spring-boot-3.5.0.jar:3.5.0]
	at org.springframework.boot.SpringApplication.run(SpringApplication.java:1351) ~[spring-boot-3.5.0.jar:3.5.0]
	at com.common.QLSV.QlsvApplication.main(QlsvApplication.java:21) ~[classes/:na]
	at java.base/jdk.internal.reflect.NativeMethodAccessorImpl.invoke0(Native Method) ~[na:na]
	at java.base/jdk.internal.reflect.NativeMethodAccessorImpl.invoke(NativeMethodAccessorImpl.java:77) ~[na:na]
	at java.base/jdk.internal.reflect.DelegatingMethodAccessorImpl.invoke(DelegatingMethodAccessorImpl.java:43) ~[na:na]
	at java.base/java.lang.reflect.Method.invoke(Method.java:568) ~[na:na]
	at org.springframework.boot.devtools.restart.RestartLauncher.run(RestartLauncher.java:50) ~[spring-boot-devtools-3.5.0.jar:3.5.0]
Caused by: org.springframework.beans.factory.BeanCreationException: Error creating bean with name 'org.springframework.transaction.annotation.ProxyTransactionManagementConfiguration': BeanPostProcessor before instantiation of bean failed
	at org.springframework.beans.factory.support.AbstractAutowireCapableBeanFactory.createBean(AbstractAutowireCapableBeanFactory.java:524) ~[spring-beans-6.2.7.jar:6.2.7]
	at org.springframework.beans.factory.support.AbstractBeanFactory.lambda$doGetBean$0(AbstractBeanFactory.java:339) ~[spring-beans-6.2.7.jar:6.2.7]
	at org.springframework.beans.factory.support.DefaultSingletonBeanRegistry.getSingleton(DefaultSingletonBeanRegistry.java:373) ~[spring-beans-6.2.7.jar:6.2.7]
	at org.springframework.beans.factory.support.AbstractBeanFactory.doGetBean(AbstractBeanFactory.java:337) ~[spring-beans-6.2.7.jar:6.2.7]
	at org.springframework.beans.factory.support.AbstractBeanFactory.getBean(AbstractBeanFactory.java:202) ~[spring-beans-6.2.7.jar:6.2.7]
	at org.springframework.beans.factory.support.ConstructorResolver.instantiateUsingFactoryMethod(ConstructorResolver.java:413) ~[spring-beans-6.2.7.jar:6.2.7]
	at org.springframework.beans.factory.support.AbstractAutowireCapableBeanFactory.instantiateUsingFactoryMethod(AbstractAutowireCapableBeanFactory.java:1375) ~[spring-beans-6.2.7.jar:6.2.7]
	at org.springframework.beans.factory.support.AbstractAutowireCapableBeanFactory.createBeanInstance(AbstractAutowireCapableBeanFactory.java:1205) ~[spring-beans-6.2.7.jar:6.2.7]
	at org.springframework.beans.factory.support.AbstractAutowireCapableBeanFactory.doCreateBean(AbstractAutowireCapableBeanFactory.java:569) ~[spring-beans-6.2.7.jar:6.2.7]
	at org.springframework.beans.factory.support.AbstractAutowireCapableBeanFactory.createBean(AbstractAutowireCapableBeanFactory.java:529) ~[spring-beans-6.2.7.jar:6.2.7]
	at org.springframework.beans.factory.support.AbstractBeanFactory.lambda$doGetBean$0(AbstractBeanFactory.java:339) ~[spring-beans-6.2.7.jar:6.2.7]
	at org.springframework.beans.factory.support.DefaultSingletonBeanRegistry.getSingleton(DefaultSingletonBeanRegistry.java:373) ~[spring-beans-6.2.7.jar:6.2.7]
	at org.springframework.beans.factory.support.AbstractBeanFactory.doGetBean(AbstractBeanFactory.java:337) ~[spring-beans-6.2.7.jar:6.2.7]
	at org.springframework.beans.factory.support.AbstractBeanFactory.getBean(AbstractBeanFactory.java:207) ~[spring-beans-6.2.7.jar:6.2.7]
	at org.springframework.aop.framework.autoproxy.BeanFactoryAdvisorRetrievalHelper.findAdvisorBeans(BeanFactoryAdvisorRetrievalHelper.java:91) ~[spring-aop-6.2.7.jar:6.2.7]
	at org.springframework.aop.framework.autoproxy.AbstractAdvisorAutoProxyCreator.findCandidateAdvisors(AbstractAdvisorAutoProxyCreator.java:119) ~[spring-aop-6.2.7.jar:6.2.7]
	at org.springframework.aop.aspectj.annotation.AnnotationAwareAspectJAutoProxyCreator.findCandidateAdvisors(AnnotationAwareAspectJAutoProxyCreator.java:92) ~[spring-aop-6.2.7.jar:6.2.7]
	at org.springframework.aop.aspectj.autoproxy.AspectJAwareAdvisorAutoProxyCreator.shouldSkip(AspectJAwareAdvisorAutoProxyCreator.java:105) ~[spring-aop-6.2.7.jar:6.2.7]
	at org.springframework.aop.framework.autoproxy.AbstractAutoProxyCreator.postProcessBeforeInstantiation(AbstractAutoProxyCreator.java:280) ~[spring-aop-6.2.7.jar:6.2.7]
	at org.springframework.beans.factory.support.AbstractAutowireCapableBeanFactory.applyBeanPostProcessorsBeforeInstantiation(AbstractAutowireCapableBeanFactory.java:1168) ~[spring-beans-6.2.7.jar:6.2.7]
	at org.springframework.beans.factory.support.AbstractAutowireCapableBeanFactory.resolveBeforeInstantiation(AbstractAutowireCapableBeanFactory.java:1143) ~[spring-beans-6.2.7.jar:6.2.7]
	at org.springframework.beans.factory.support.AbstractAutowireCapableBeanFactory.createBean(AbstractAutowireCapableBeanFactory.java:518) ~[spring-beans-6.2.7.jar:6.2.7]
	... 19 common frames omitted
Caused by: java.lang.NoClassDefFoundError: com/logging/models/LogContext
	at java.base/java.lang.Class.getDeclaredMethods0(Native Method) ~[na:na]
	at java.base/java.lang.Class.privateGetDeclaredMethods(Class.java:3402) ~[na:na]
	at java.base/java.lang.Class.getDeclaredMethods(Class.java:2504) ~[na:na]
	at org.aspectj.internal.lang.reflect.AjTypeImpl.getDeclarePrecedence(AjTypeImpl.java:1005) ~[aspectjweaver-1.9.24.jar:na]
	at org.springframework.aop.aspectj.annotation.AspectMetadata.<init>(AspectMetadata.java:97) ~[spring-aop-6.2.7.jar:6.2.7]
	at org.springframework.aop.aspectj.annotation.BeanFactoryAspectJAdvisorsBuilder.buildAspectJAdvisors(BeanFactoryAspectJAdvisorsBuilder.java:112) ~[spring-aop-6.2.7.jar:6.2.7]
	at org.springframework.aop.aspectj.annotation.AnnotationAwareAspectJAutoProxyCreator.findCandidateAdvisors(AnnotationAwareAspectJAutoProxyCreator.java:95) ~[spring-aop-6.2.7.jar:6.2.7]
	at org.springframework.aop.aspectj.autoproxy.AspectJAwareAdvisorAutoProxyCreator.shouldSkip(AspectJAwareAdvisorAutoProxyCreator.java:105) ~[spring-aop-6.2.7.jar:6.2.7]
	at org.springframework.aop.framework.autoproxy.AbstractAutoProxyCreator.postProcessBeforeInstantiation(AbstractAutoProxyCreator.java:280) ~[spring-aop-6.2.7.jar:6.2.7]
	at org.springframework.beans.factory.support.AbstractAutowireCapableBeanFactory.applyBeanPostProcessorsBeforeInstantiation(AbstractAutowireCapableBeanFactory.java:1168) ~[spring-beans-6.2.7.jar:6.2.7]
	at org.springframework.beans.factory.support.AbstractAutowireCapableBeanFactory.resolveBeforeInstantiation(AbstractAutowireCapableBeanFactory.java:1143) ~[spring-beans-6.2.7.jar:6.2.7]
	at org.springframework.beans.factory.support.AbstractAutowireCapableBeanFactory.createBean(AbstractAutowireCapableBeanFactory.java:518) ~[spring-beans-6.2.7.jar:6.2.7]
	... 40 common frames omitted
Caused by: java.lang.ClassNotFoundException: com.logging.models.LogContext
	at java.base/jdk.internal.loader.BuiltinClassLoader.loadClass(BuiltinClassLoader.java:641) ~[na:na]
	at java.base/jdk.internal.loader.ClassLoaders$AppClassLoader.loadClass(ClassLoaders.java:188) ~[na:na]
	at java.base/java.lang.ClassLoader.loadClass(ClassLoader.java:525) ~[na:na]
	at java.base/java.lang.Class.forName0(Native Method) ~[na:na]
	at java.base/java.lang.Class.forName(Class.java:467) ~[na:na]
	at org.springframework.boot.devtools.restart.classloader.RestartClassLoader.loadClass(RestartClassLoader.java:121) ~[spring-boot-devtools-3.5.0.jar:3.5.0]
	at java.base/java.lang.ClassLoader.loadClass(ClassLoader.java:525) ~[na:na]
	... 52 common frames omitted
2026-04-13 13:41:52 [restartedMain] INFO  [QlsvApplication] - Starting QlsvApplication using Java 17.0.12 with PID 16964 (D:\project IntelliJ Ultimate\modules-parent\qlsv\target\classes started by tranhuy in D:\project IntelliJ Ultimate\modules-parent\qlsv)
2026-04-13 13:41:52 [restartedMain] DEBUG [QlsvApplication] - Running with Spring Boot v3.5.0, Spring v6.2.7
2026-04-13 13:41:52 [restartedMain] INFO  [QlsvApplication] - No active profile set, falling back to 1 default profile: "default"
2026-04-13 13:41:52 [restartedMain] WARN  [AnnotationConfigServletWebServerApplicationContext] - Exception encountered during context initialization - cancelling refresh attempt: org.springframework.beans.factory.BeanDefinitionStoreException: I/O failure while processing configuration class [com.common.QLSV.services.UserConsumerService]
2026-04-13 13:41:52 [restartedMain] ERROR [SpringApplication] - Application run failed
org.springframework.beans.factory.BeanDefinitionStoreException: I/O failure while processing configuration class [com.common.QLSV.services.UserConsumerService]
	at org.springframework.context.annotation.ConfigurationClassParser.processConfigurationClass(ConfigurationClassParser.java:286) ~[spring-context-6.2.7.jar:6.2.7]
	at org.springframework.context.annotation.ConfigurationClassParser.parse(ConfigurationClassParser.java:218) ~[spring-context-6.2.7.jar:6.2.7]
	at org.springframework.context.annotation.ConfigurationClassParser.doProcessConfigurationClass(ConfigurationClassParser.java:354) ~[spring-context-6.2.7.jar:6.2.7]
	at org.springframework.context.annotation.ConfigurationClassParser.processConfigurationClass(ConfigurationClassParser.java:281) ~[spring-context-6.2.7.jar:6.2.7]
	at org.springframework.context.annotation.ConfigurationClassParser.parse(ConfigurationClassParser.java:204) ~[spring-context-6.2.7.jar:6.2.7]
	at org.springframework.context.annotation.ConfigurationClassParser.parse(ConfigurationClassParser.java:172) ~[spring-context-6.2.7.jar:6.2.7]
	at org.springframework.context.annotation.ConfigurationClassPostProcessor.processConfigBeanDefinitions(ConfigurationClassPostProcessor.java:418) ~[spring-context-6.2.7.jar:6.2.7]
	at org.springframework.context.annotation.ConfigurationClassPostProcessor.postProcessBeanDefinitionRegistry(ConfigurationClassPostProcessor.java:290) ~[spring-context-6.2.7.jar:6.2.7]
	at org.springframework.context.support.PostProcessorRegistrationDelegate.invokeBeanDefinitionRegistryPostProcessors(PostProcessorRegistrationDelegate.java:349) ~[spring-context-6.2.7.jar:6.2.7]
	at org.springframework.context.support.PostProcessorRegistrationDelegate.invokeBeanFactoryPostProcessors(PostProcessorRegistrationDelegate.java:118) ~[spring-context-6.2.7.jar:6.2.7]
	at org.springframework.context.support.AbstractApplicationContext.invokeBeanFactoryPostProcessors(AbstractApplicationContext.java:791) ~[spring-context-6.2.7.jar:6.2.7]
	at org.springframework.context.support.AbstractApplicationContext.refresh(AbstractApplicationContext.java:609) ~[spring-context-6.2.7.jar:6.2.7]
	at org.springframework.boot.web.servlet.context.ServletWebServerApplicationContext.refresh(ServletWebServerApplicationContext.java:146) ~[spring-boot-3.5.0.jar:3.5.0]
	at org.springframework.boot.SpringApplication.refresh(SpringApplication.java:753) ~[spring-boot-3.5.0.jar:3.5.0]
	at org.springframework.boot.SpringApplication.refreshContext(SpringApplication.java:439) ~[spring-boot-3.5.0.jar:3.5.0]
	at org.springframework.boot.SpringApplication.run(SpringApplication.java:318) ~[spring-boot-3.5.0.jar:3.5.0]
	at org.springframework.boot.SpringApplication.run(SpringApplication.java:1362) ~[spring-boot-3.5.0.jar:3.5.0]
	at org.springframework.boot.SpringApplication.run(SpringApplication.java:1351) ~[spring-boot-3.5.0.jar:3.5.0]
	at com.common.QLSV.QlsvApplication.main(QlsvApplication.java:21) ~[classes/:na]
	at java.base/jdk.internal.reflect.NativeMethodAccessorImpl.invoke0(Native Method) ~[na:na]
	at java.base/jdk.internal.reflect.NativeMethodAccessorImpl.invoke(NativeMethodAccessorImpl.java:77) ~[na:na]
	at java.base/jdk.internal.reflect.DelegatingMethodAccessorImpl.invoke(DelegatingMethodAccessorImpl.java:43) ~[na:na]
	at java.base/java.lang.reflect.Method.invoke(Method.java:568) ~[na:na]
	at org.springframework.boot.devtools.restart.RestartLauncher.run(RestartLauncher.java:50) ~[spring-boot-devtools-3.5.0.jar:3.5.0]
Caused by: java.io.FileNotFoundException: class path resource [com/kafka_shared/services/KafkaConsumerService.class] cannot be opened because it does not exist
	at org.springframework.core.io.ClassPathResource.getInputStream(ClassPathResource.java:215) ~[spring-core-6.2.7.jar:6.2.7]
	at org.springframework.core.type.classreading.SimpleMetadataReader.getClassReader(SimpleMetadataReader.java:54) ~[spring-core-6.2.7.jar:6.2.7]
	at org.springframework.core.type.classreading.SimpleMetadataReader.<init>(SimpleMetadataReader.java:48) ~[spring-core-6.2.7.jar:6.2.7]
	at org.springframework.core.type.classreading.SimpleMetadataReaderFactory.getMetadataReader(SimpleMetadataReaderFactory.java:103) ~[spring-core-6.2.7.jar:6.2.7]
	at org.springframework.boot.type.classreading.ConcurrentReferenceCachingMetadataReaderFactory.createMetadataReader(ConcurrentReferenceCachingMetadataReaderFactory.java:98) ~[spring-boot-3.5.0.jar:3.5.0]
	at org.springframework.boot.type.classreading.ConcurrentReferenceCachingMetadataReaderFactory.getMetadataReader(ConcurrentReferenceCachingMetadataReaderFactory.java:85) ~[spring-boot-3.5.0.jar:3.5.0]
	at org.springframework.core.type.classreading.SimpleMetadataReaderFactory.getMetadataReader(SimpleMetadataReaderFactory.java:81) ~[spring-core-6.2.7.jar:6.2.7]
	at org.springframework.boot.type.classreading.ConcurrentReferenceCachingMetadataReaderFactory.getMetadataReader(ConcurrentReferenceCachingMetadataReaderFactory.java:75) ~[spring-boot-3.5.0.jar:3.5.0]
	at org.springframework.context.annotation.ConfigurationClassParser.asSourceClass(ConfigurationClassParser.java:711) ~[spring-context-6.2.7.jar:6.2.7]
	at org.springframework.context.annotation.ConfigurationClassParser$SourceClass.getSuperClass(ConfigurationClassParser.java:1047) ~[spring-context-6.2.7.jar:6.2.7]
	at org.springframework.context.annotation.ConfigurationClassParser.doProcessConfigurationClass(ConfigurationClassParser.java:395) ~[spring-context-6.2.7.jar:6.2.7]
	at org.springframework.context.annotation.ConfigurationClassParser.processConfigurationClass(ConfigurationClassParser.java:281) ~[spring-context-6.2.7.jar:6.2.7]
	... 23 common frames omitted
2026-04-13 13:41:54 [restartedMain] INFO  [QlsvApplication] - Starting QlsvApplication using Java 17.0.12 with PID 16964 (D:\project IntelliJ Ultimate\modules-parent\qlsv\target\classes started by tranhuy in D:\project IntelliJ Ultimate\modules-parent\qlsv)
2026-04-13 13:41:54 [restartedMain] DEBUG [QlsvApplication] - Running with Spring Boot v3.5.0, Spring v6.2.7
2026-04-13 13:41:54 [restartedMain] INFO  [QlsvApplication] - No active profile set, falling back to 1 default profile: "default"
2026-04-13 13:41:55 [restartedMain] DEBUG [RxJava2OnClasspathCondition] - RxJava2 related Aspect extensions are not activated, because RxJava2 is not on the classpath.
2026-04-13 13:41:55 [restartedMain] DEBUG [ReactorOnClasspathCondition] - Reactor related Aspect extensions are not activated because Resilience4j Reactor module is not on the classpath.
2026-04-13 13:41:55 [restartedMain] DEBUG [RxJava2OnClasspathCondition] - RxJava2 related Aspect extensions are not activated, because RxJava2 is not on the classpath.
2026-04-13 13:41:55 [restartedMain] DEBUG [ReactorOnClasspathCondition] - Reactor related Aspect extensions are not activated because Resilience4j Reactor module is not on the classpath.
2026-04-13 13:41:55 [restartedMain] DEBUG [RxJava2OnClasspathCondition] - RxJava2 related Aspect extensions are not activated, because RxJava2 is not on the classpath.
2026-04-13 13:41:55 [restartedMain] DEBUG [ReactorOnClasspathCondition] - Reactor related Aspect extensions are not activated because Resilience4j Reactor module is not on the classpath.
2026-04-13 13:41:55 [restartedMain] DEBUG [RxJava2OnClasspathCondition] - RxJava2 related Aspect extensions are not activated, because RxJava2 is not on the classpath.
2026-04-13 13:41:55 [restartedMain] DEBUG [ReactorOnClasspathCondition] - Reactor related Aspect extensions are not activated because Resilience4j Reactor module is not on the classpath.
2026-04-13 13:41:55 [restartedMain] DEBUG [RxJava2OnClasspathCondition] - RxJava2 related Aspect extensions are not activated, because RxJava2 is not on the classpath.
2026-04-13 13:41:55 [restartedMain] DEBUG [ReactorOnClasspathCondition] - Reactor related Aspect extensions are not activated because Resilience4j Reactor module is not on the classpath.
2026-04-13 13:41:55 [restartedMain] DEBUG [RxJava2OnClasspathCondition] - RxJava2 related Aspect extensions are not activated, because RxJava2 is not on the classpath.
2026-04-13 13:41:55 [restartedMain] DEBUG [ReactorOnClasspathCondition] - Reactor related Aspect extensions are not activated because Resilience4j Reactor module is not on the classpath.
2026-04-13 13:41:56 [restartedMain] WARN  [deprecation] - HHH90000025: MySQL8Dialect does not need to be specified explicitly using 'hibernate.dialect' (remove the property setting and it will be selected by default)
2026-04-13 13:41:56 [restartedMain] WARN  [deprecation] - HHH90000026: MySQL8Dialect has been deprecated; use org.hibernate.dialect.MySQLDialect instead
2026-04-13 13:41:58 [restartedMain] WARN  [AnnotationConfigServletWebServerApplicationContext] - Exception encountered during context initialization - cancelling refresh attempt: org.springframework.beans.factory.UnsatisfiedDependencyException: Error creating bean with name 'studentController': Unsatisfied dependency expressed through field 'studentServiceImp': Error creating bean with name 'studentServiceImp': Unsatisfied dependency expressed through field 'securityService': No qualifying bean of type 'com.security_shared.services.SecurityService' available: expected at least 1 bean which qualifies as autowire candidate. Dependency annotations: {@org.springframework.beans.factory.annotation.Autowired(required=true)}
2026-04-13 13:41:58 [restartedMain] ERROR [LoggingFailureAnalysisReporter] - 

***************************
APPLICATION FAILED TO START
***************************

Description:

Field securityService in com.common.QLSV.services.imp.StudentServiceImp required a bean of type 'com.security_shared.services.SecurityService' that could not be found.

The injection point has the following annotations:
	- @org.springframework.beans.factory.annotation.Autowired(required=true)


Action:

Consider defining a bean of type 'com.security_shared.services.SecurityService' in your configuration.

2026-04-13 13:41:59 [restartedMain] INFO  [QlsvApplication] - Starting QlsvApplication using Java 17.0.12 with PID 16964 (D:\project IntelliJ Ultimate\modules-parent\qlsv\target\classes started by tranhuy in D:\project IntelliJ Ultimate\modules-parent\qlsv)
2026-04-13 13:41:59 [restartedMain] DEBUG [QlsvApplication] - Running with Spring Boot v3.5.0, Spring v6.2.7
2026-04-13 13:41:59 [restartedMain] INFO  [QlsvApplication] - No active profile set, falling back to 1 default profile: "default"
2026-04-13 13:42:00 [restartedMain] DEBUG [RxJava2OnClasspathCondition] - RxJava2 related Aspect extensions are not activated, because RxJava2 is not on the classpath.
2026-04-13 13:42:00 [restartedMain] DEBUG [ReactorOnClasspathCondition] - Reactor related Aspect extensions are not activated because Resilience4j Reactor module is not on the classpath.
2026-04-13 13:42:00 [restartedMain] DEBUG [RxJava2OnClasspathCondition] - RxJava2 related Aspect extensions are not activated, because RxJava2 is not on the classpath.
2026-04-13 13:42:00 [restartedMain] DEBUG [ReactorOnClasspathCondition] - Reactor related Aspect extensions are not activated because Resilience4j Reactor module is not on the classpath.
2026-04-13 13:42:00 [restartedMain] DEBUG [RxJava2OnClasspathCondition] - RxJava2 related Aspect extensions are not activated, because RxJava2 is not on the classpath.
2026-04-13 13:42:00 [restartedMain] DEBUG [ReactorOnClasspathCondition] - Reactor related Aspect extensions are not activated because Resilience4j Reactor module is not on the classpath.
2026-04-13 13:42:00 [restartedMain] DEBUG [RxJava2OnClasspathCondition] - RxJava2 related Aspect extensions are not activated, because RxJava2 is not on the classpath.
2026-04-13 13:42:00 [restartedMain] DEBUG [ReactorOnClasspathCondition] - Reactor related Aspect extensions are not activated because Resilience4j Reactor module is not on the classpath.
2026-04-13 13:42:00 [restartedMain] DEBUG [RxJava2OnClasspathCondition] - RxJava2 related Aspect extensions are not activated, because RxJava2 is not on the classpath.
2026-04-13 13:42:00 [restartedMain] DEBUG [ReactorOnClasspathCondition] - Reactor related Aspect extensions are not activated because Resilience4j Reactor module is not on the classpath.
2026-04-13 13:42:00 [restartedMain] DEBUG [RxJava2OnClasspathCondition] - RxJava2 related Aspect extensions are not activated, because RxJava2 is not on the classpath.
2026-04-13 13:42:00 [restartedMain] DEBUG [ReactorOnClasspathCondition] - Reactor related Aspect extensions are not activated because Resilience4j Reactor module is not on the classpath.
2026-04-13 13:42:02 [restartedMain] WARN  [deprecation] - HHH90000025: MySQL8Dialect does not need to be specified explicitly using 'hibernate.dialect' (remove the property setting and it will be selected by default)
2026-04-13 13:42:02 [restartedMain] WARN  [deprecation] - HHH90000026: MySQL8Dialect has been deprecated; use org.hibernate.dialect.MySQLDialect instead
2026-04-13 13:42:04 [restartedMain] WARN  [JpaBaseConfiguration$JpaWebConfiguration] - spring.jpa.open-in-view is enabled by default. Therefore, database queries may be performed during view rendering. Explicitly configure spring.jpa.open-in-view to disable this warning
2026-04-13 13:42:04 [restartedMain] DEBUG [Mappings] - 
	c.c.Q.c.StudentController:
	{GET [/students]}: get(String,UserDto)
	{PUT [/students/{id}]}: update(Integer,UpdateEntityModel,String,UserDto)
	{GET [/students/filter]}: filter(Integer,String,String,Integer,Gender,String,String,Double,String,String,Boolean,String,UserDto)
	{DELETE [/students]}: delete(List,String,UserDto)
	{DELETE [/students/cache]}: clearCache(String,UserDto)
	{GET [/students/{userId}]}: getByUserId(Integer,String,UserDto)
	{GET [/students/by-class/{schoolClass}]}: getBySchoolClass(String,String,UserDto)
	{GET [/students/paged]}: getPaged(int,int,String,String,String,UserDto)
2026-04-13 13:42:04 [restartedMain] DEBUG [Mappings] - 
	o.s.b.a.w.s.e.BasicErrorController:
	{ [/error]}: error(HttpServletRequest)
	{ [/error], produces [text/html]}: errorHtml(HttpServletRequest,HttpServletResponse)
2026-04-13 13:42:04 [restartedMain] DEBUG [Mappings] - 'beanNameHandlerMapping' {}
2026-04-13 13:42:04 [restartedMain] DEBUG [Mappings] - 'resourceHandlerMapping' {/webjars/**=ResourceHttpRequestHandler [classpath [META-INF/resources/webjars/]], /**=ResourceHttpRequestHandler [classpath [META-INF/resources/], classpath [resources/], classpath [static/], classpath [public/], ServletContext [/]]}
2026-04-13 13:42:04 [restartedMain] WARN  [ThymeleafAutoConfiguration$DefaultTemplateResolverConfiguration] - Cannot find template location: classpath:/templates/ (please add some templates, check your Thymeleaf configuration, or set spring.thymeleaf.check-template-location=false)
2026-04-13 13:42:05 [restartedMain] INFO  [QlsvApplication] - Started QlsvApplication in 6.149 seconds (process running for 1002.373)
2026-04-13 14:06:11 [background-preinit] DEBUG [logging] - Logging Provider: org.jboss.logging.Slf4jLoggerProvider found via system property
2026-04-13 14:06:11 [restartedMain] INFO  [QlsvApplication] - Starting QlsvApplication using Java 17.0.12 with PID 19824 (D:\project IntelliJ Ultimate\modules-parent\qlsv\target\classes started by tranhuy in D:\project IntelliJ Ultimate\modules-parent\qlsv)
2026-04-13 14:06:11 [restartedMain] DEBUG [QlsvApplication] - Running with Spring Boot v3.5.0, Spring v6.2.7
2026-04-13 14:06:11 [restartedMain] INFO  [QlsvApplication] - No active profile set, falling back to 1 default profile: "default"
2026-04-13 14:06:13 [restartedMain] DEBUG [RxJava2OnClasspathCondition] - RxJava2 related Aspect extensions are not activated, because RxJava2 is not on the classpath.
2026-04-13 14:06:13 [restartedMain] DEBUG [ReactorOnClasspathCondition] - Reactor related Aspect extensions are not activated because Resilience4j Reactor module is not on the classpath.
2026-04-13 14:06:13 [restartedMain] DEBUG [RxJava2OnClasspathCondition] - RxJava2 related Aspect extensions are not activated, because RxJava2 is not on the classpath.
2026-04-13 14:06:13 [restartedMain] DEBUG [ReactorOnClasspathCondition] - Reactor related Aspect extensions are not activated because Resilience4j Reactor module is not on the classpath.
2026-04-13 14:06:13 [restartedMain] DEBUG [RxJava2OnClasspathCondition] - RxJava2 related Aspect extensions are not activated, because RxJava2 is not on the classpath.
2026-04-13 14:06:13 [restartedMain] DEBUG [ReactorOnClasspathCondition] - Reactor related Aspect extensions are not activated because Resilience4j Reactor module is not on the classpath.
2026-04-13 14:06:13 [restartedMain] DEBUG [RxJava2OnClasspathCondition] - RxJava2 related Aspect extensions are not activated, because RxJava2 is not on the classpath.
2026-04-13 14:06:13 [restartedMain] DEBUG [ReactorOnClasspathCondition] - Reactor related Aspect extensions are not activated because Resilience4j Reactor module is not on the classpath.
2026-04-13 14:06:14 [restartedMain] DEBUG [RxJava2OnClasspathCondition] - RxJava2 related Aspect extensions are not activated, because RxJava2 is not on the classpath.
2026-04-13 14:06:14 [restartedMain] DEBUG [ReactorOnClasspathCondition] - Reactor related Aspect extensions are not activated because Resilience4j Reactor module is not on the classpath.
2026-04-13 14:06:14 [restartedMain] DEBUG [RxJava2OnClasspathCondition] - RxJava2 related Aspect extensions are not activated, because RxJava2 is not on the classpath.
2026-04-13 14:06:14 [restartedMain] DEBUG [ReactorOnClasspathCondition] - Reactor related Aspect extensions are not activated because Resilience4j Reactor module is not on the classpath.
2026-04-13 14:06:18 [restartedMain] DEBUG [InternalLoggerFactory] - Using SLF4J as the default logging framework
2026-04-13 14:06:21 [restartedMain] WARN  [deprecation] - HHH90000025: MySQL8Dialect does not need to be specified explicitly using 'hibernate.dialect' (remove the property setting and it will be selected by default)
2026-04-13 14:06:21 [restartedMain] WARN  [deprecation] - HHH90000026: MySQL8Dialect has been deprecated; use org.hibernate.dialect.MySQLDialect instead
2026-04-13 14:06:29 [restartedMain] WARN  [JpaBaseConfiguration$JpaWebConfiguration] - spring.jpa.open-in-view is enabled by default. Therefore, database queries may be performed during view rendering. Explicitly configure spring.jpa.open-in-view to disable this warning
2026-04-13 14:06:30 [restartedMain] DEBUG [Mappings] - 
	c.c.Q.c.StudentController:
	{GET [/students]}: get(String,UserDto)
	{PUT [/students/{id}]}: update(Integer,UpdateEntityModel,String,UserDto)
	{GET [/students/filter]}: filter(Integer,String,String,Integer,Gender,String,String,Double,String,String,Boolean,String,UserDto)
	{DELETE [/students]}: delete(List,String,UserDto)
	{DELETE [/students/cache]}: clearCache(String,UserDto)
	{GET [/students/{userId}]}: getByUserId(Integer,String,UserDto)
	{GET [/students/paged]}: getPaged(int,int,String,String,String,UserDto)
	{GET [/students/by-class/{schoolClass}]}: getBySchoolClass(String,String,UserDto)
2026-04-13 14:06:30 [restartedMain] DEBUG [Mappings] - 
	o.s.b.a.w.s.e.BasicErrorController:
	{ [/error]}: error(HttpServletRequest)
	{ [/error], produces [text/html]}: errorHtml(HttpServletRequest,HttpServletResponse)
2026-04-13 14:06:31 [restartedMain] DEBUG [Mappings] - 'beanNameHandlerMapping' {}
2026-04-13 14:06:31 [restartedMain] DEBUG [Mappings] - 'resourceHandlerMapping' {/webjars/**=ResourceHttpRequestHandler [classpath [META-INF/resources/webjars/]], /**=ResourceHttpRequestHandler [classpath [META-INF/resources/], classpath [resources/], classpath [static/], classpath [public/], ServletContext [/]]}
2026-04-13 14:06:32 [restartedMain] WARN  [ThymeleafAutoConfiguration$DefaultTemplateResolverConfiguration] - Cannot find template location: classpath:/templates/ (please add some templates, check your Thymeleaf configuration, or set spring.thymeleaf.check-template-location=false)
2026-04-13 14:06:33 [restartedMain] DEBUG [Loggers] - Using Slf4j logging framework
2026-04-13 14:06:38 [restartedMain] INFO  [QlsvApplication] - Started QlsvApplication in 27.144 seconds (process running for 27.787)
2026-04-13 14:08:15 [org.springframework.kafka.KafkaListenerEndpointContainer#1-0-C-1] INFO  [LoggingServiceImp] - [qlsv] UserConsumerService - Processing user REGISTERED event: HuyS1 (ID: 1)
2026-04-13 14:08:15 [org.springframework.kafka.KafkaListenerEndpointContainer#1-0-C-1] DEBUG [CircuitBreakerAspect] - Created or retrieved circuit breaker 'qlsv-service' with failure rate '50.0' for method: 'com.common.QLSV.services.imp.StudentServiceImp#createByUserId'
2026-04-13 14:08:15 [org.springframework.kafka.KafkaListenerEndpointContainer#1-0-C-1] INFO  [LoggingServiceImp] - [qlsv] StudentServiceImp - Delete cache after create student userId: 1
2026-04-13 14:08:15 [org.springframework.kafka.KafkaListenerEndpointContainer#1-0-C-1] INFO  [LoggingServiceImp] - [qlsv] StudentServiceImp - Create student profile for userId: 1 Successfully
2026-04-13 14:08:15 [org.springframework.kafka.KafkaListenerEndpointContainer#1-0-C-1] DEBUG [CircuitBreakerStateMachine] - CircuitBreaker 'qlsv-service' succeeded:
2026-04-13 14:08:15 [org.springframework.kafka.KafkaListenerEndpointContainer#1-0-C-1] INFO  [LoggingServiceImp] - [qlsv] UserConsumerService - Successfully processed user REGISTERED event
2026-04-13 14:08:15 [org.springframework.kafka.KafkaListenerEndpointContainer#1-0-C-1] INFO  [LoggingServiceImp] - [kafka_shared] KafkaProducerService - userEvent sent to topic: profile-events - with entity id: [1]
2026-04-13 14:08:15 [org.springframework.kafka.KafkaListenerEndpointContainer#1-0-C-1] INFO  [LoggingServiceImp] - [qlsv] UserConsumerService - Successfully sending PROFILE_CREATED event to profile-events topic
2026-04-13 14:08:15 [kafka-producer-network-thread | QLSV-producer-1] INFO  [LoggingServiceImp] - [kafka_shared] KafkaProducerService - Message sent successfully to topic: profile-events, partition: 0, offset: 0, key: [1]
2026-04-13 14:08:15 [org.springframework.kafka.KafkaListenerEndpointContainer#1-0-C-1] INFO  [LoggingServiceImp] - [kafka_shared] NotificationService - Success notification sent for userEvent with entity id : [1] to topic: notifications
2026-04-13 14:08:15 [org.springframework.kafka.KafkaListenerEndpointContainer#1-0-C-1] INFO  [LoggingServiceImp] - [kafka_shared] UserConsumerService - Event processed successfully: userEvent HuyS1 (ID: 1)
2026-04-13 14:08:15 [org.springframework.kafka.KafkaListenerEndpointContainer#1-0-C-1] INFO  [LoggingServiceImp] - [qlsv] UserConsumerService - Successfully processed user event
2026-04-13 14:08:15 [kafka-producer-network-thread | QLSV-producer-1] INFO  [LoggingServiceImp] - [kafka_shared] KafkaProducerService - Message sent successfully to topic: notifications, partition: 0, offset: 0, key: [1]
2026-04-13 14:09:45 [org.springframework.kafka.KafkaListenerEndpointContainer#1-0-C-1] WARN  [LoggingServiceImp] - [qlsv] UserConsumerService - User or user type is null in event. Skipping.
2026-04-13 14:10:07 [http-nio-8080-exec-7] DEBUG [LoggingServiceImp] - [security_shared] SecurityService - Calling security module with URL: http://localhost:8083/auth/validate to validate token
2026-04-13 14:10:07 [http-nio-8080-exec-7] DEBUG [LoggingServiceImp] - [security_shared] SecurityService - Successfully retrieved user from security module: HuyS1 and cached in Redis with key: user:token:eyJhbGciOiJIUzM4NCJ9.eyJyb2xlIjoiU1RVREVOVCIsInBlcm1pc3Npb25zIjpbIlNUVURFTlRfV1JJVEUiLCJTVFVERU5UX1JFQUQiXSwic3ViIjoiSHV5UzEiLCJqdGkiOiI3ODA5NzNjNy1lN2M5LTQyNzEtYWYwZC1lNTcyNjU0NGY3YzYiLCJpYXQiOjE3NzYwNjQxODUsImV4cCI6MTc3NjA2Nzc4NX0.aEblu8yVHt3wJASy0kujL-PwiTj1Ty1t8Afya-iEDc9NccsqV3K3wcsqPSO8lcRL
2026-04-13 14:10:07 [http-nio-8080-exec-7] DEBUG [LoggingServiceImp] - [security_shared] SecurityService - User HuyS1 successfully authorized
2026-04-13 14:10:07 [http-nio-8080-exec-7] DEBUG [LoggingServiceImp] - [security_shared] RequiresAuthAspect - User HuyS1 successfully authorized for method: getByUserId with roles: ADMIN, STUDENT, TEACHER and permissions: STUDENT_READ, TEACHER_READ
2026-04-13 14:10:07 [http-nio-8080-exec-7] DEBUG [RateLimiterAspect] - Created or retrieved rate limiter 'student-controller' with period: 'PT1M'; limit for period: '100'; timeout: 'PT0S'; method: 'com.common.QLSV.controllers.StudentController#getByUserId'
2026-04-13 14:10:07 [http-nio-8080-exec-7] INFO  [LoggingServiceImp] - [qlsv] StudentController - Get student by userId: 1 called successfully by user: HuyS1
2026-04-13 14:10:07 [http-nio-8080-exec-7] DEBUG [CircuitBreakerAspect] - Created or retrieved circuit breaker 'qlsv-service' with failure rate '50.0' for method: 'com.common.QLSV.services.imp.StudentServiceImp#getByUserId'
2026-04-13 14:10:07 [http-nio-8080-exec-7] WARN  [LoggingServiceImp] - [qlsv] StudentServiceImp - Not found cache for userId: 1, query DB
2026-04-13 14:10:07 [http-nio-8080-exec-7] DEBUG [CircuitBreakerAspect] - Created or retrieved circuit breaker 'security-service' with failure rate '50.0' for method: 'com.security_shared.services.SecurityService#getUsersByIds'
2026-04-13 14:10:07 [http-nio-8080-exec-7] DEBUG [LoggingServiceImp] - [security_shared] SecurityService - Calling security internal API to batch get users, count: 1
2026-04-13 14:10:07 [http-nio-8080-exec-7] DEBUG [LoggingServiceImp] - [security_shared] SecurityService - Successfully retrieved 1 users
2026-04-13 14:10:07 [http-nio-8080-exec-7] DEBUG [CircuitBreakerStateMachine] - CircuitBreaker 'security-service' succeeded:
2026-04-13 14:10:07 [http-nio-8080-exec-7] INFO  [LoggingServiceImp] - [qlsv] StudentServiceImp - Save student by userId cache to Redis : students:user:1
2026-04-13 14:10:07 [http-nio-8080-exec-7] INFO  [LoggingServiceImp] - [qlsv] StudentServiceImp - Get student by userId: 1 Successfully
2026-04-13 14:10:07 [http-nio-8080-exec-7] DEBUG [CircuitBreakerStateMachine] - CircuitBreaker 'qlsv-service' succeeded:
2026-04-13 14:10:07 [http-nio-8080-exec-2] DEBUG [LoggingServiceImp] - [security_shared] SecurityService - Calling security module with URL: http://localhost:8083/auth/validate to validate token
2026-04-13 14:10:07 [http-nio-8080-exec-2] DEBUG [LoggingServiceImp] - [security_shared] SecurityService - Successfully retrieved user from security module: HuyS1 and cached in Redis with key: user:token:eyJhbGciOiJIUzM4NCJ9.eyJyb2xlIjoiU1RVREVOVCIsInBlcm1pc3Npb25zIjpbIlNUVURFTlRfV1JJVEUiLCJTVFVERU5UX1JFQUQiXSwic3ViIjoiSHV5UzEiLCJqdGkiOiI3ODA5NzNjNy1lN2M5LTQyNzEtYWYwZC1lNTcyNjU0NGY3YzYiLCJpYXQiOjE3NzYwNjQxODUsImV4cCI6MTc3NjA2Nzc4NX0.aEblu8yVHt3wJASy0kujL-PwiTj1Ty1t8Afya-iEDc9NccsqV3K3wcsqPSO8lcRL
2026-04-13 14:10:07 [http-nio-8080-exec-2] DEBUG [LoggingServiceImp] - [security_shared] SecurityService - User HuyS1 successfully authorized
2026-04-13 14:10:07 [http-nio-8080-exec-2] DEBUG [LoggingServiceImp] - [security_shared] RequiresAuthAspect - User HuyS1 successfully authorized for method: getByUserId with roles: ADMIN, STUDENT, TEACHER and permissions: STUDENT_READ, TEACHER_READ
2026-04-13 14:10:07 [http-nio-8080-exec-2] DEBUG [RateLimiterAspect] - Created or retrieved rate limiter 'student-controller' with period: 'PT1M'; limit for period: '100'; timeout: 'PT0S'; method: 'com.common.QLSV.controllers.StudentController#getByUserId'
2026-04-13 14:10:07 [http-nio-8080-exec-2] INFO  [LoggingServiceImp] - [qlsv] StudentController - Get student by userId: 1 called successfully by user: HuyS1
2026-04-13 14:10:07 [http-nio-8080-exec-2] DEBUG [CircuitBreakerAspect] - Created or retrieved circuit breaker 'qlsv-service' with failure rate '50.0' for method: 'com.common.QLSV.services.imp.StudentServiceImp#getByUserId'
2026-04-13 14:10:07 [http-nio-8080-exec-2] INFO  [LoggingServiceImp] - [qlsv] StudentServiceImp - Get student by userId from cache: students:user:1
2026-04-13 14:10:07 [http-nio-8080-exec-2] DEBUG [CircuitBreakerStateMachine] - CircuitBreaker 'qlsv-service' succeeded:
2026-04-13 14:11:01 [http-nio-8080-exec-1] DEBUG [LoggingServiceImp] - [security_shared] SecurityService - Calling security module with URL: http://localhost:8083/auth/validate to validate token
2026-04-13 14:11:02 [http-nio-8080-exec-1] DEBUG [LoggingServiceImp] - [security_shared] SecurityService - Successfully retrieved user from security module: HuyS1 and cached in Redis with key: user:token:eyJhbGciOiJIUzM4NCJ9.eyJyb2xlIjoiU1RVREVOVCIsInBlcm1pc3Npb25zIjpbIlNUVURFTlRfV1JJVEUiLCJTVFVERU5UX1JFQUQiXSwic3ViIjoiSHV5UzEiLCJqdGkiOiI3ODA5NzNjNy1lN2M5LTQyNzEtYWYwZC1lNTcyNjU0NGY3YzYiLCJpYXQiOjE3NzYwNjQxODUsImV4cCI6MTc3NjA2Nzc4NX0.aEblu8yVHt3wJASy0kujL-PwiTj1Ty1t8Afya-iEDc9NccsqV3K3wcsqPSO8lcRL
2026-04-13 14:11:02 [http-nio-8080-exec-1] DEBUG [LoggingServiceImp] - [security_shared] SecurityService - User HuyS1 successfully authorized
2026-04-13 14:11:02 [http-nio-8080-exec-1] DEBUG [LoggingServiceImp] - [security_shared] RequiresAuthAspect - User HuyS1 successfully authorized for method: getByUserId with roles: ADMIN, STUDENT, TEACHER and permissions: STUDENT_READ, TEACHER_READ
2026-04-13 14:11:02 [http-nio-8080-exec-1] DEBUG [RateLimiterAspect] - Created or retrieved rate limiter 'student-controller' with period: 'PT1M'; limit for period: '100'; timeout: 'PT0S'; method: 'com.common.QLSV.controllers.StudentController#getByUserId'
2026-04-13 14:11:02 [http-nio-8080-exec-1] INFO  [LoggingServiceImp] - [qlsv] StudentController - Get student by userId: 1 called successfully by user: HuyS1
2026-04-13 14:11:02 [http-nio-8080-exec-1] DEBUG [CircuitBreakerAspect] - Created or retrieved circuit breaker 'qlsv-service' with failure rate '50.0' for method: 'com.common.QLSV.services.imp.StudentServiceImp#getByUserId'
2026-04-13 14:11:02 [http-nio-8080-exec-1] INFO  [LoggingServiceImp] - [qlsv] StudentServiceImp - Get student by userId from cache: students:user:1
2026-04-13 14:11:02 [http-nio-8080-exec-1] DEBUG [CircuitBreakerStateMachine] - CircuitBreaker 'qlsv-service' succeeded:
2026-04-13 14:11:06 [http-nio-8080-exec-5] DEBUG [LoggingServiceImp] - [security_shared] SecurityService - Calling security module with URL: http://localhost:8083/auth/validate to validate token
2026-04-13 14:11:06 [http-nio-8080-exec-5] DEBUG [LoggingServiceImp] - [security_shared] SecurityService - Successfully retrieved user from security module: HuyS1 and cached in Redis with key: user:token:eyJhbGciOiJIUzM4NCJ9.eyJyb2xlIjoiU1RVREVOVCIsInBlcm1pc3Npb25zIjpbIlNUVURFTlRfV1JJVEUiLCJTVFVERU5UX1JFQUQiXSwic3ViIjoiSHV5UzEiLCJqdGkiOiI3ODA5NzNjNy1lN2M5LTQyNzEtYWYwZC1lNTcyNjU0NGY3YzYiLCJpYXQiOjE3NzYwNjQxODUsImV4cCI6MTc3NjA2Nzc4NX0.aEblu8yVHt3wJASy0kujL-PwiTj1Ty1t8Afya-iEDc9NccsqV3K3wcsqPSO8lcRL
2026-04-13 14:11:06 [http-nio-8080-exec-5] DEBUG [LoggingServiceImp] - [security_shared] SecurityService - User HuyS1 successfully authorized
2026-04-13 14:11:06 [http-nio-8080-exec-5] DEBUG [LoggingServiceImp] - [security_shared] RequiresAuthAspect - User HuyS1 successfully authorized for method: getByUserId with roles: ADMIN, STUDENT, TEACHER and permissions: STUDENT_READ, TEACHER_READ
2026-04-13 14:11:06 [http-nio-8080-exec-5] DEBUG [RateLimiterAspect] - Created or retrieved rate limiter 'student-controller' with period: 'PT1M'; limit for period: '100'; timeout: 'PT0S'; method: 'com.common.QLSV.controllers.StudentController#getByUserId'
2026-04-13 14:11:06 [http-nio-8080-exec-5] INFO  [LoggingServiceImp] - [qlsv] StudentController - Get student by userId: 1 called successfully by user: HuyS1
2026-04-13 14:11:06 [http-nio-8080-exec-5] DEBUG [CircuitBreakerAspect] - Created or retrieved circuit breaker 'qlsv-service' with failure rate '50.0' for method: 'com.common.QLSV.services.imp.StudentServiceImp#getByUserId'
2026-04-13 14:11:06 [http-nio-8080-exec-5] INFO  [LoggingServiceImp] - [qlsv] StudentServiceImp - Get student by userId from cache: students:user:1
2026-04-13 14:11:06 [http-nio-8080-exec-5] DEBUG [CircuitBreakerStateMachine] - CircuitBreaker 'qlsv-service' succeeded:
2026-04-13 14:11:54 [http-nio-8080-exec-8] DEBUG [LoggingServiceImp] - [security_shared] SecurityService - Calling security module with URL: http://localhost:8083/auth/validate to validate token
2026-04-13 14:11:55 [http-nio-8080-exec-8] DEBUG [LoggingServiceImp] - [security_shared] SecurityService - Successfully retrieved user from security module: HuyS1 and cached in Redis with key: user:token:eyJhbGciOiJIUzM4NCJ9.eyJyb2xlIjoiU1RVREVOVCIsInBlcm1pc3Npb25zIjpbIlNUVURFTlRfV1JJVEUiLCJTVFVERU5UX1JFQUQiXSwic3ViIjoiSHV5UzEiLCJqdGkiOiI3ODA5NzNjNy1lN2M5LTQyNzEtYWYwZC1lNTcyNjU0NGY3YzYiLCJpYXQiOjE3NzYwNjQxODUsImV4cCI6MTc3NjA2Nzc4NX0.aEblu8yVHt3wJASy0kujL-PwiTj1Ty1t8Afya-iEDc9NccsqV3K3wcsqPSO8lcRL
2026-04-13 14:11:55 [http-nio-8080-exec-8] DEBUG [LoggingServiceImp] - [security_shared] SecurityService - User HuyS1 successfully authorized
2026-04-13 14:11:55 [http-nio-8080-exec-8] DEBUG [LoggingServiceImp] - [security_shared] RequiresAuthAspect - User HuyS1 successfully authorized for method: getByUserId with roles: ADMIN, STUDENT, TEACHER and permissions: STUDENT_READ, TEACHER_READ
2026-04-13 14:11:55 [http-nio-8080-exec-8] DEBUG [RateLimiterAspect] - Created or retrieved rate limiter 'student-controller' with period: 'PT1M'; limit for period: '100'; timeout: 'PT0S'; method: 'com.common.QLSV.controllers.StudentController#getByUserId'
2026-04-13 14:11:55 [http-nio-8080-exec-8] INFO  [LoggingServiceImp] - [qlsv] StudentController - Get student by userId: 1 called successfully by user: HuyS1
2026-04-13 14:11:55 [http-nio-8080-exec-8] DEBUG [CircuitBreakerAspect] - Created or retrieved circuit breaker 'qlsv-service' with failure rate '50.0' for method: 'com.common.QLSV.services.imp.StudentServiceImp#getByUserId'
2026-04-13 14:11:55 [http-nio-8080-exec-8] INFO  [LoggingServiceImp] - [qlsv] StudentServiceImp - Get student by userId from cache: students:user:1
2026-04-13 14:11:55 [http-nio-8080-exec-8] DEBUG [CircuitBreakerStateMachine] - CircuitBreaker 'qlsv-service' succeeded:
2026-04-13 14:11:55 [http-nio-8080-exec-3] DEBUG [LoggingServiceImp] - [security_shared] SecurityService - Calling security module with URL: http://localhost:8083/auth/validate to validate token
2026-04-13 14:11:55 [http-nio-8080-exec-3] DEBUG [LoggingServiceImp] - [security_shared] SecurityService - Successfully retrieved user from security module: HuyS1 and cached in Redis with key: user:token:eyJhbGciOiJIUzM4NCJ9.eyJyb2xlIjoiU1RVREVOVCIsInBlcm1pc3Npb25zIjpbIlNUVURFTlRfV1JJVEUiLCJTVFVERU5UX1JFQUQiXSwic3ViIjoiSHV5UzEiLCJqdGkiOiI3ODA5NzNjNy1lN2M5LTQyNzEtYWYwZC1lNTcyNjU0NGY3YzYiLCJpYXQiOjE3NzYwNjQxODUsImV4cCI6MTc3NjA2Nzc4NX0.aEblu8yVHt3wJASy0kujL-PwiTj1Ty1t8Afya-iEDc9NccsqV3K3wcsqPSO8lcRL
2026-04-13 14:11:55 [http-nio-8080-exec-3] DEBUG [LoggingServiceImp] - [security_shared] SecurityService - User HuyS1 successfully authorized
2026-04-13 14:11:55 [http-nio-8080-exec-3] DEBUG [LoggingServiceImp] - [security_shared] RequiresAuthAspect - User HuyS1 successfully authorized for method: getByUserId with roles: ADMIN, STUDENT, TEACHER and permissions: STUDENT_READ, TEACHER_READ
2026-04-13 14:11:55 [http-nio-8080-exec-3] DEBUG [RateLimiterAspect] - Created or retrieved rate limiter 'student-controller' with period: 'PT1M'; limit for period: '100'; timeout: 'PT0S'; method: 'com.common.QLSV.controllers.StudentController#getByUserId'
2026-04-13 14:11:55 [http-nio-8080-exec-3] INFO  [LoggingServiceImp] - [qlsv] StudentController - Get student by userId: 1 called successfully by user: HuyS1
2026-04-13 14:11:55 [http-nio-8080-exec-3] DEBUG [CircuitBreakerAspect] - Created or retrieved circuit breaker 'qlsv-service' with failure rate '50.0' for method: 'com.common.QLSV.services.imp.StudentServiceImp#getByUserId'
2026-04-13 14:11:55 [http-nio-8080-exec-3] INFO  [LoggingServiceImp] - [qlsv] StudentServiceImp - Get student by userId from cache: students:user:1
2026-04-13 14:11:55 [http-nio-8080-exec-3] DEBUG [CircuitBreakerStateMachine] - CircuitBreaker 'qlsv-service' succeeded:
2026-04-13 14:12:20 [http-nio-8080-exec-6] DEBUG [LoggingServiceImp] - [security_shared] SecurityService - Calling security module with URL: http://localhost:8083/auth/validate to validate token
2026-04-13 14:12:20 [http-nio-8080-exec-6] DEBUG [LoggingServiceImp] - [security_shared] SecurityService - Successfully retrieved user from security module: HuyS1 and cached in Redis with key: user:token:eyJhbGciOiJIUzM4NCJ9.eyJyb2xlIjoiU1RVREVOVCIsInBlcm1pc3Npb25zIjpbIlNUVURFTlRfV1JJVEUiLCJTVFVERU5UX1JFQUQiXSwic3ViIjoiSHV5UzEiLCJqdGkiOiI3ODA5NzNjNy1lN2M5LTQyNzEtYWYwZC1lNTcyNjU0NGY3YzYiLCJpYXQiOjE3NzYwNjQxODUsImV4cCI6MTc3NjA2Nzc4NX0.aEblu8yVHt3wJASy0kujL-PwiTj1Ty1t8Afya-iEDc9NccsqV3K3wcsqPSO8lcRL
2026-04-13 14:12:20 [http-nio-8080-exec-6] DEBUG [LoggingServiceImp] - [security_shared] SecurityService - User HuyS1 successfully authorized
2026-04-13 14:12:20 [http-nio-8080-exec-6] DEBUG [LoggingServiceImp] - [security_shared] RequiresAuthAspect - User HuyS1 successfully authorized for method: getByUserId with roles: ADMIN, STUDENT, TEACHER and permissions: STUDENT_READ, TEACHER_READ
2026-04-13 14:12:20 [http-nio-8080-exec-6] DEBUG [RateLimiterAspect] - Created or retrieved rate limiter 'student-controller' with period: 'PT1M'; limit for period: '100'; timeout: 'PT0S'; method: 'com.common.QLSV.controllers.StudentController#getByUserId'
2026-04-13 14:12:20 [http-nio-8080-exec-6] INFO  [LoggingServiceImp] - [qlsv] StudentController - Get student by userId: 1 called successfully by user: HuyS1
2026-04-13 14:12:20 [http-nio-8080-exec-6] DEBUG [CircuitBreakerAspect] - Created or retrieved circuit breaker 'qlsv-service' with failure rate '50.0' for method: 'com.common.QLSV.services.imp.StudentServiceImp#getByUserId'
2026-04-13 14:12:20 [http-nio-8080-exec-6] INFO  [LoggingServiceImp] - [qlsv] StudentServiceImp - Get student by userId from cache: students:user:1
2026-04-13 14:12:20 [http-nio-8080-exec-6] DEBUG [CircuitBreakerStateMachine] - CircuitBreaker 'qlsv-service' succeeded:
2026-04-13 14:12:20 [http-nio-8080-exec-7] DEBUG [LoggingServiceImp] - [security_shared] SecurityService - Calling security module with URL: http://localhost:8083/auth/validate to validate token
2026-04-13 14:12:20 [http-nio-8080-exec-7] DEBUG [LoggingServiceImp] - [security_shared] SecurityService - Successfully retrieved user from security module: HuyS1 and cached in Redis with key: user:token:eyJhbGciOiJIUzM4NCJ9.eyJyb2xlIjoiU1RVREVOVCIsInBlcm1pc3Npb25zIjpbIlNUVURFTlRfV1JJVEUiLCJTVFVERU5UX1JFQUQiXSwic3ViIjoiSHV5UzEiLCJqdGkiOiI3ODA5NzNjNy1lN2M5LTQyNzEtYWYwZC1lNTcyNjU0NGY3YzYiLCJpYXQiOjE3NzYwNjQxODUsImV4cCI6MTc3NjA2Nzc4NX0.aEblu8yVHt3wJASy0kujL-PwiTj1Ty1t8Afya-iEDc9NccsqV3K3wcsqPSO8lcRL
2026-04-13 14:12:20 [http-nio-8080-exec-7] DEBUG [LoggingServiceImp] - [security_shared] SecurityService - User HuyS1 successfully authorized
2026-04-13 14:12:20 [http-nio-8080-exec-7] DEBUG [LoggingServiceImp] - [security_shared] RequiresAuthAspect - User HuyS1 successfully authorized for method: getByUserId with roles: ADMIN, STUDENT, TEACHER and permissions: STUDENT_READ, TEACHER_READ
2026-04-13 14:12:20 [http-nio-8080-exec-7] DEBUG [RateLimiterAspect] - Created or retrieved rate limiter 'student-controller' with period: 'PT1M'; limit for period: '100'; timeout: 'PT0S'; method: 'com.common.QLSV.controllers.StudentController#getByUserId'
2026-04-13 14:12:20 [http-nio-8080-exec-7] INFO  [LoggingServiceImp] - [qlsv] StudentController - Get student by userId: 1 called successfully by user: HuyS1
2026-04-13 14:12:20 [http-nio-8080-exec-7] DEBUG [CircuitBreakerAspect] - Created or retrieved circuit breaker 'qlsv-service' with failure rate '50.0' for method: 'com.common.QLSV.services.imp.StudentServiceImp#getByUserId'
2026-04-13 14:12:20 [http-nio-8080-exec-7] INFO  [LoggingServiceImp] - [qlsv] StudentServiceImp - Get student by userId from cache: students:user:1
2026-04-13 14:12:20 [http-nio-8080-exec-7] DEBUG [CircuitBreakerStateMachine] - CircuitBreaker 'qlsv-service' succeeded:
2026-04-13 14:12:23 [http-nio-8080-exec-2] DEBUG [LoggingServiceImp] - [security_shared] SecurityService - Calling security module with URL: http://localhost:8083/auth/validate to validate token
2026-04-13 14:12:23 [http-nio-8080-exec-2] DEBUG [LoggingServiceImp] - [security_shared] SecurityService - Successfully retrieved user from security module: HuyS1 and cached in Redis with key: user:token:eyJhbGciOiJIUzM4NCJ9.eyJyb2xlIjoiU1RVREVOVCIsInBlcm1pc3Npb25zIjpbIlNUVURFTlRfV1JJVEUiLCJTVFVERU5UX1JFQUQiXSwic3ViIjoiSHV5UzEiLCJqdGkiOiI3ODA5NzNjNy1lN2M5LTQyNzEtYWYwZC1lNTcyNjU0NGY3YzYiLCJpYXQiOjE3NzYwNjQxODUsImV4cCI6MTc3NjA2Nzc4NX0.aEblu8yVHt3wJASy0kujL-PwiTj1Ty1t8Afya-iEDc9NccsqV3K3wcsqPSO8lcRL
2026-04-13 14:12:23 [http-nio-8080-exec-2] DEBUG [LoggingServiceImp] - [security_shared] SecurityService - User HuyS1 successfully authorized
2026-04-13 14:12:23 [http-nio-8080-exec-2] DEBUG [LoggingServiceImp] - [security_shared] RequiresAuthAspect - User HuyS1 successfully authorized for method: getByUserId with roles: ADMIN, STUDENT, TEACHER and permissions: STUDENT_READ, TEACHER_READ
2026-04-13 14:12:23 [http-nio-8080-exec-2] DEBUG [RateLimiterAspect] - Created or retrieved rate limiter 'student-controller' with period: 'PT1M'; limit for period: '100'; timeout: 'PT0S'; method: 'com.common.QLSV.controllers.StudentController#getByUserId'
2026-04-13 14:12:23 [http-nio-8080-exec-2] INFO  [LoggingServiceImp] - [qlsv] StudentController - Get student by userId: 1 called successfully by user: HuyS1
2026-04-13 14:12:23 [http-nio-8080-exec-2] DEBUG [CircuitBreakerAspect] - Created or retrieved circuit breaker 'qlsv-service' with failure rate '50.0' for method: 'com.common.QLSV.services.imp.StudentServiceImp#getByUserId'
2026-04-13 14:12:23 [http-nio-8080-exec-2] INFO  [LoggingServiceImp] - [qlsv] StudentServiceImp - Get student by userId from cache: students:user:1
2026-04-13 14:12:23 [http-nio-8080-exec-2] DEBUG [CircuitBreakerStateMachine] - CircuitBreaker 'qlsv-service' succeeded:
2026-04-13 14:12:23 [http-nio-8080-exec-10] DEBUG [LoggingServiceImp] - [security_shared] SecurityService - Calling security module with URL: http://localhost:8083/auth/validate to validate token
2026-04-13 14:12:23 [http-nio-8080-exec-10] DEBUG [LoggingServiceImp] - [security_shared] SecurityService - Successfully retrieved user from security module: HuyS1 and cached in Redis with key: user:token:eyJhbGciOiJIUzM4NCJ9.eyJyb2xlIjoiU1RVREVOVCIsInBlcm1pc3Npb25zIjpbIlNUVURFTlRfV1JJVEUiLCJTVFVERU5UX1JFQUQiXSwic3ViIjoiSHV5UzEiLCJqdGkiOiI3ODA5NzNjNy1lN2M5LTQyNzEtYWYwZC1lNTcyNjU0NGY3YzYiLCJpYXQiOjE3NzYwNjQxODUsImV4cCI6MTc3NjA2Nzc4NX0.aEblu8yVHt3wJASy0kujL-PwiTj1Ty1t8Afya-iEDc9NccsqV3K3wcsqPSO8lcRL
2026-04-13 14:12:23 [http-nio-8080-exec-10] DEBUG [LoggingServiceImp] - [security_shared] SecurityService - User HuyS1 successfully authorized
2026-04-13 14:12:23 [http-nio-8080-exec-10] DEBUG [LoggingServiceImp] - [security_shared] RequiresAuthAspect - User HuyS1 successfully authorized for method: getByUserId with roles: ADMIN, STUDENT, TEACHER and permissions: STUDENT_READ, TEACHER_READ
2026-04-13 14:12:23 [http-nio-8080-exec-10] DEBUG [RateLimiterAspect] - Created or retrieved rate limiter 'student-controller' with period: 'PT1M'; limit for period: '100'; timeout: 'PT0S'; method: 'com.common.QLSV.controllers.StudentController#getByUserId'
2026-04-13 14:12:23 [http-nio-8080-exec-10] INFO  [LoggingServiceImp] - [qlsv] StudentController - Get student by userId: 1 called successfully by user: HuyS1
2026-04-13 14:12:23 [http-nio-8080-exec-10] DEBUG [CircuitBreakerAspect] - Created or retrieved circuit breaker 'qlsv-service' with failure rate '50.0' for method: 'com.common.QLSV.services.imp.StudentServiceImp#getByUserId'
2026-04-13 14:12:23 [http-nio-8080-exec-10] INFO  [LoggingServiceImp] - [qlsv] StudentServiceImp - Get student by userId from cache: students:user:1
2026-04-13 14:12:23 [http-nio-8080-exec-10] DEBUG [CircuitBreakerStateMachine] - CircuitBreaker 'qlsv-service' succeeded:
2026-04-13 14:12:29 [http-nio-8080-exec-4] DEBUG [LoggingServiceImp] - [security_shared] SecurityService - Calling security module with URL: http://localhost:8083/auth/validate to validate token
2026-04-13 14:12:29 [http-nio-8080-exec-4] DEBUG [LoggingServiceImp] - [security_shared] SecurityService - Successfully retrieved user from security module: HuyS1 and cached in Redis with key: user:token:eyJhbGciOiJIUzM4NCJ9.eyJyb2xlIjoiU1RVREVOVCIsInBlcm1pc3Npb25zIjpbIlNUVURFTlRfV1JJVEUiLCJTVFVERU5UX1JFQUQiXSwic3ViIjoiSHV5UzEiLCJqdGkiOiI3ODA5NzNjNy1lN2M5LTQyNzEtYWYwZC1lNTcyNjU0NGY3YzYiLCJpYXQiOjE3NzYwNjQxODUsImV4cCI6MTc3NjA2Nzc4NX0.aEblu8yVHt3wJASy0kujL-PwiTj1Ty1t8Afya-iEDc9NccsqV3K3wcsqPSO8lcRL
2026-04-13 14:12:29 [http-nio-8080-exec-4] DEBUG [LoggingServiceImp] - [security_shared] SecurityService - User HuyS1 successfully authorized
2026-04-13 14:12:29 [http-nio-8080-exec-4] DEBUG [LoggingServiceImp] - [security_shared] RequiresAuthAspect - User HuyS1 successfully authorized for method: update with roles: ADMIN, STUDENT, TEACHER and permissions: STUDENT_WRITE, TEACHER_WRITE
2026-04-13 14:12:29 [http-nio-8080-exec-4] DEBUG [RateLimiterAspect] - Created or retrieved rate limiter 'student-update-controller' with period: 'PT1M'; limit for period: '30'; timeout: 'PT0S'; method: 'com.common.QLSV.controllers.StudentController#update'
2026-04-13 14:12:29 [http-nio-8080-exec-4] INFO  [LoggingServiceImp] - [qlsv] StudentController - Update students API called successfully by user: HuyS1
2026-04-13 14:12:29 [http-nio-8080-exec-4] DEBUG [CircuitBreakerAspect] - Created or retrieved circuit breaker 'qlsv-service' with failure rate '50.0' for method: 'com.common.QLSV.services.imp.StudentServiceImp#update'
2026-04-13 14:12:29 [http-nio-8080-exec-4] DEBUG [CircuitBreakerAspect] - Created or retrieved circuit breaker 'security-service' with failure rate '50.0' for method: 'com.security_shared.services.SecurityService#updateUser'
2026-04-13 14:12:29 [http-nio-8080-exec-4] DEBUG [LoggingServiceImp] - [security_shared] SecurityService - Calling security internal API to update user: 1
2026-04-13 14:12:29 [http-nio-8080-exec-4] DEBUG [LoggingServiceImp] - [security_shared] SecurityService - Successfully updated user: 1
2026-04-13 14:12:29 [http-nio-8080-exec-4] DEBUG [CircuitBreakerStateMachine] - CircuitBreaker 'security-service' succeeded:
2026-04-13 14:12:29 [http-nio-8080-exec-4] INFO  [LoggingServiceImp] - [qlsv] StudentServiceImp - Update user data for userId: 1
2026-04-13 14:12:29 [http-nio-8080-exec-4] INFO  [LoggingServiceImp] - [qlsv] StudentServiceImp - Invalidated all student caches after update userId: 1
2026-04-13 14:12:29 [http-nio-8080-exec-4] DEBUG [CircuitBreakerStateMachine] - CircuitBreaker 'qlsv-service' succeeded:
2026-04-13 14:12:29 [http-nio-8080-exec-5] DEBUG [LoggingServiceImp] - [security_shared] SecurityService - Calling security module with URL: http://localhost:8083/auth/validate to validate token
2026-04-13 14:12:29 [http-nio-8080-exec-5] DEBUG [LoggingServiceImp] - [security_shared] SecurityService - Successfully retrieved user from security module: HuyS1 and cached in Redis with key: user:token:eyJhbGciOiJIUzM4NCJ9.eyJyb2xlIjoiU1RVREVOVCIsInBlcm1pc3Npb25zIjpbIlNUVURFTlRfV1JJVEUiLCJTVFVERU5UX1JFQUQiXSwic3ViIjoiSHV5UzEiLCJqdGkiOiI3ODA5NzNjNy1lN2M5LTQyNzEtYWYwZC1lNTcyNjU0NGY3YzYiLCJpYXQiOjE3NzYwNjQxODUsImV4cCI6MTc3NjA2Nzc4NX0.aEblu8yVHt3wJASy0kujL-PwiTj1Ty1t8Afya-iEDc9NccsqV3K3wcsqPSO8lcRL
2026-04-13 14:12:29 [http-nio-8080-exec-5] DEBUG [LoggingServiceImp] - [security_shared] SecurityService - User HuyS1 successfully authorized
2026-04-13 14:12:29 [http-nio-8080-exec-5] DEBUG [LoggingServiceImp] - [security_shared] RequiresAuthAspect - User HuyS1 successfully authorized for method: getByUserId with roles: ADMIN, STUDENT, TEACHER and permissions: STUDENT_READ, TEACHER_READ
2026-04-13 14:12:29 [http-nio-8080-exec-5] DEBUG [RateLimiterAspect] - Created or retrieved rate limiter 'student-controller' with period: 'PT1M'; limit for period: '100'; timeout: 'PT0S'; method: 'com.common.QLSV.controllers.StudentController#getByUserId'
2026-04-13 14:12:29 [http-nio-8080-exec-5] INFO  [LoggingServiceImp] - [qlsv] StudentController - Get student by userId: 1 called successfully by user: HuyS1
2026-04-13 14:12:29 [http-nio-8080-exec-5] DEBUG [CircuitBreakerAspect] - Created or retrieved circuit breaker 'qlsv-service' with failure rate '50.0' for method: 'com.common.QLSV.services.imp.StudentServiceImp#getByUserId'
2026-04-13 14:12:29 [http-nio-8080-exec-5] WARN  [LoggingServiceImp] - [qlsv] StudentServiceImp - Not found cache for userId: 1, query DB
2026-04-13 14:12:29 [http-nio-8080-exec-5] DEBUG [CircuitBreakerAspect] - Created or retrieved circuit breaker 'security-service' with failure rate '50.0' for method: 'com.security_shared.services.SecurityService#getUsersByIds'
2026-04-13 14:12:29 [http-nio-8080-exec-5] DEBUG [LoggingServiceImp] - [security_shared] SecurityService - Calling security internal API to batch get users, count: 1
2026-04-13 14:12:29 [http-nio-8080-exec-5] DEBUG [LoggingServiceImp] - [security_shared] SecurityService - Successfully retrieved 1 users
2026-04-13 14:12:29 [http-nio-8080-exec-5] DEBUG [CircuitBreakerStateMachine] - CircuitBreaker 'security-service' succeeded:
2026-04-13 14:12:29 [http-nio-8080-exec-5] INFO  [LoggingServiceImp] - [qlsv] StudentServiceImp - Save student by userId cache to Redis : students:user:1
2026-04-13 14:12:29 [http-nio-8080-exec-5] INFO  [LoggingServiceImp] - [qlsv] StudentServiceImp - Get student by userId: 1 Successfully
2026-04-13 14:12:29 [http-nio-8080-exec-5] DEBUG [CircuitBreakerStateMachine] - CircuitBreaker 'qlsv-service' succeeded:
2026-04-13 14:12:36 [http-nio-8080-exec-9] DEBUG [LoggingServiceImp] - [security_shared] SecurityService - Calling security module with URL: http://localhost:8083/auth/validate to validate token
2026-04-13 14:12:36 [http-nio-8080-exec-9] DEBUG [LoggingServiceImp] - [security_shared] SecurityService - Successfully retrieved user from security module: HuyS1 and cached in Redis with key: user:token:eyJhbGciOiJIUzM4NCJ9.eyJyb2xlIjoiU1RVREVOVCIsInBlcm1pc3Npb25zIjpbIlNUVURFTlRfV1JJVEUiLCJTVFVERU5UX1JFQUQiXSwic3ViIjoiSHV5UzEiLCJqdGkiOiI3ODA5NzNjNy1lN2M5LTQyNzEtYWYwZC1lNTcyNjU0NGY3YzYiLCJpYXQiOjE3NzYwNjQxODUsImV4cCI6MTc3NjA2Nzc4NX0.aEblu8yVHt3wJASy0kujL-PwiTj1Ty1t8Afya-iEDc9NccsqV3K3wcsqPSO8lcRL
2026-04-13 14:12:36 [http-nio-8080-exec-9] DEBUG [LoggingServiceImp] - [security_shared] SecurityService - User HuyS1 successfully authorized
2026-04-13 14:12:36 [http-nio-8080-exec-9] DEBUG [LoggingServiceImp] - [security_shared] RequiresAuthAspect - User HuyS1 successfully authorized for method: update with roles: ADMIN, STUDENT, TEACHER and permissions: STUDENT_WRITE, TEACHER_WRITE
2026-04-13 14:12:36 [http-nio-8080-exec-9] DEBUG [RateLimiterAspect] - Created or retrieved rate limiter 'student-update-controller' with period: 'PT1M'; limit for period: '30'; timeout: 'PT0S'; method: 'com.common.QLSV.controllers.StudentController#update'
2026-04-13 14:12:36 [http-nio-8080-exec-9] INFO  [LoggingServiceImp] - [qlsv] StudentController - Update students API called successfully by user: HuyS1
2026-04-13 14:12:36 [http-nio-8080-exec-9] DEBUG [CircuitBreakerAspect] - Created or retrieved circuit breaker 'qlsv-service' with failure rate '50.0' for method: 'com.common.QLSV.services.imp.StudentServiceImp#update'
2026-04-13 14:12:36 [http-nio-8080-exec-9] DEBUG [CircuitBreakerAspect] - Created or retrieved circuit breaker 'security-service' with failure rate '50.0' for method: 'com.security_shared.services.SecurityService#updateUser'
2026-04-13 14:12:36 [http-nio-8080-exec-9] DEBUG [LoggingServiceImp] - [security_shared] SecurityService - Calling security internal API to update user: 1
2026-04-13 14:12:37 [http-nio-8080-exec-9] DEBUG [LoggingServiceImp] - [security_shared] SecurityService - Successfully updated user: 1
2026-04-13 14:12:37 [http-nio-8080-exec-9] DEBUG [CircuitBreakerStateMachine] - CircuitBreaker 'security-service' succeeded:
2026-04-13 14:12:37 [http-nio-8080-exec-9] INFO  [LoggingServiceImp] - [qlsv] StudentServiceImp - Update user data for userId: 1
2026-04-13 14:12:37 [http-nio-8080-exec-9] INFO  [LoggingServiceImp] - [qlsv] StudentServiceImp - Invalidated all student caches after update userId: 1
2026-04-13 14:12:37 [http-nio-8080-exec-9] DEBUG [CircuitBreakerStateMachine] - CircuitBreaker 'qlsv-service' succeeded:
2026-04-13 14:12:37 [http-nio-8080-exec-8] DEBUG [LoggingServiceImp] - [security_shared] SecurityService - Calling security module with URL: http://localhost:8083/auth/validate to validate token
2026-04-13 14:12:37 [http-nio-8080-exec-8] DEBUG [LoggingServiceImp] - [security_shared] SecurityService - Successfully retrieved user from security module: HuyS1 and cached in Redis with key: user:token:eyJhbGciOiJIUzM4NCJ9.eyJyb2xlIjoiU1RVREVOVCIsInBlcm1pc3Npb25zIjpbIlNUVURFTlRfV1JJVEUiLCJTVFVERU5UX1JFQUQiXSwic3ViIjoiSHV5UzEiLCJqdGkiOiI3ODA5NzNjNy1lN2M5LTQyNzEtYWYwZC1lNTcyNjU0NGY3YzYiLCJpYXQiOjE3NzYwNjQxODUsImV4cCI6MTc3NjA2Nzc4NX0.aEblu8yVHt3wJASy0kujL-PwiTj1Ty1t8Afya-iEDc9NccsqV3K3wcsqPSO8lcRL
2026-04-13 14:12:37 [http-nio-8080-exec-8] DEBUG [LoggingServiceImp] - [security_shared] SecurityService - User HuyS1 successfully authorized
2026-04-13 14:12:37 [http-nio-8080-exec-8] DEBUG [LoggingServiceImp] - [security_shared] RequiresAuthAspect - User HuyS1 successfully authorized for method: getByUserId with roles: ADMIN, STUDENT, TEACHER and permissions: STUDENT_READ, TEACHER_READ
2026-04-13 14:12:37 [http-nio-8080-exec-8] DEBUG [RateLimiterAspect] - Created or retrieved rate limiter 'student-controller' with period: 'PT1M'; limit for period: '100'; timeout: 'PT0S'; method: 'com.common.QLSV.controllers.StudentController#getByUserId'
2026-04-13 14:12:37 [http-nio-8080-exec-8] INFO  [LoggingServiceImp] - [qlsv] StudentController - Get student by userId: 1 called successfully by user: HuyS1
2026-04-13 14:12:37 [http-nio-8080-exec-8] DEBUG [CircuitBreakerAspect] - Created or retrieved circuit breaker 'qlsv-service' with failure rate '50.0' for method: 'com.common.QLSV.services.imp.StudentServiceImp#getByUserId'
2026-04-13 14:12:37 [http-nio-8080-exec-8] WARN  [LoggingServiceImp] - [qlsv] StudentServiceImp - Not found cache for userId: 1, query DB
2026-04-13 14:12:37 [http-nio-8080-exec-8] DEBUG [CircuitBreakerAspect] - Created or retrieved circuit breaker 'security-service' with failure rate '50.0' for method: 'com.security_shared.services.SecurityService#getUsersByIds'
2026-04-13 14:12:37 [http-nio-8080-exec-8] DEBUG [LoggingServiceImp] - [security_shared] SecurityService - Calling security internal API to batch get users, count: 1
2026-04-13 14:12:37 [http-nio-8080-exec-8] DEBUG [LoggingServiceImp] - [security_shared] SecurityService - Successfully retrieved 1 users
2026-04-13 14:12:37 [http-nio-8080-exec-8] DEBUG [CircuitBreakerStateMachine] - CircuitBreaker 'security-service' succeeded:
2026-04-13 14:12:37 [http-nio-8080-exec-8] INFO  [LoggingServiceImp] - [qlsv] StudentServiceImp - Save student by userId cache to Redis : students:user:1
2026-04-13 14:12:37 [http-nio-8080-exec-8] INFO  [LoggingServiceImp] - [qlsv] StudentServiceImp - Get student by userId: 1 Successfully
2026-04-13 14:12:37 [http-nio-8080-exec-8] DEBUG [CircuitBreakerStateMachine] - CircuitBreaker 'qlsv-service' succeeded:
2026-04-13 14:13:08 [http-nio-8080-exec-3] DEBUG [LoggingServiceImp] - [security_shared] SecurityService - Calling security module with URL: http://localhost:8083/auth/validate to validate token
2026-04-13 14:13:08 [http-nio-8080-exec-3] DEBUG [LoggingServiceImp] - [security_shared] SecurityService - Successfully retrieved user from security module: HuyS1 and cached in Redis with key: user:token:eyJhbGciOiJIUzM4NCJ9.eyJyb2xlIjoiU1RVREVOVCIsInBlcm1pc3Npb25zIjpbIlNUVURFTlRfV1JJVEUiLCJTVFVERU5UX1JFQUQiXSwic3ViIjoiSHV5UzEiLCJqdGkiOiI3ODA5NzNjNy1lN2M5LTQyNzEtYWYwZC1lNTcyNjU0NGY3YzYiLCJpYXQiOjE3NzYwNjQxODUsImV4cCI6MTc3NjA2Nzc4NX0.aEblu8yVHt3wJASy0kujL-PwiTj1Ty1t8Afya-iEDc9NccsqV3K3wcsqPSO8lcRL
2026-04-13 14:13:08 [http-nio-8080-exec-3] DEBUG [LoggingServiceImp] - [security_shared] SecurityService - User HuyS1 successfully authorized
2026-04-13 14:13:08 [http-nio-8080-exec-3] DEBUG [LoggingServiceImp] - [security_shared] RequiresAuthAspect - User HuyS1 successfully authorized for method: update with roles: ADMIN, STUDENT, TEACHER and permissions: STUDENT_WRITE, TEACHER_WRITE
2026-04-13 14:13:08 [http-nio-8080-exec-3] DEBUG [RateLimiterAspect] - Created or retrieved rate limiter 'student-update-controller' with period: 'PT1M'; limit for period: '30'; timeout: 'PT0S'; method: 'com.common.QLSV.controllers.StudentController#update'
2026-04-13 14:13:08 [http-nio-8080-exec-3] INFO  [LoggingServiceImp] - [qlsv] StudentController - Update students API called successfully by user: HuyS1
2026-04-13 14:13:08 [http-nio-8080-exec-3] DEBUG [CircuitBreakerAspect] - Created or retrieved circuit breaker 'qlsv-service' with failure rate '50.0' for method: 'com.common.QLSV.services.imp.StudentServiceImp#update'
2026-04-13 14:13:08 [http-nio-8080-exec-3] DEBUG [CircuitBreakerAspect] - Created or retrieved circuit breaker 'security-service' with failure rate '50.0' for method: 'com.security_shared.services.SecurityService#updateUser'
2026-04-13 14:13:08 [http-nio-8080-exec-3] DEBUG [LoggingServiceImp] - [security_shared] SecurityService - Calling security internal API to update user: 1
2026-04-13 14:13:08 [http-nio-8080-exec-3] DEBUG [LoggingServiceImp] - [security_shared] SecurityService - Successfully updated user: 1
2026-04-13 14:13:08 [http-nio-8080-exec-3] DEBUG [CircuitBreakerStateMachine] - CircuitBreaker 'security-service' succeeded:
2026-04-13 14:13:08 [http-nio-8080-exec-3] INFO  [LoggingServiceImp] - [qlsv] StudentServiceImp - Update user data for userId: 1
2026-04-13 14:13:08 [http-nio-8080-exec-3] INFO  [LoggingServiceImp] - [qlsv] StudentServiceImp - Invalidated all student caches after update userId: 1
2026-04-13 14:13:08 [http-nio-8080-exec-3] DEBUG [CircuitBreakerStateMachine] - CircuitBreaker 'qlsv-service' succeeded:
2026-04-13 14:13:08 [http-nio-8080-exec-6] DEBUG [LoggingServiceImp] - [security_shared] SecurityService - Calling security module with URL: http://localhost:8083/auth/validate to validate token
2026-04-13 14:13:09 [http-nio-8080-exec-6] DEBUG [LoggingServiceImp] - [security_shared] SecurityService - Successfully retrieved user from security module: HuyS1 and cached in Redis with key: user:token:eyJhbGciOiJIUzM4NCJ9.eyJyb2xlIjoiU1RVREVOVCIsInBlcm1pc3Npb25zIjpbIlNUVURFTlRfV1JJVEUiLCJTVFVERU5UX1JFQUQiXSwic3ViIjoiSHV5UzEiLCJqdGkiOiI3ODA5NzNjNy1lN2M5LTQyNzEtYWYwZC1lNTcyNjU0NGY3YzYiLCJpYXQiOjE3NzYwNjQxODUsImV4cCI6MTc3NjA2Nzc4NX0.aEblu8yVHt3wJASy0kujL-PwiTj1Ty1t8Afya-iEDc9NccsqV3K3wcsqPSO8lcRL
2026-04-13 14:13:09 [http-nio-8080-exec-6] DEBUG [LoggingServiceImp] - [security_shared] SecurityService - User HuyS1 successfully authorized
2026-04-13 14:13:09 [http-nio-8080-exec-6] DEBUG [LoggingServiceImp] - [security_shared] RequiresAuthAspect - User HuyS1 successfully authorized for method: getByUserId with roles: ADMIN, STUDENT, TEACHER and permissions: STUDENT_READ, TEACHER_READ
2026-04-13 14:13:09 [http-nio-8080-exec-6] DEBUG [RateLimiterAspect] - Created or retrieved rate limiter 'student-controller' with period: 'PT1M'; limit for period: '100'; timeout: 'PT0S'; method: 'com.common.QLSV.controllers.StudentController#getByUserId'
2026-04-13 14:13:09 [http-nio-8080-exec-6] INFO  [LoggingServiceImp] - [qlsv] StudentController - Get student by userId: 1 called successfully by user: HuyS1
2026-04-13 14:13:09 [http-nio-8080-exec-6] DEBUG [CircuitBreakerAspect] - Created or retrieved circuit breaker 'qlsv-service' with failure rate '50.0' for method: 'com.common.QLSV.services.imp.StudentServiceImp#getByUserId'
2026-04-13 14:13:09 [http-nio-8080-exec-6] WARN  [LoggingServiceImp] - [qlsv] StudentServiceImp - Not found cache for userId: 1, query DB
2026-04-13 14:13:09 [http-nio-8080-exec-6] DEBUG [CircuitBreakerAspect] - Created or retrieved circuit breaker 'security-service' with failure rate '50.0' for method: 'com.security_shared.services.SecurityService#getUsersByIds'
2026-04-13 14:13:09 [http-nio-8080-exec-6] DEBUG [LoggingServiceImp] - [security_shared] SecurityService - Calling security internal API to batch get users, count: 1
2026-04-13 14:13:09 [http-nio-8080-exec-6] DEBUG [LoggingServiceImp] - [security_shared] SecurityService - Successfully retrieved 1 users
2026-04-13 14:13:09 [http-nio-8080-exec-6] DEBUG [CircuitBreakerStateMachine] - CircuitBreaker 'security-service' succeeded:
2026-04-13 14:13:09 [http-nio-8080-exec-6] INFO  [LoggingServiceImp] - [qlsv] StudentServiceImp - Save student by userId cache to Redis : students:user:1
2026-04-13 14:13:09 [http-nio-8080-exec-6] INFO  [LoggingServiceImp] - [qlsv] StudentServiceImp - Get student by userId: 1 Successfully
2026-04-13 14:13:09 [http-nio-8080-exec-6] DEBUG [CircuitBreakerStateMachine] - CircuitBreaker 'qlsv-service' succeeded:
2026-04-13 14:13:50 [org.springframework.kafka.KafkaListenerEndpointContainer#1-0-C-1] INFO  [LoggingServiceImp] - [qlsv] UserConsumerService - Processing user REGISTERED event: HuyT1 (ID: 2)
2026-04-13 14:13:50 [org.springframework.kafka.KafkaListenerEndpointContainer#1-0-C-1] DEBUG [CircuitBreakerAspect] - Created or retrieved circuit breaker 'qlsv-service' with failure rate '50.0' for method: 'com.common.QLSV.services.imp.StudentServiceImp#createByUserId'
2026-04-13 14:13:50 [org.springframework.kafka.KafkaListenerEndpointContainer#1-0-C-1] INFO  [LoggingServiceImp] - [qlsv] StudentServiceImp - Delete cache after create student userId: 2
2026-04-13 14:13:50 [org.springframework.kafka.KafkaListenerEndpointContainer#1-0-C-1] INFO  [LoggingServiceImp] - [qlsv] StudentServiceImp - Create student profile for userId: 2 Successfully
2026-04-13 14:13:50 [org.springframework.kafka.KafkaListenerEndpointContainer#1-0-C-1] DEBUG [CircuitBreakerStateMachine] - CircuitBreaker 'qlsv-service' succeeded:
2026-04-13 14:13:50 [org.springframework.kafka.KafkaListenerEndpointContainer#1-0-C-1] INFO  [LoggingServiceImp] - [qlsv] UserConsumerService - Successfully processed user REGISTERED event
2026-04-13 14:13:50 [org.springframework.kafka.KafkaListenerEndpointContainer#1-0-C-1] INFO  [LoggingServiceImp] - [kafka_shared] KafkaProducerService - userEvent sent to topic: profile-events - with entity id: [2]
2026-04-13 14:13:50 [org.springframework.kafka.KafkaListenerEndpointContainer#1-0-C-1] INFO  [LoggingServiceImp] - [qlsv] UserConsumerService - Successfully sending PROFILE_CREATED event to profile-events topic
2026-04-13 14:13:50 [kafka-producer-network-thread | QLSV-producer-1] INFO  [LoggingServiceImp] - [kafka_shared] KafkaProducerService - Message sent successfully to topic: profile-events, partition: 0, offset: 1, key: [2]
2026-04-13 14:13:50 [org.springframework.kafka.KafkaListenerEndpointContainer#1-0-C-1] INFO  [LoggingServiceImp] - [kafka_shared] NotificationService - Success notification sent for userEvent with entity id : [2] to topic: notifications
2026-04-13 14:13:50 [org.springframework.kafka.KafkaListenerEndpointContainer#1-0-C-1] INFO  [LoggingServiceImp] - [kafka_shared] UserConsumerService - Event processed successfully: userEvent HuyT1 (ID: 2)
2026-04-13 14:13:50 [org.springframework.kafka.KafkaListenerEndpointContainer#1-0-C-1] INFO  [LoggingServiceImp] - [qlsv] UserConsumerService - Successfully processed user event
2026-04-13 14:13:50 [kafka-producer-network-thread | QLSV-producer-1] INFO  [LoggingServiceImp] - [kafka_shared] KafkaProducerService - Message sent successfully to topic: notifications, partition: 0, offset: 1, key: [2]
2026-04-13 14:15:19 [restartedMain] INFO  [QlsvApplication] - Starting QlsvApplication using Java 17.0.12 with PID 19824 (D:\project IntelliJ Ultimate\modules-parent\qlsv\target\classes started by tranhuy in D:\project IntelliJ Ultimate\modules-parent\qlsv)
2026-04-13 14:15:19 [restartedMain] DEBUG [QlsvApplication] - Running with Spring Boot v3.5.0, Spring v6.2.7
2026-04-13 14:15:19 [restartedMain] INFO  [QlsvApplication] - No active profile set, falling back to 1 default profile: "default"
2026-04-13 14:15:20 [restartedMain] DEBUG [RxJava2OnClasspathCondition] - RxJava2 related Aspect extensions are not activated, because RxJava2 is not on the classpath.
2026-04-13 14:15:20 [restartedMain] DEBUG [ReactorOnClasspathCondition] - Reactor related Aspect extensions are not activated because Resilience4j Reactor module is not on the classpath.
2026-04-13 14:15:20 [restartedMain] DEBUG [RxJava2OnClasspathCondition] - RxJava2 related Aspect extensions are not activated, because RxJava2 is not on the classpath.
2026-04-13 14:15:20 [restartedMain] DEBUG [ReactorOnClasspathCondition] - Reactor related Aspect extensions are not activated because Resilience4j Reactor module is not on the classpath.
2026-04-13 14:15:20 [restartedMain] DEBUG [RxJava2OnClasspathCondition] - RxJava2 related Aspect extensions are not activated, because RxJava2 is not on the classpath.
2026-04-13 14:15:20 [restartedMain] DEBUG [ReactorOnClasspathCondition] - Reactor related Aspect extensions are not activated because Resilience4j Reactor module is not on the classpath.
2026-04-13 14:15:20 [restartedMain] DEBUG [RxJava2OnClasspathCondition] - RxJava2 related Aspect extensions are not activated, because RxJava2 is not on the classpath.
2026-04-13 14:15:20 [restartedMain] DEBUG [ReactorOnClasspathCondition] - Reactor related Aspect extensions are not activated because Resilience4j Reactor module is not on the classpath.
2026-04-13 14:15:20 [restartedMain] DEBUG [RxJava2OnClasspathCondition] - RxJava2 related Aspect extensions are not activated, because RxJava2 is not on the classpath.
2026-04-13 14:15:20 [restartedMain] DEBUG [ReactorOnClasspathCondition] - Reactor related Aspect extensions are not activated because Resilience4j Reactor module is not on the classpath.
2026-04-13 14:15:20 [restartedMain] DEBUG [RxJava2OnClasspathCondition] - RxJava2 related Aspect extensions are not activated, because RxJava2 is not on the classpath.
2026-04-13 14:15:20 [restartedMain] DEBUG [ReactorOnClasspathCondition] - Reactor related Aspect extensions are not activated because Resilience4j Reactor module is not on the classpath.
2026-04-13 14:34:27 [background-preinit] DEBUG [logging] - Logging Provider: org.jboss.logging.Slf4jLoggerProvider found via system property
2026-04-13 14:34:27 [restartedMain] INFO  [QlsvApplication] - Starting QlsvApplication using Java 17.0.12 with PID 5908 (D:\project IntelliJ Ultimate\modules-parent\qlsv\target\classes started by tranhuy in D:\project IntelliJ Ultimate\modules-parent\qlsv)
2026-04-13 14:34:27 [restartedMain] DEBUG [QlsvApplication] - Running with Spring Boot v3.5.0, Spring v6.2.7
2026-04-13 14:34:27 [restartedMain] INFO  [QlsvApplication] - No active profile set, falling back to 1 default profile: "default"
2026-04-13 14:34:32 [restartedMain] DEBUG [RxJava2OnClasspathCondition] - RxJava2 related Aspect extensions are not activated, because RxJava2 is not on the classpath.
2026-04-13 14:34:32 [restartedMain] DEBUG [ReactorOnClasspathCondition] - Reactor related Aspect extensions are not activated because Resilience4j Reactor module is not on the classpath.
2026-04-13 14:34:32 [restartedMain] DEBUG [RxJava2OnClasspathCondition] - RxJava2 related Aspect extensions are not activated, because RxJava2 is not on the classpath.
2026-04-13 14:34:32 [restartedMain] DEBUG [ReactorOnClasspathCondition] - Reactor related Aspect extensions are not activated because Resilience4j Reactor module is not on the classpath.
2026-04-13 14:34:33 [restartedMain] DEBUG [RxJava2OnClasspathCondition] - RxJava2 related Aspect extensions are not activated, because RxJava2 is not on the classpath.
2026-04-13 14:34:33 [restartedMain] DEBUG [ReactorOnClasspathCondition] - Reactor related Aspect extensions are not activated because Resilience4j Reactor module is not on the classpath.
2026-04-13 14:34:33 [restartedMain] DEBUG [RxJava2OnClasspathCondition] - RxJava2 related Aspect extensions are not activated, because RxJava2 is not on the classpath.
2026-04-13 14:34:33 [restartedMain] DEBUG [ReactorOnClasspathCondition] - Reactor related Aspect extensions are not activated because Resilience4j Reactor module is not on the classpath.
2026-04-13 14:34:33 [restartedMain] DEBUG [RxJava2OnClasspathCondition] - RxJava2 related Aspect extensions are not activated, because RxJava2 is not on the classpath.
2026-04-13 14:34:33 [restartedMain] DEBUG [ReactorOnClasspathCondition] - Reactor related Aspect extensions are not activated because Resilience4j Reactor module is not on the classpath.
2026-04-13 14:34:33 [restartedMain] DEBUG [RxJava2OnClasspathCondition] - RxJava2 related Aspect extensions are not activated, because RxJava2 is not on the classpath.
2026-04-13 14:34:33 [restartedMain] DEBUG [ReactorOnClasspathCondition] - Reactor related Aspect extensions are not activated because Resilience4j Reactor module is not on the classpath.
2026-04-13 14:34:40 [restartedMain] DEBUG [InternalLoggerFactory] - Using SLF4J as the default logging framework
2026-04-13 14:34:44 [restartedMain] WARN  [deprecation] - HHH90000025: MySQL8Dialect does not need to be specified explicitly using 'hibernate.dialect' (remove the property setting and it will be selected by default)
2026-04-13 14:34:44 [restartedMain] WARN  [deprecation] - HHH90000026: MySQL8Dialect has been deprecated; use org.hibernate.dialect.MySQLDialect instead
2026-04-13 14:34:51 [restartedMain] WARN  [JpaBaseConfiguration$JpaWebConfiguration] - spring.jpa.open-in-view is enabled by default. Therefore, database queries may be performed during view rendering. Explicitly configure spring.jpa.open-in-view to disable this warning
2026-04-13 14:34:51 [restartedMain] DEBUG [Mappings] - 
	c.c.Q.c.StudentController:
	{GET [/students]}: get(String,UserDto)
	{PUT [/students/{id}]}: update(Integer,UpdateEntityModel,String,UserDto)
	{GET [/students/filter]}: filter(Integer,String,String,Integer,Gender,String,String,Double,String,String,Boolean,String,UserDto)
	{DELETE [/students]}: delete(List,String,UserDto)
	{DELETE [/students/cache]}: clearCache(String,UserDto)
	{GET [/students/{userId}]}: getByUserId(Integer,String,UserDto)
	{GET [/students/by-class/{schoolClass}]}: getBySchoolClass(String,String,UserDto)
	{GET [/students/paged]}: getPaged(int,int,String,String,String,UserDto)
2026-04-13 14:34:51 [restartedMain] DEBUG [Mappings] - 
	o.s.b.a.w.s.e.BasicErrorController:
	{ [/error]}: error(HttpServletRequest)
	{ [/error], produces [text/html]}: errorHtml(HttpServletRequest,HttpServletResponse)
2026-04-13 14:34:51 [restartedMain] DEBUG [Mappings] - 'beanNameHandlerMapping' {}
2026-04-13 14:34:52 [restartedMain] DEBUG [Mappings] - 'resourceHandlerMapping' {/webjars/**=ResourceHttpRequestHandler [classpath [META-INF/resources/webjars/]], /**=ResourceHttpRequestHandler [classpath [META-INF/resources/], classpath [resources/], classpath [static/], classpath [public/], ServletContext [/]]}
2026-04-13 14:34:52 [restartedMain] WARN  [ThymeleafAutoConfiguration$DefaultTemplateResolverConfiguration] - Cannot find template location: classpath:/templates/ (please add some templates, check your Thymeleaf configuration, or set spring.thymeleaf.check-template-location=false)
2026-04-13 14:34:53 [restartedMain] DEBUG [Loggers] - Using Slf4j logging framework
2026-04-13 14:34:57 [restartedMain] INFO  [QlsvApplication] - Started QlsvApplication in 31.607 seconds (process running for 32.659)
2026-04-13 14:35:22 [restartedMain] INFO  [QlsvApplication] - Starting QlsvApplication using Java 17.0.12 with PID 5908 (D:\project IntelliJ Ultimate\modules-parent\qlsv\target\classes started by tranhuy in D:\project IntelliJ Ultimate\modules-parent\qlsv)
2026-04-13 14:35:22 [restartedMain] DEBUG [QlsvApplication] - Running with Spring Boot v3.5.0, Spring v6.2.7
2026-04-13 14:35:22 [restartedMain] INFO  [QlsvApplication] - No active profile set, falling back to 1 default profile: "default"
2026-04-13 14:35:23 [restartedMain] DEBUG [RxJava2OnClasspathCondition] - RxJava2 related Aspect extensions are not activated, because RxJava2 is not on the classpath.
2026-04-13 14:35:23 [restartedMain] DEBUG [ReactorOnClasspathCondition] - Reactor related Aspect extensions are not activated because Resilience4j Reactor module is not on the classpath.
2026-04-13 14:35:24 [restartedMain] DEBUG [RxJava2OnClasspathCondition] - RxJava2 related Aspect extensions are not activated, because RxJava2 is not on the classpath.
2026-04-13 14:35:24 [restartedMain] DEBUG [ReactorOnClasspathCondition] - Reactor related Aspect extensions are not activated because Resilience4j Reactor module is not on the classpath.
2026-04-13 14:35:24 [restartedMain] DEBUG [RxJava2OnClasspathCondition] - RxJava2 related Aspect extensions are not activated, because RxJava2 is not on the classpath.
2026-04-13 14:35:24 [restartedMain] DEBUG [ReactorOnClasspathCondition] - Reactor related Aspect extensions are not activated because Resilience4j Reactor module is not on the classpath.
2026-04-13 14:35:24 [restartedMain] DEBUG [RxJava2OnClasspathCondition] - RxJava2 related Aspect extensions are not activated, because RxJava2 is not on the classpath.
2026-04-13 14:35:24 [restartedMain] DEBUG [ReactorOnClasspathCondition] - Reactor related Aspect extensions are not activated because Resilience4j Reactor module is not on the classpath.
2026-04-13 14:35:24 [restartedMain] DEBUG [RxJava2OnClasspathCondition] - RxJava2 related Aspect extensions are not activated, because RxJava2 is not on the classpath.
2026-04-13 14:35:24 [restartedMain] DEBUG [ReactorOnClasspathCondition] - Reactor related Aspect extensions are not activated because Resilience4j Reactor module is not on the classpath.
2026-04-13 14:35:24 [restartedMain] DEBUG [RxJava2OnClasspathCondition] - RxJava2 related Aspect extensions are not activated, because RxJava2 is not on the classpath.
2026-04-13 14:35:24 [restartedMain] DEBUG [ReactorOnClasspathCondition] - Reactor related Aspect extensions are not activated because Resilience4j Reactor module is not on the classpath.
2026-04-13 14:35:26 [restartedMain] WARN  [deprecation] - HHH90000025: MySQL8Dialect does not need to be specified explicitly using 'hibernate.dialect' (remove the property setting and it will be selected by default)
2026-04-13 14:35:26 [restartedMain] WARN  [deprecation] - HHH90000026: MySQL8Dialect has been deprecated; use org.hibernate.dialect.MySQLDialect instead
2026-04-13 14:35:28 [restartedMain] WARN  [JpaBaseConfiguration$JpaWebConfiguration] - spring.jpa.open-in-view is enabled by default. Therefore, database queries may be performed during view rendering. Explicitly configure spring.jpa.open-in-view to disable this warning
2026-04-13 14:35:28 [restartedMain] DEBUG [Mappings] - 
	c.c.Q.c.StudentController:
	{GET [/students]}: get(String,UserDto)
	{PUT [/students/{id}]}: update(Integer,UpdateEntityModel,String,UserDto)
	{GET [/students/filter]}: filter(Integer,String,String,Integer,Gender,String,String,Double,String,String,Boolean,String,UserDto)
	{DELETE [/students]}: delete(List,String,UserDto)
	{DELETE [/students/cache]}: clearCache(String,UserDto)
	{GET [/students/{userId}]}: getByUserId(Integer,String,UserDto)
	{GET [/students/by-class/{schoolClass}]}: getBySchoolClass(String,String,UserDto)
	{GET [/students/paged]}: getPaged(int,int,String,String,String,UserDto)
2026-04-13 14:35:28 [restartedMain] DEBUG [Mappings] - 
	o.s.b.a.w.s.e.BasicErrorController:
	{ [/error]}: error(HttpServletRequest)
	{ [/error], produces [text/html]}: errorHtml(HttpServletRequest,HttpServletResponse)
2026-04-13 14:35:28 [restartedMain] DEBUG [Mappings] - 'beanNameHandlerMapping' {}
2026-04-13 14:35:29 [restartedMain] DEBUG [Mappings] - 'resourceHandlerMapping' {/webjars/**=ResourceHttpRequestHandler [classpath [META-INF/resources/webjars/]], /**=ResourceHttpRequestHandler [classpath [META-INF/resources/], classpath [resources/], classpath [static/], classpath [public/], ServletContext [/]]}
2026-04-13 14:35:29 [restartedMain] WARN  [ThymeleafAutoConfiguration$DefaultTemplateResolverConfiguration] - Cannot find template location: classpath:/templates/ (please add some templates, check your Thymeleaf configuration, or set spring.thymeleaf.check-template-location=false)
2026-04-13 14:35:31 [restartedMain] INFO  [QlsvApplication] - Started QlsvApplication in 8.99 seconds (process running for 65.972)
2026-04-13 14:35:33 [restartedMain] INFO  [QlsvApplication] - Starting QlsvApplication using Java 17.0.12 with PID 5908 (D:\project IntelliJ Ultimate\modules-parent\qlsv\target\classes started by tranhuy in D:\project IntelliJ Ultimate\modules-parent\qlsv)
2026-04-13 14:35:33 [restartedMain] DEBUG [QlsvApplication] - Running with Spring Boot v3.5.0, Spring v6.2.7
2026-04-13 14:35:33 [restartedMain] INFO  [QlsvApplication] - No active profile set, falling back to 1 default profile: "default"
2026-04-13 14:35:34 [restartedMain] DEBUG [RxJava2OnClasspathCondition] - RxJava2 related Aspect extensions are not activated, because RxJava2 is not on the classpath.
2026-04-13 14:35:34 [restartedMain] DEBUG [ReactorOnClasspathCondition] - Reactor related Aspect extensions are not activated because Resilience4j Reactor module is not on the classpath.
2026-04-13 14:35:34 [restartedMain] DEBUG [RxJava2OnClasspathCondition] - RxJava2 related Aspect extensions are not activated, because RxJava2 is not on the classpath.
2026-04-13 14:35:34 [restartedMain] DEBUG [ReactorOnClasspathCondition] - Reactor related Aspect extensions are not activated because Resilience4j Reactor module is not on the classpath.
2026-04-13 14:35:34 [restartedMain] DEBUG [RxJava2OnClasspathCondition] - RxJava2 related Aspect extensions are not activated, because RxJava2 is not on the classpath.
2026-04-13 14:35:34 [restartedMain] DEBUG [ReactorOnClasspathCondition] - Reactor related Aspect extensions are not activated because Resilience4j Reactor module is not on the classpath.
2026-04-13 14:35:34 [restartedMain] DEBUG [RxJava2OnClasspathCondition] - RxJava2 related Aspect extensions are not activated, because RxJava2 is not on the classpath.
2026-04-13 14:35:34 [restartedMain] DEBUG [ReactorOnClasspathCondition] - Reactor related Aspect extensions are not activated because Resilience4j Reactor module is not on the classpath.
2026-04-13 14:35:34 [restartedMain] DEBUG [RxJava2OnClasspathCondition] - RxJava2 related Aspect extensions are not activated, because RxJava2 is not on the classpath.
2026-04-13 14:35:34 [restartedMain] DEBUG [ReactorOnClasspathCondition] - Reactor related Aspect extensions are not activated because Resilience4j Reactor module is not on the classpath.
2026-04-13 14:35:34 [restartedMain] DEBUG [RxJava2OnClasspathCondition] - RxJava2 related Aspect extensions are not activated, because RxJava2 is not on the classpath.
2026-04-13 14:35:34 [restartedMain] DEBUG [ReactorOnClasspathCondition] - Reactor related Aspect extensions are not activated because Resilience4j Reactor module is not on the classpath.
2026-04-13 14:35:35 [restartedMain] WARN  [deprecation] - HHH90000025: MySQL8Dialect does not need to be specified explicitly using 'hibernate.dialect' (remove the property setting and it will be selected by default)
2026-04-13 14:35:35 [restartedMain] WARN  [deprecation] - HHH90000026: MySQL8Dialect has been deprecated; use org.hibernate.dialect.MySQLDialect instead
2026-04-13 14:35:36 [restartedMain] WARN  [JpaBaseConfiguration$JpaWebConfiguration] - spring.jpa.open-in-view is enabled by default. Therefore, database queries may be performed during view rendering. Explicitly configure spring.jpa.open-in-view to disable this warning
2026-04-13 14:35:36 [restartedMain] DEBUG [Mappings] - 
	c.c.Q.c.StudentController:
	{GET [/students]}: get(String,UserDto)
	{PUT [/students/{id}]}: update(Integer,UpdateEntityModel,String,UserDto)
	{GET [/students/filter]}: filter(Integer,String,String,Integer,Gender,String,String,Double,String,String,Boolean,String,UserDto)
	{DELETE [/students]}: delete(List,String,UserDto)
	{DELETE [/students/cache]}: clearCache(String,UserDto)
	{GET [/students/{userId}]}: getByUserId(Integer,String,UserDto)
	{GET [/students/by-class/{schoolClass}]}: getBySchoolClass(String,String,UserDto)
	{GET [/students/paged]}: getPaged(int,int,String,String,String,UserDto)
2026-04-13 14:35:36 [restartedMain] DEBUG [Mappings] - 
	o.s.b.a.w.s.e.BasicErrorController:
	{ [/error]}: error(HttpServletRequest)
	{ [/error], produces [text/html]}: errorHtml(HttpServletRequest,HttpServletResponse)
2026-04-13 14:35:36 [restartedMain] DEBUG [Mappings] - 'beanNameHandlerMapping' {}
2026-04-13 14:35:36 [restartedMain] DEBUG [Mappings] - 'resourceHandlerMapping' {/webjars/**=ResourceHttpRequestHandler [classpath [META-INF/resources/webjars/]], /**=ResourceHttpRequestHandler [classpath [META-INF/resources/], classpath [resources/], classpath [static/], classpath [public/], ServletContext [/]]}
2026-04-13 14:35:36 [restartedMain] WARN  [ThymeleafAutoConfiguration$DefaultTemplateResolverConfiguration] - Cannot find template location: classpath:/templates/ (please add some templates, check your Thymeleaf configuration, or set spring.thymeleaf.check-template-location=false)
2026-04-13 14:35:38 [restartedMain] INFO  [QlsvApplication] - Started QlsvApplication in 4.866 seconds (process running for 72.842)
2026-04-13 14:37:39 [restartedMain] INFO  [QlsvApplication] - Starting QlsvApplication using Java 17.0.12 with PID 5908 (D:\project IntelliJ Ultimate\modules-parent\qlsv\target\classes started by tranhuy in D:\project IntelliJ Ultimate\modules-parent\qlsv)
2026-04-13 14:37:39 [restartedMain] DEBUG [QlsvApplication] - Running with Spring Boot v3.5.0, Spring v6.2.7
2026-04-13 14:37:39 [restartedMain] INFO  [QlsvApplication] - No active profile set, falling back to 1 default profile: "default"
2026-04-13 14:37:40 [restartedMain] DEBUG [RxJava2OnClasspathCondition] - RxJava2 related Aspect extensions are not activated, because RxJava2 is not on the classpath.
2026-04-13 14:37:40 [restartedMain] DEBUG [ReactorOnClasspathCondition] - Reactor related Aspect extensions are not activated because Resilience4j Reactor module is not on the classpath.
2026-04-13 14:37:40 [restartedMain] DEBUG [RxJava2OnClasspathCondition] - RxJava2 related Aspect extensions are not activated, because RxJava2 is not on the classpath.
2026-04-13 14:37:40 [restartedMain] DEBUG [ReactorOnClasspathCondition] - Reactor related Aspect extensions are not activated because Resilience4j Reactor module is not on the classpath.
2026-04-13 14:37:40 [restartedMain] DEBUG [RxJava2OnClasspathCondition] - RxJava2 related Aspect extensions are not activated, because RxJava2 is not on the classpath.
2026-04-13 14:37:40 [restartedMain] DEBUG [ReactorOnClasspathCondition] - Reactor related Aspect extensions are not activated because Resilience4j Reactor module is not on the classpath.
2026-04-13 14:37:40 [restartedMain] DEBUG [RxJava2OnClasspathCondition] - RxJava2 related Aspect extensions are not activated, because RxJava2 is not on the classpath.
2026-04-13 14:37:40 [restartedMain] DEBUG [ReactorOnClasspathCondition] - Reactor related Aspect extensions are not activated because Resilience4j Reactor module is not on the classpath.
2026-04-13 14:37:40 [restartedMain] DEBUG [RxJava2OnClasspathCondition] - RxJava2 related Aspect extensions are not activated, because RxJava2 is not on the classpath.
2026-04-13 14:37:40 [restartedMain] DEBUG [ReactorOnClasspathCondition] - Reactor related Aspect extensions are not activated because Resilience4j Reactor module is not on the classpath.
2026-04-13 14:37:40 [restartedMain] DEBUG [RxJava2OnClasspathCondition] - RxJava2 related Aspect extensions are not activated, because RxJava2 is not on the classpath.
2026-04-13 14:37:40 [restartedMain] DEBUG [ReactorOnClasspathCondition] - Reactor related Aspect extensions are not activated because Resilience4j Reactor module is not on the classpath.
2026-04-13 14:37:40 [restartedMain] WARN  [deprecation] - HHH90000025: MySQL8Dialect does not need to be specified explicitly using 'hibernate.dialect' (remove the property setting and it will be selected by default)
2026-04-13 14:37:40 [restartedMain] WARN  [deprecation] - HHH90000026: MySQL8Dialect has been deprecated; use org.hibernate.dialect.MySQLDialect instead
2026-04-13 14:37:41 [restartedMain] WARN  [JpaBaseConfiguration$JpaWebConfiguration] - spring.jpa.open-in-view is enabled by default. Therefore, database queries may be performed during view rendering. Explicitly configure spring.jpa.open-in-view to disable this warning
2026-04-13 14:37:41 [restartedMain] DEBUG [Mappings] - 
	c.c.Q.c.StudentController:
	{GET [/students]}: get(String,UserDto)
	{PUT [/students/{id}]}: update(Integer,UpdateEntityModel,String,UserDto)
	{GET [/students/filter]}: filter(Integer,String,String,Integer,Gender,String,String,Double,String,String,Boolean,String,UserDto)
	{DELETE [/students]}: delete(List,String,UserDto)
	{DELETE [/students/cache]}: clearCache(String,UserDto)
	{GET [/students/{userId}]}: getByUserId(Integer,String,UserDto)
	{GET [/students/by-class/{schoolClass}]}: getBySchoolClass(String,String,UserDto)
	{GET [/students/paged]}: getPaged(int,int,String,String,String,UserDto)
2026-04-13 14:37:41 [restartedMain] DEBUG [Mappings] - 
	o.s.b.a.w.s.e.BasicErrorController:
	{ [/error]}: error(HttpServletRequest)
	{ [/error], produces [text/html]}: errorHtml(HttpServletRequest,HttpServletResponse)
2026-04-13 14:37:41 [restartedMain] DEBUG [Mappings] - 'beanNameHandlerMapping' {}
2026-04-13 14:37:41 [restartedMain] DEBUG [Mappings] - 'resourceHandlerMapping' {/webjars/**=ResourceHttpRequestHandler [classpath [META-INF/resources/webjars/]], /**=ResourceHttpRequestHandler [classpath [META-INF/resources/], classpath [resources/], classpath [static/], classpath [public/], ServletContext [/]]}
2026-04-13 14:37:42 [restartedMain] WARN  [ThymeleafAutoConfiguration$DefaultTemplateResolverConfiguration] - Cannot find template location: classpath:/templates/ (please add some templates, check your Thymeleaf configuration, or set spring.thymeleaf.check-template-location=false)
2026-04-13 14:37:43 [restartedMain] INFO  [QlsvApplication] - Started QlsvApplication in 4.264 seconds (process running for 198.14)
2026-04-13 14:37:48 [restartedMain] INFO  [QlsvApplication] - Starting QlsvApplication using Java 17.0.12 with PID 5908 (D:\project IntelliJ Ultimate\modules-parent\qlsv\target\classes started by tranhuy in D:\project IntelliJ Ultimate\modules-parent\qlsv)
2026-04-13 14:37:48 [restartedMain] DEBUG [QlsvApplication] - Running with Spring Boot v3.5.0, Spring v6.2.7
2026-04-13 14:37:48 [restartedMain] INFO  [QlsvApplication] - No active profile set, falling back to 1 default profile: "default"
2026-04-13 14:37:49 [restartedMain] DEBUG [RxJava2OnClasspathCondition] - RxJava2 related Aspect extensions are not activated, because RxJava2 is not on the classpath.
2026-04-13 14:37:49 [restartedMain] DEBUG [ReactorOnClasspathCondition] - Reactor related Aspect extensions are not activated because Resilience4j Reactor module is not on the classpath.
2026-04-13 14:37:49 [restartedMain] DEBUG [RxJava2OnClasspathCondition] - RxJava2 related Aspect extensions are not activated, because RxJava2 is not on the classpath.
2026-04-13 14:37:49 [restartedMain] DEBUG [ReactorOnClasspathCondition] - Reactor related Aspect extensions are not activated because Resilience4j Reactor module is not on the classpath.
2026-04-13 14:37:49 [restartedMain] DEBUG [RxJava2OnClasspathCondition] - RxJava2 related Aspect extensions are not activated, because RxJava2 is not on the classpath.
2026-04-13 14:37:49 [restartedMain] DEBUG [ReactorOnClasspathCondition] - Reactor related Aspect extensions are not activated because Resilience4j Reactor module is not on the classpath.
2026-04-13 14:37:49 [restartedMain] DEBUG [RxJava2OnClasspathCondition] - RxJava2 related Aspect extensions are not activated, because RxJava2 is not on the classpath.
2026-04-13 14:37:49 [restartedMain] DEBUG [ReactorOnClasspathCondition] - Reactor related Aspect extensions are not activated because Resilience4j Reactor module is not on the classpath.
2026-04-13 14:37:49 [restartedMain] DEBUG [RxJava2OnClasspathCondition] - RxJava2 related Aspect extensions are not activated, because RxJava2 is not on the classpath.
2026-04-13 14:37:49 [restartedMain] DEBUG [ReactorOnClasspathCondition] - Reactor related Aspect extensions are not activated because Resilience4j Reactor module is not on the classpath.
2026-04-13 14:37:49 [restartedMain] DEBUG [RxJava2OnClasspathCondition] - RxJava2 related Aspect extensions are not activated, because RxJava2 is not on the classpath.
2026-04-13 14:37:49 [restartedMain] DEBUG [ReactorOnClasspathCondition] - Reactor related Aspect extensions are not activated because Resilience4j Reactor module is not on the classpath.
2026-04-13 14:37:50 [restartedMain] WARN  [deprecation] - HHH90000025: MySQL8Dialect does not need to be specified explicitly using 'hibernate.dialect' (remove the property setting and it will be selected by default)
2026-04-13 14:37:50 [restartedMain] WARN  [deprecation] - HHH90000026: MySQL8Dialect has been deprecated; use org.hibernate.dialect.MySQLDialect instead
2026-04-13 14:37:51 [restartedMain] WARN  [JpaBaseConfiguration$JpaWebConfiguration] - spring.jpa.open-in-view is enabled by default. Therefore, database queries may be performed during view rendering. Explicitly configure spring.jpa.open-in-view to disable this warning
2026-04-13 14:37:51 [restartedMain] DEBUG [Mappings] - 
	c.c.Q.c.StudentController:
	{GET [/students]}: get(String,UserDto)
	{PUT [/students/{id}]}: update(Integer,UpdateEntityModel,String,UserDto)
	{GET [/students/filter]}: filter(Integer,String,String,Integer,Gender,String,String,Double,String,String,Boolean,String,UserDto)
	{DELETE [/students]}: delete(List,String,UserDto)
	{DELETE [/students/cache]}: clearCache(String,UserDto)
	{GET [/students/{userId}]}: getByUserId(Integer,String,UserDto)
	{GET [/students/by-class/{schoolClass}]}: getBySchoolClass(String,String,UserDto)
	{GET [/students/paged]}: getPaged(int,int,String,String,String,UserDto)
2026-04-13 14:37:51 [restartedMain] DEBUG [Mappings] - 
	o.s.b.a.w.s.e.BasicErrorController:
	{ [/error]}: error(HttpServletRequest)
	{ [/error], produces [text/html]}: errorHtml(HttpServletRequest,HttpServletResponse)
2026-04-13 14:37:51 [restartedMain] DEBUG [Mappings] - 'beanNameHandlerMapping' {}
2026-04-13 14:37:51 [restartedMain] DEBUG [Mappings] - 'resourceHandlerMapping' {/webjars/**=ResourceHttpRequestHandler [classpath [META-INF/resources/webjars/]], /**=ResourceHttpRequestHandler [classpath [META-INF/resources/], classpath [resources/], classpath [static/], classpath [public/], ServletContext [/]]}
2026-04-13 14:37:51 [restartedMain] WARN  [ThymeleafAutoConfiguration$DefaultTemplateResolverConfiguration] - Cannot find template location: classpath:/templates/ (please add some templates, check your Thymeleaf configuration, or set spring.thymeleaf.check-template-location=false)
2026-04-13 14:37:53 [restartedMain] INFO  [QlsvApplication] - Started QlsvApplication in 4.679 seconds (process running for 207.915)
2026-04-13 14:38:24 [restartedMain] INFO  [QlsvApplication] - Starting QlsvApplication using Java 17.0.12 with PID 5908 (D:\project IntelliJ Ultimate\modules-parent\qlsv\target\classes started by tranhuy in D:\project IntelliJ Ultimate\modules-parent\qlsv)
2026-04-13 14:38:24 [restartedMain] DEBUG [QlsvApplication] - Running with Spring Boot v3.5.0, Spring v6.2.7
2026-04-13 14:38:24 [restartedMain] INFO  [QlsvApplication] - No active profile set, falling back to 1 default profile: "default"
2026-04-13 14:38:25 [restartedMain] DEBUG [RxJava2OnClasspathCondition] - RxJava2 related Aspect extensions are not activated, because RxJava2 is not on the classpath.
2026-04-13 14:38:25 [restartedMain] DEBUG [ReactorOnClasspathCondition] - Reactor related Aspect extensions are not activated because Resilience4j Reactor module is not on the classpath.
2026-04-13 14:38:25 [restartedMain] DEBUG [RxJava2OnClasspathCondition] - RxJava2 related Aspect extensions are not activated, because RxJava2 is not on the classpath.
2026-04-13 14:38:25 [restartedMain] DEBUG [ReactorOnClasspathCondition] - Reactor related Aspect extensions are not activated because Resilience4j Reactor module is not on the classpath.
2026-04-13 14:38:25 [restartedMain] DEBUG [RxJava2OnClasspathCondition] - RxJava2 related Aspect extensions are not activated, because RxJava2 is not on the classpath.
2026-04-13 14:38:25 [restartedMain] DEBUG [ReactorOnClasspathCondition] - Reactor related Aspect extensions are not activated because Resilience4j Reactor module is not on the classpath.
2026-04-13 14:38:25 [restartedMain] DEBUG [RxJava2OnClasspathCondition] - RxJava2 related Aspect extensions are not activated, because RxJava2 is not on the classpath.
2026-04-13 14:38:25 [restartedMain] DEBUG [ReactorOnClasspathCondition] - Reactor related Aspect extensions are not activated because Resilience4j Reactor module is not on the classpath.
2026-04-13 14:38:25 [restartedMain] DEBUG [RxJava2OnClasspathCondition] - RxJava2 related Aspect extensions are not activated, because RxJava2 is not on the classpath.
2026-04-13 14:38:25 [restartedMain] DEBUG [ReactorOnClasspathCondition] - Reactor related Aspect extensions are not activated because Resilience4j Reactor module is not on the classpath.
2026-04-13 14:38:25 [restartedMain] DEBUG [RxJava2OnClasspathCondition] - RxJava2 related Aspect extensions are not activated, because RxJava2 is not on the classpath.
2026-04-13 14:38:25 [restartedMain] DEBUG [ReactorOnClasspathCondition] - Reactor related Aspect extensions are not activated because Resilience4j Reactor module is not on the classpath.
2026-04-13 14:38:26 [restartedMain] WARN  [deprecation] - HHH90000025: MySQL8Dialect does not need to be specified explicitly using 'hibernate.dialect' (remove the property setting and it will be selected by default)
2026-04-13 14:38:26 [restartedMain] WARN  [deprecation] - HHH90000026: MySQL8Dialect has been deprecated; use org.hibernate.dialect.MySQLDialect instead
2026-04-13 14:38:27 [restartedMain] WARN  [JpaBaseConfiguration$JpaWebConfiguration] - spring.jpa.open-in-view is enabled by default. Therefore, database queries may be performed during view rendering. Explicitly configure spring.jpa.open-in-view to disable this warning
2026-04-13 14:38:27 [restartedMain] DEBUG [Mappings] - 
	c.c.Q.c.StudentController:
	{GET [/students]}: get(String,UserDto)
	{PUT [/students/{id}]}: update(Integer,UpdateEntityModel,String,UserDto)
	{GET [/students/filter]}: filter(Integer,String,String,Integer,Gender,String,String,Double,String,String,Boolean,String,UserDto)
	{DELETE [/students]}: delete(List,String,UserDto)
	{DELETE [/students/cache]}: clearCache(String,UserDto)
	{GET [/students/{userId}]}: getByUserId(Integer,String,UserDto)
	{GET [/students/by-class/{schoolClass}]}: getBySchoolClass(String,String,UserDto)
	{GET [/students/paged]}: getPaged(int,int,String,String,String,UserDto)
2026-04-13 14:38:27 [restartedMain] DEBUG [Mappings] - 
	o.s.b.a.w.s.e.BasicErrorController:
	{ [/error]}: error(HttpServletRequest)
	{ [/error], produces [text/html]}: errorHtml(HttpServletRequest,HttpServletResponse)
2026-04-13 14:38:27 [restartedMain] DEBUG [Mappings] - 'beanNameHandlerMapping' {}
2026-04-13 14:38:27 [restartedMain] DEBUG [Mappings] - 'resourceHandlerMapping' {/webjars/**=ResourceHttpRequestHandler [classpath [META-INF/resources/webjars/]], /**=ResourceHttpRequestHandler [classpath [META-INF/resources/], classpath [resources/], classpath [static/], classpath [public/], ServletContext [/]]}
2026-04-13 14:38:27 [restartedMain] WARN  [ThymeleafAutoConfiguration$DefaultTemplateResolverConfiguration] - Cannot find template location: classpath:/templates/ (please add some templates, check your Thymeleaf configuration, or set spring.thymeleaf.check-template-location=false)
2026-04-13 14:38:28 [restartedMain] INFO  [QlsvApplication] - Started QlsvApplication in 4.046 seconds (process running for 243.64)
2026-04-13 14:38:52 [restartedMain] INFO  [QlsvApplication] - Starting QlsvApplication using Java 17.0.12 with PID 5908 (D:\project IntelliJ Ultimate\modules-parent\qlsv\target\classes started by tranhuy in D:\project IntelliJ Ultimate\modules-parent\qlsv)
2026-04-13 14:38:52 [restartedMain] DEBUG [QlsvApplication] - Running with Spring Boot v3.5.0, Spring v6.2.7
2026-04-13 14:38:52 [restartedMain] INFO  [QlsvApplication] - No active profile set, falling back to 1 default profile: "default"
2026-04-13 14:38:53 [restartedMain] DEBUG [RxJava2OnClasspathCondition] - RxJava2 related Aspect extensions are not activated, because RxJava2 is not on the classpath.
2026-04-13 14:38:53 [restartedMain] DEBUG [ReactorOnClasspathCondition] - Reactor related Aspect extensions are not activated because Resilience4j Reactor module is not on the classpath.
2026-04-13 14:38:53 [restartedMain] DEBUG [RxJava2OnClasspathCondition] - RxJava2 related Aspect extensions are not activated, because RxJava2 is not on the classpath.
2026-04-13 14:38:53 [restartedMain] DEBUG [ReactorOnClasspathCondition] - Reactor related Aspect extensions are not activated because Resilience4j Reactor module is not on the classpath.
2026-04-13 14:38:53 [restartedMain] DEBUG [RxJava2OnClasspathCondition] - RxJava2 related Aspect extensions are not activated, because RxJava2 is not on the classpath.
2026-04-13 14:38:53 [restartedMain] DEBUG [ReactorOnClasspathCondition] - Reactor related Aspect extensions are not activated because Resilience4j Reactor module is not on the classpath.
2026-04-13 14:38:53 [restartedMain] DEBUG [RxJava2OnClasspathCondition] - RxJava2 related Aspect extensions are not activated, because RxJava2 is not on the classpath.
2026-04-13 14:38:53 [restartedMain] DEBUG [ReactorOnClasspathCondition] - Reactor related Aspect extensions are not activated because Resilience4j Reactor module is not on the classpath.
2026-04-13 14:38:53 [restartedMain] DEBUG [RxJava2OnClasspathCondition] - RxJava2 related Aspect extensions are not activated, because RxJava2 is not on the classpath.
2026-04-13 14:38:53 [restartedMain] DEBUG [ReactorOnClasspathCondition] - Reactor related Aspect extensions are not activated because Resilience4j Reactor module is not on the classpath.
2026-04-13 14:38:53 [restartedMain] DEBUG [RxJava2OnClasspathCondition] - RxJava2 related Aspect extensions are not activated, because RxJava2 is not on the classpath.
2026-04-13 14:38:53 [restartedMain] DEBUG [ReactorOnClasspathCondition] - Reactor related Aspect extensions are not activated because Resilience4j Reactor module is not on the classpath.
2026-04-13 14:38:54 [restartedMain] WARN  [deprecation] - HHH90000025: MySQL8Dialect does not need to be specified explicitly using 'hibernate.dialect' (remove the property setting and it will be selected by default)
2026-04-13 14:38:54 [restartedMain] WARN  [deprecation] - HHH90000026: MySQL8Dialect has been deprecated; use org.hibernate.dialect.MySQLDialect instead
2026-04-13 14:38:55 [restartedMain] WARN  [JpaBaseConfiguration$JpaWebConfiguration] - spring.jpa.open-in-view is enabled by default. Therefore, database queries may be performed during view rendering. Explicitly configure spring.jpa.open-in-view to disable this warning
2026-04-13 14:38:56 [restartedMain] DEBUG [Mappings] - 
	c.c.Q.c.StudentController:
	{GET [/students]}: get(String,UserDto)
	{PUT [/students/{id}]}: update(Integer,UpdateEntityModel,String,UserDto)
	{GET [/students/filter]}: filter(Integer,String,String,Integer,Gender,String,String,Double,String,String,Boolean,String,UserDto)
	{DELETE [/students]}: delete(List,String,UserDto)
	{DELETE [/students/cache]}: clearCache(String,UserDto)
	{GET [/students/{userId}]}: getByUserId(Integer,String,UserDto)
	{GET [/students/by-class/{schoolClass}]}: getBySchoolClass(String,String,UserDto)
	{GET [/students/paged]}: getPaged(int,int,String,String,String,UserDto)
2026-04-13 14:38:56 [restartedMain] DEBUG [Mappings] - 
	o.s.b.a.w.s.e.BasicErrorController:
	{ [/error]}: error(HttpServletRequest)
	{ [/error], produces [text/html]}: errorHtml(HttpServletRequest,HttpServletResponse)
2026-04-13 14:38:56 [restartedMain] DEBUG [Mappings] - 'beanNameHandlerMapping' {}
2026-04-13 14:38:56 [restartedMain] DEBUG [Mappings] - 'resourceHandlerMapping' {/webjars/**=ResourceHttpRequestHandler [classpath [META-INF/resources/webjars/]], /**=ResourceHttpRequestHandler [classpath [META-INF/resources/], classpath [resources/], classpath [static/], classpath [public/], ServletContext [/]]}
2026-04-13 14:38:56 [restartedMain] WARN  [ThymeleafAutoConfiguration$DefaultTemplateResolverConfiguration] - Cannot find template location: classpath:/templates/ (please add some templates, check your Thymeleaf configuration, or set spring.thymeleaf.check-template-location=false)
2026-04-13 14:38:58 [restartedMain] INFO  [QlsvApplication] - Started QlsvApplication in 5.84 seconds (process running for 273.019)
2026-04-13 14:41:05 [restartedMain] INFO  [QlsvApplication] - Starting QlsvApplication using Java 17.0.12 with PID 5908 (D:\project IntelliJ Ultimate\modules-parent\qlsv\target\classes started by tranhuy in D:\project IntelliJ Ultimate\modules-parent\qlsv)
2026-04-13 14:41:05 [restartedMain] DEBUG [QlsvApplication] - Running with Spring Boot v3.5.0, Spring v6.2.7
2026-04-13 14:41:05 [restartedMain] INFO  [QlsvApplication] - No active profile set, falling back to 1 default profile: "default"
2026-04-13 14:41:05 [restartedMain] DEBUG [RxJava2OnClasspathCondition] - RxJava2 related Aspect extensions are not activated, because RxJava2 is not on the classpath.
2026-04-13 14:41:05 [restartedMain] DEBUG [ReactorOnClasspathCondition] - Reactor related Aspect extensions are not activated because Resilience4j Reactor module is not on the classpath.
2026-04-13 14:41:05 [restartedMain] DEBUG [RxJava2OnClasspathCondition] - RxJava2 related Aspect extensions are not activated, because RxJava2 is not on the classpath.
2026-04-13 14:41:05 [restartedMain] DEBUG [ReactorOnClasspathCondition] - Reactor related Aspect extensions are not activated because Resilience4j Reactor module is not on the classpath.
2026-04-13 14:41:05 [restartedMain] DEBUG [RxJava2OnClasspathCondition] - RxJava2 related Aspect extensions are not activated, because RxJava2 is not on the classpath.
2026-04-13 14:41:05 [restartedMain] DEBUG [ReactorOnClasspathCondition] - Reactor related Aspect extensions are not activated because Resilience4j Reactor module is not on the classpath.
2026-04-13 14:41:05 [restartedMain] DEBUG [RxJava2OnClasspathCondition] - RxJava2 related Aspect extensions are not activated, because RxJava2 is not on the classpath.
2026-04-13 14:41:05 [restartedMain] DEBUG [ReactorOnClasspathCondition] - Reactor related Aspect extensions are not activated because Resilience4j Reactor module is not on the classpath.
2026-04-13 14:41:05 [restartedMain] DEBUG [RxJava2OnClasspathCondition] - RxJava2 related Aspect extensions are not activated, because RxJava2 is not on the classpath.
2026-04-13 14:41:05 [restartedMain] DEBUG [ReactorOnClasspathCondition] - Reactor related Aspect extensions are not activated because Resilience4j Reactor module is not on the classpath.
2026-04-13 14:41:05 [restartedMain] DEBUG [RxJava2OnClasspathCondition] - RxJava2 related Aspect extensions are not activated, because RxJava2 is not on the classpath.
2026-04-13 14:41:05 [restartedMain] DEBUG [ReactorOnClasspathCondition] - Reactor related Aspect extensions are not activated because Resilience4j Reactor module is not on the classpath.
2026-04-13 14:41:07 [restartedMain] WARN  [deprecation] - HHH90000025: MySQL8Dialect does not need to be specified explicitly using 'hibernate.dialect' (remove the property setting and it will be selected by default)
2026-04-13 14:41:07 [restartedMain] WARN  [deprecation] - HHH90000026: MySQL8Dialect has been deprecated; use org.hibernate.dialect.MySQLDialect instead
2026-04-13 14:41:09 [restartedMain] WARN  [JpaBaseConfiguration$JpaWebConfiguration] - spring.jpa.open-in-view is enabled by default. Therefore, database queries may be performed during view rendering. Explicitly configure spring.jpa.open-in-view to disable this warning
2026-04-13 14:41:09 [restartedMain] DEBUG [Mappings] - 
	c.c.Q.c.StudentController:
	{GET [/students]}: get(String,UserDto)
	{PUT [/students/{id}]}: update(Integer,UpdateEntityModel,String,UserDto)
	{GET [/students/filter]}: filter(Integer,String,String,Integer,Gender,String,String,Double,String,String,Boolean,String,UserDto)
	{DELETE [/students]}: delete(List,String,UserDto)
	{DELETE [/students/cache]}: clearCache(String,UserDto)
	{GET [/students/{userId}]}: getByUserId(Integer,String,UserDto)
	{GET [/students/by-class/{schoolClass}]}: getBySchoolClass(String,String,UserDto)
	{GET [/students/paged]}: getPaged(int,int,String,String,String,UserDto)
2026-04-13 14:41:09 [restartedMain] DEBUG [Mappings] - 
	o.s.b.a.w.s.e.BasicErrorController:
	{ [/error]}: error(HttpServletRequest)
	{ [/error], produces [text/html]}: errorHtml(HttpServletRequest,HttpServletResponse)
2026-04-13 14:41:09 [restartedMain] DEBUG [Mappings] - 'beanNameHandlerMapping' {}
2026-04-13 14:41:09 [restartedMain] DEBUG [Mappings] - 'resourceHandlerMapping' {/webjars/**=ResourceHttpRequestHandler [classpath [META-INF/resources/webjars/]], /**=ResourceHttpRequestHandler [classpath [META-INF/resources/], classpath [resources/], classpath [static/], classpath [public/], ServletContext [/]]}
2026-04-13 14:41:09 [restartedMain] WARN  [ThymeleafAutoConfiguration$DefaultTemplateResolverConfiguration] - Cannot find template location: classpath:/templates/ (please add some templates, check your Thymeleaf configuration, or set spring.thymeleaf.check-template-location=false)
2026-04-13 14:41:11 [restartedMain] INFO  [QlsvApplication] - Started QlsvApplication in 6.344 seconds (process running for 406.215)
2026-04-13 14:41:49 [restartedMain] INFO  [QlsvApplication] - Starting QlsvApplication using Java 17.0.12 with PID 5908 (D:\project IntelliJ Ultimate\modules-parent\qlsv\target\classes started by tranhuy in D:\project IntelliJ Ultimate\modules-parent\qlsv)
2026-04-13 14:41:49 [restartedMain] DEBUG [QlsvApplication] - Running with Spring Boot v3.5.0, Spring v6.2.7
2026-04-13 14:41:49 [restartedMain] INFO  [QlsvApplication] - No active profile set, falling back to 1 default profile: "default"
2026-04-13 14:41:49 [restartedMain] DEBUG [RxJava2OnClasspathCondition] - RxJava2 related Aspect extensions are not activated, because RxJava2 is not on the classpath.
2026-04-13 14:41:49 [restartedMain] DEBUG [ReactorOnClasspathCondition] - Reactor related Aspect extensions are not activated because Resilience4j Reactor module is not on the classpath.
2026-04-13 14:41:49 [restartedMain] DEBUG [RxJava2OnClasspathCondition] - RxJava2 related Aspect extensions are not activated, because RxJava2 is not on the classpath.
2026-04-13 14:41:49 [restartedMain] DEBUG [ReactorOnClasspathCondition] - Reactor related Aspect extensions are not activated because Resilience4j Reactor module is not on the classpath.
2026-04-13 14:41:49 [restartedMain] DEBUG [RxJava2OnClasspathCondition] - RxJava2 related Aspect extensions are not activated, because RxJava2 is not on the classpath.
2026-04-13 14:41:49 [restartedMain] DEBUG [ReactorOnClasspathCondition] - Reactor related Aspect extensions are not activated because Resilience4j Reactor module is not on the classpath.
2026-04-13 14:41:49 [restartedMain] DEBUG [RxJava2OnClasspathCondition] - RxJava2 related Aspect extensions are not activated, because RxJava2 is not on the classpath.
2026-04-13 14:41:49 [restartedMain] DEBUG [ReactorOnClasspathCondition] - Reactor related Aspect extensions are not activated because Resilience4j Reactor module is not on the classpath.
2026-04-13 14:41:49 [restartedMain] DEBUG [RxJava2OnClasspathCondition] - RxJava2 related Aspect extensions are not activated, because RxJava2 is not on the classpath.
2026-04-13 14:41:49 [restartedMain] DEBUG [ReactorOnClasspathCondition] - Reactor related Aspect extensions are not activated because Resilience4j Reactor module is not on the classpath.
2026-04-13 14:41:49 [restartedMain] DEBUG [RxJava2OnClasspathCondition] - RxJava2 related Aspect extensions are not activated, because RxJava2 is not on the classpath.
2026-04-13 14:41:49 [restartedMain] DEBUG [ReactorOnClasspathCondition] - Reactor related Aspect extensions are not activated because Resilience4j Reactor module is not on the classpath.
2026-04-13 14:41:50 [restartedMain] WARN  [deprecation] - HHH90000025: MySQL8Dialect does not need to be specified explicitly using 'hibernate.dialect' (remove the property setting and it will be selected by default)
2026-04-13 14:41:50 [restartedMain] WARN  [deprecation] - HHH90000026: MySQL8Dialect has been deprecated; use org.hibernate.dialect.MySQLDialect instead
2026-04-13 14:41:51 [restartedMain] WARN  [JpaBaseConfiguration$JpaWebConfiguration] - spring.jpa.open-in-view is enabled by default. Therefore, database queries may be performed during view rendering. Explicitly configure spring.jpa.open-in-view to disable this warning
2026-04-13 14:41:51 [restartedMain] DEBUG [Mappings] - 
	c.c.Q.c.StudentController:
	{GET [/students]}: get(String,UserDto)
	{PUT [/students/{id}]}: update(Integer,UpdateEntityModel,String,UserDto)
	{GET [/students/filter]}: filter(Integer,String,String,Integer,Gender,String,String,Double,String,String,Boolean,String,UserDto)
	{DELETE [/students]}: delete(List,String,UserDto)
	{DELETE [/students/cache]}: clearCache(String,UserDto)
	{GET [/students/{userId}]}: getByUserId(Integer,String,UserDto)
	{GET [/students/by-class/{schoolClass}]}: getBySchoolClass(String,String,UserDto)
	{GET [/students/paged]}: getPaged(int,int,String,String,String,UserDto)
2026-04-13 14:41:51 [restartedMain] DEBUG [Mappings] - 
	o.s.b.a.w.s.e.BasicErrorController:
	{ [/error]}: error(HttpServletRequest)
	{ [/error], produces [text/html]}: errorHtml(HttpServletRequest,HttpServletResponse)
2026-04-13 14:41:51 [restartedMain] DEBUG [Mappings] - 'beanNameHandlerMapping' {}
2026-04-13 14:41:51 [restartedMain] DEBUG [Mappings] - 'resourceHandlerMapping' {/webjars/**=ResourceHttpRequestHandler [classpath [META-INF/resources/webjars/]], /**=ResourceHttpRequestHandler [classpath [META-INF/resources/], classpath [resources/], classpath [static/], classpath [public/], ServletContext [/]]}
2026-04-13 14:41:52 [restartedMain] WARN  [ThymeleafAutoConfiguration$DefaultTemplateResolverConfiguration] - Cannot find template location: classpath:/templates/ (please add some templates, check your Thymeleaf configuration, or set spring.thymeleaf.check-template-location=false)
2026-04-13 14:41:53 [restartedMain] INFO  [QlsvApplication] - Started QlsvApplication in 4.199 seconds (process running for 447.883)
